ISO-10303-21;
HEADER;
FILE_DESCRIPTION(('Open CASCADE Model'),'2;1');
FILE_NAME('Open CASCADE Shape Model','2026-10-06T14:09:50',('Author'),(
    'Open CASCADE'),'Open CASCADE STEP processor 6.2','Open CASCADE 6.2'
  ,'Unknown');
FILE_SCHEMA(('AUTOMOTIVE_DESIGN_CC2 { 1 2 10303 214 -1 1 5 4 }'));
ENDSEC;
DATA;
#1 = APPLICATION_PROTOCOL_DEFINITION('committee draft',
  'automotive_design',1997,#2);
#2 = APPLICATION_CONTEXT(
  'core data for automotive mechanical design processes');
#3 = SHAPE_DEFINITION_REPRESENTATION(#4,#10);
#4 = PRODUCT_DEFINITION_SHAPE('','',#5);
#5 = PRODUCT_DEFINITION('design','',#6,#9);
#6 = PRODUCT_DEFINITION_FORMATION('','',#7);
#7 = PRODUCT('PCB','PCB','',(#8));
#8 = MECHANICAL_CONTEXT('',#2,'mechanical');
#9 = PRODUCT_DEFINITION_CONTEXT('part definition',#2,'design');
#10 = SHAPE_REPRESENTATION('',(#11,#15),#19);
#11 = AXIS2_PLACEMENT_3D('',#12,#13,#14);
#12 = CARTESIAN_POINT('',(0.E+000,0.E+000,0.E+000));
#13 = DIRECTION('',(0.E+000,0.E+000,1.));
#14 = DIRECTION('',(1.,0.E+000,0.E+000));
#15 = AXIS2_PLACEMENT_3D('',#16,#17,#18);
#16 = CARTESIAN_POINT('',(0.E+000,0.E+000,-1.13284));
#17 = DIRECTION('',(0.E+000,0.E+000,1.));
#18 = DIRECTION('',(1.,0.E+000,0.E+000));
#19 = ( GEOMETRIC_REPRESENTATION_CONTEXT(3) 
GLOBAL_UNCERTAINTY_ASSIGNED_CONTEXT((#23)) GLOBAL_UNIT_ASSIGNED_CONTEXT(
(#20,#21,#22)) REPRESENTATION_CONTEXT('Context #1',
  '3D Context with UNIT and UNCERTAINTY') );
#20 = ( LENGTH_UNIT() NAMED_UNIT(*) SI_UNIT(.MILLI.,.METRE.) );
#21 = ( NAMED_UNIT(*) PLANE_ANGLE_UNIT() SI_UNIT($,.RADIAN.) );
#22 = ( NAMED_UNIT(*) SI_UNIT($,.STERADIAN.) SOLID_ANGLE_UNIT() );
#23 = UNCERTAINTY_MEASURE_WITH_UNIT(LENGTH_MEASURE(1.E-007),#20,
  'distance_accuracy_value','confusion accuracy');
#24 = PRODUCT_TYPE('part',$,(#7));
#25 = ADVANCED_BREP_SHAPE_REPRESENTATION('',(#11,#26),#8084);
#26 = MANIFOLD_SOLID_BREP('',#27);
#27 = CLOSED_SHELL('',(#28,#148,#224,#295,#342,#428,#514,#600,#686,#772,
    #858,#944,#1030,#1116,#1202,#1288,#1374,#1460,#1546,#1632,#1718,
    #1804,#1890,#1976,#2062,#2148,#2234,#2320,#2406,#2492,#2578,#2664,
    #2750,#2836,#2922,#3008,#3094,#3180,#3266,#3352,#3438,#3524,#3610,
    #3696,#3782,#3868,#3954,#4040,#4126,#4212,#4298,#4384,#4470,#4556,
    #4642,#4728,#4814,#4900,#4986,#5072,#5158,#5244,#5330,#5416,#5502,
    #5588,#5674,#5760,#5846,#5932,#6018,#6104,#6190,#6276,#6362,#6448,
    #6534,#6620,#6706,#6792,#6878,#6964,#7050,#7136,#7222,#7308,#7394,
    #7480,#7566,#7825));
#28 = ADVANCED_FACE('',(#29),#43,.F.);
#29 = FACE_BOUND('',#30,.F.);
#30 = EDGE_LOOP('',(#31,#66,#94,#122));
#31 = ORIENTED_EDGE('',*,*,#32,.T.);
#32 = EDGE_CURVE('',#33,#35,#37,.T.);
#33 = VERTEX_POINT('',#34);
#34 = CARTESIAN_POINT('',(0.E+000,-0.127,0.E+000));
#35 = VERTEX_POINT('',#36);
#36 = CARTESIAN_POINT('',(0.E+000,-0.127,1.13284));
#37 = SURFACE_CURVE('',#38,(#42,#54),.PCURVE_S1.);
#38 = LINE('',#39,#40);
#39 = CARTESIAN_POINT('',(0.E+000,-0.127,0.E+000));
#40 = VECTOR('',#41,1.);
#41 = DIRECTION('',(0.E+000,0.E+000,1.));
#42 = PCURVE('',#43,#48);
#43 = PLANE('',#44);
#44 = AXIS2_PLACEMENT_3D('',#45,#46,#47);
#45 = CARTESIAN_POINT('',(0.E+000,-0.127,0.E+000));
#46 = DIRECTION('',(0.E+000,1.,0.E+000));
#47 = DIRECTION('',(1.,0.E+000,0.E+000));
#48 = DEFINITIONAL_REPRESENTATION('',(#49),#53);
#49 = LINE('',#50,#51);
#50 = CARTESIAN_POINT('',(0.E+000,0.E+000));
#51 = VECTOR('',#52,1.);
#52 = DIRECTION('',(0.E+000,-1.));
#53 = ( GEOMETRIC_REPRESENTATION_CONTEXT(2) 
PARAMETRIC_REPRESENTATION_CONTEXT() REPRESENTATION_CONTEXT('2D SPACE',''
  ) );
#54 = PCURVE('',#55,#60);
#55 = PLANE('',#56);
#56 = AXIS2_PLACEMENT_3D('',#57,#58,#59);
#57 = CARTESIAN_POINT('',(0.E+000,80.00000002,0.E+000));
#58 = DIRECTION('',(1.,0.E+000,0.E+000));
#59 = DIRECTION('',(0.E+000,-1.,0.E+000));
#60 = DEFINITIONAL_REPRESENTATION('',(#61),#65);
#61 = LINE('',#62,#63);
#62 = CARTESIAN_POINT('',(80.12700002,0.E+000));
#63 = VECTOR('',#64,1.);
#64 = DIRECTION('',(0.E+000,-1.));
#65 = ( GEOMETRIC_REPRESENTATION_CONTEXT(2) 
PARAMETRIC_REPRESENTATION_CONTEXT() REPRESENTATION_CONTEXT('2D SPACE',''
  ) );
#66 = ORIENTED_EDGE('',*,*,#67,.T.);
#67 = EDGE_CURVE('',#35,#68,#70,.T.);
#68 = VERTEX_POINT('',#69);
#69 = CARTESIAN_POINT('',(80.00000002,-0.127,1.13284));
#70 = SURFACE_CURVE('',#71,(#75,#82),.PCURVE_S1.);
#71 = LINE('',#72,#73);
#72 = CARTESIAN_POINT('',(0.E+000,-0.127,1.13284));
#73 = VECTOR('',#74,1.);
#74 = DIRECTION('',(1.,0.E+000,0.E+000));
#75 = PCURVE('',#43,#76);
#76 = DEFINITIONAL_REPRESENTATION('',(#77),#81);
#77 = LINE('',#78,#79);
#78 = CARTESIAN_POINT('',(0.E+000,-1.13284));
#79 = VECTOR('',#80,1.);
#80 = DIRECTION('',(1.,0.E+000));
#81 = ( GEOMETRIC_REPRESENTATION_CONTEXT(2) 
PARAMETRIC_REPRESENTATION_CONTEXT() REPRESENTATION_CONTEXT('2D SPACE',''
  ) );
#82 = PCURVE('',#83,#88);
#83 = PLANE('',#84);
#84 = AXIS2_PLACEMENT_3D('',#85,#86,#87);
#85 = CARTESIAN_POINT('',(0.E+000,-0.127,1.13284));
#86 = DIRECTION('',(0.E+000,0.E+000,-1.));
#87 = DIRECTION('',(-1.,0.E+000,0.E+000));
#88 = DEFINITIONAL_REPRESENTATION('',(#89),#93);
#89 = LINE('',#90,#91);
#90 = CARTESIAN_POINT('',(0.E+000,0.E+000));
#91 = VECTOR('',#92,1.);
#92 = DIRECTION('',(-1.,0.E+000));
#93 = ( GEOMETRIC_REPRESENTATION_CONTEXT(2) 
PARAMETRIC_REPRESENTATION_CONTEXT() REPRESENTATION_CONTEXT('2D SPACE',''
  ) );
#94 = ORIENTED_EDGE('',*,*,#95,.F.);
#95 = EDGE_CURVE('',#96,#68,#98,.T.);
#96 = VERTEX_POINT('',#97);
#97 = CARTESIAN_POINT('',(80.00000002,-0.127,0.E+000));
#98 = SURFACE_CURVE('',#99,(#103,#110),.PCURVE_S1.);
#99 = LINE('',#100,#101);
#100 = CARTESIAN_POINT('',(80.00000002,-0.127,0.E+000));
#101 = VECTOR('',#102,1.);
#102 = DIRECTION('',(0.E+000,0.E+000,1.));
#103 = PCURVE('',#43,#104);
#104 = DEFINITIONAL_REPRESENTATION('',(#105),#109);
#105 = LINE('',#106,#107);
#106 = CARTESIAN_POINT('',(80.00000002,0.E+000));
#107 = VECTOR('',#108,1.);
#108 = DIRECTION('',(0.E+000,-1.));
#109 = ( GEOMETRIC_REPRESENTATION_CONTEXT(2) 
PARAMETRIC_REPRESENTATION_CONTEXT() REPRESENTATION_CONTEXT('2D SPACE',''
  ) );
#110 = PCURVE('',#111,#116);
#111 = PLANE('',#112);
#112 = AXIS2_PLACEMENT_3D('',#113,#114,#115);
#113 = CARTESIAN_POINT('',(80.00000002,-0.127,0.E+000));
#114 = DIRECTION('',(-1.,0.E+000,0.E+000));
#115 = DIRECTION('',(0.E+000,1.,0.E+000));
#116 = DEFINITIONAL_REPRESENTATION('',(#117),#121);
#117 = LINE('',#118,#119);
#118 = CARTESIAN_POINT('',(0.E+000,0.E+000));
#119 = VECTOR('',#120,1.);
#120 = DIRECTION('',(0.E+000,-1.));
#121 = ( GEOMETRIC_REPRESENTATION_CONTEXT(2) 
PARAMETRIC_REPRESENTATION_CONTEXT() REPRESENTATION_CONTEXT('2D SPACE',''
  ) );
#122 = ORIENTED_EDGE('',*,*,#123,.F.);
#123 = EDGE_CURVE('',#33,#96,#124,.T.);
#124 = SURFACE_CURVE('',#125,(#129,#136),.PCURVE_S1.);
#125 = LINE('',#126,#127);
#126 = CARTESIAN_POINT('',(0.E+000,-0.127,0.E+000));
#127 = VECTOR('',#128,1.);
#128 = DIRECTION('',(1.,0.E+000,0.E+000));
#129 = PCURVE('',#43,#130);
#130 = DEFINITIONAL_REPRESENTATION('',(#131),#135);
#131 = LINE('',#132,#133);
#132 = CARTESIAN_POINT('',(0.E+000,0.E+000));
#133 = VECTOR('',#134,1.);
#134 = DIRECTION('',(1.,0.E+000));
#135 = ( GEOMETRIC_REPRESENTATION_CONTEXT(2) 
PARAMETRIC_REPRESENTATION_CONTEXT() REPRESENTATION_CONTEXT('2D SPACE',''
  ) );
#136 = PCURVE('',#137,#142);
#137 = PLANE('',#138);
#138 = AXIS2_PLACEMENT_3D('',#139,#140,#141);
#139 = CARTESIAN_POINT('',(0.E+000,-0.127,0.E+000));
#140 = DIRECTION('',(0.E+000,0.E+000,-1.));
#141 = DIRECTION('',(-1.,0.E+000,0.E+000));
#142 = DEFINITIONAL_REPRESENTATION('',(#143),#147);
#143 = LINE('',#144,#145);
#144 = CARTESIAN_POINT('',(0.E+000,0.E+000));
#145 = VECTOR('',#146,1.);
#146 = DIRECTION('',(-1.,0.E+000));
#147 = ( GEOMETRIC_REPRESENTATION_CONTEXT(2) 
PARAMETRIC_REPRESENTATION_CONTEXT() REPRESENTATION_CONTEXT('2D SPACE',''
  ) );
#148 = ADVANCED_FACE('',(#149),#111,.F.);
#149 = FACE_BOUND('',#150,.F.);
#150 = EDGE_LOOP('',(#151,#152,#175,#203));
#151 = ORIENTED_EDGE('',*,*,#95,.T.);
#152 = ORIENTED_EDGE('',*,*,#153,.T.);
#153 = EDGE_CURVE('',#68,#154,#156,.T.);
#154 = VERTEX_POINT('',#155);
#155 = CARTESIAN_POINT('',(80.00000002,80.00000002,1.13284));
#156 = SURFACE_CURVE('',#157,(#161,#168),.PCURVE_S1.);
#157 = LINE('',#158,#159);
#158 = CARTESIAN_POINT('',(80.00000002,-0.127,1.13284));
#159 = VECTOR('',#160,1.);
#160 = DIRECTION('',(0.E+000,1.,0.E+000));
#161 = PCURVE('',#111,#162);
#162 = DEFINITIONAL_REPRESENTATION('',(#163),#167);
#163 = LINE('',#164,#165);
#164 = CARTESIAN_POINT('',(0.E+000,-1.13284));
#165 = VECTOR('',#166,1.);
#166 = DIRECTION('',(1.,0.E+000));
#167 = ( GEOMETRIC_REPRESENTATION_CONTEXT(2) 
PARAMETRIC_REPRESENTATION_CONTEXT() REPRESENTATION_CONTEXT('2D SPACE',''
  ) );
#168 = PCURVE('',#83,#169);
#169 = DEFINITIONAL_REPRESENTATION('',(#170),#174);
#170 = LINE('',#171,#172);
#171 = CARTESIAN_POINT('',(-80.00000002,0.E+000));
#172 = VECTOR('',#173,1.);
#173 = DIRECTION('',(0.E+000,1.));
#174 = ( GEOMETRIC_REPRESENTATION_CONTEXT(2) 
PARAMETRIC_REPRESENTATION_CONTEXT() REPRESENTATION_CONTEXT('2D SPACE',''
  ) );
#175 = ORIENTED_EDGE('',*,*,#176,.F.);
#176 = EDGE_CURVE('',#177,#154,#179,.T.);
#177 = VERTEX_POINT('',#178);
#178 = CARTESIAN_POINT('',(80.00000002,80.00000002,0.E+000));
#179 = SURFACE_CURVE('',#180,(#184,#191),.PCURVE_S1.);
#180 = LINE('',#181,#182);
#181 = CARTESIAN_POINT('',(80.00000002,80.00000002,0.E+000));
#182 = VECTOR('',#183,1.);
#183 = DIRECTION('',(0.E+000,0.E+000,1.));
#184 = PCURVE('',#111,#185);
#185 = DEFINITIONAL_REPRESENTATION('',(#186),#190);
#186 = LINE('',#187,#188);
#187 = CARTESIAN_POINT('',(80.12700002,0.E+000));
#188 = VECTOR('',#189,1.);
#189 = DIRECTION('',(0.E+000,-1.));
#190 = ( GEOMETRIC_REPRESENTATION_CONTEXT(2) 
PARAMETRIC_REPRESENTATION_CONTEXT() REPRESENTATION_CONTEXT('2D SPACE',''
  ) );
#191 = PCURVE('',#192,#197);
#192 = PLANE('',#193);
#193 = AXIS2_PLACEMENT_3D('',#194,#195,#196);
#194 = CARTESIAN_POINT('',(80.00000002,80.00000002,0.E+000));
#195 = DIRECTION('',(0.E+000,-1.,0.E+000));
#196 = DIRECTION('',(-1.,0.E+000,0.E+000));
#197 = DEFINITIONAL_REPRESENTATION('',(#198),#202);
#198 = LINE('',#199,#200);
#199 = CARTESIAN_POINT('',(0.E+000,0.E+000));
#200 = VECTOR('',#201,1.);
#201 = DIRECTION('',(0.E+000,-1.));
#202 = ( GEOMETRIC_REPRESENTATION_CONTEXT(2) 
PARAMETRIC_REPRESENTATION_CONTEXT() REPRESENTATION_CONTEXT('2D SPACE',''
  ) );
#203 = ORIENTED_EDGE('',*,*,#204,.F.);
#204 = EDGE_CURVE('',#96,#177,#205,.T.);
#205 = SURFACE_CURVE('',#206,(#210,#217),.PCURVE_S1.);
#206 = LINE('',#207,#208);
#207 = CARTESIAN_POINT('',(80.00000002,-0.127,0.E+000));
#208 = VECTOR('',#209,1.);
#209 = DIRECTION('',(0.E+000,1.,0.E+000));
#210 = PCURVE('',#111,#211);
#211 = DEFINITIONAL_REPRESENTATION('',(#212),#216);
#212 = LINE('',#213,#214);
#213 = CARTESIAN_POINT('',(0.E+000,0.E+000));
#214 = VECTOR('',#215,1.);
#215 = DIRECTION('',(1.,0.E+000));
#216 = ( GEOMETRIC_REPRESENTATION_CONTEXT(2) 
PARAMETRIC_REPRESENTATION_CONTEXT() REPRESENTATION_CONTEXT('2D SPACE',''
  ) );
#217 = PCURVE('',#137,#218);
#218 = DEFINITIONAL_REPRESENTATION('',(#219),#223);
#219 = LINE('',#220,#221);
#220 = CARTESIAN_POINT('',(-80.00000002,0.E+000));
#221 = VECTOR('',#222,1.);
#222 = DIRECTION('',(0.E+000,1.));
#223 = ( GEOMETRIC_REPRESENTATION_CONTEXT(2) 
PARAMETRIC_REPRESENTATION_CONTEXT() REPRESENTATION_CONTEXT('2D SPACE',''
  ) );
#224 = ADVANCED_FACE('',(#225),#192,.F.);
#225 = FACE_BOUND('',#226,.F.);
#226 = EDGE_LOOP('',(#227,#228,#251,#274));
#227 = ORIENTED_EDGE('',*,*,#176,.T.);
#228 = ORIENTED_EDGE('',*,*,#229,.T.);
#229 = EDGE_CURVE('',#154,#230,#232,.T.);
#230 = VERTEX_POINT('',#231);
#231 = CARTESIAN_POINT('',(0.E+000,80.00000002,1.13284));
#232 = SURFACE_CURVE('',#233,(#237,#244),.PCURVE_S1.);
#233 = LINE('',#234,#235);
#234 = CARTESIAN_POINT('',(80.00000002,80.00000002,1.13284));
#235 = VECTOR('',#236,1.);
#236 = DIRECTION('',(-1.,0.E+000,0.E+000));
#237 = PCURVE('',#192,#238);
#238 = DEFINITIONAL_REPRESENTATION('',(#239),#243);
#239 = LINE('',#240,#241);
#240 = CARTESIAN_POINT('',(0.E+000,-1.13284));
#241 = VECTOR('',#242,1.);
#242 = DIRECTION('',(1.,0.E+000));
#243 = ( GEOMETRIC_REPRESENTATION_CONTEXT(2) 
PARAMETRIC_REPRESENTATION_CONTEXT() REPRESENTATION_CONTEXT('2D SPACE',''
  ) );
#244 = PCURVE('',#83,#245);
#245 = DEFINITIONAL_REPRESENTATION('',(#246),#250);
#246 = LINE('',#247,#248);
#247 = CARTESIAN_POINT('',(-80.00000002,80.12700002));
#248 = VECTOR('',#249,1.);
#249 = DIRECTION('',(1.,0.E+000));
#250 = ( GEOMETRIC_REPRESENTATION_CONTEXT(2) 
PARAMETRIC_REPRESENTATION_CONTEXT() REPRESENTATION_CONTEXT('2D SPACE',''
  ) );
#251 = ORIENTED_EDGE('',*,*,#252,.F.);
#252 = EDGE_CURVE('',#253,#230,#255,.T.);
#253 = VERTEX_POINT('',#254);
#254 = CARTESIAN_POINT('',(0.E+000,80.00000002,0.E+000));
#255 = SURFACE_CURVE('',#256,(#260,#267),.PCURVE_S1.);
#256 = LINE('',#257,#258);
#257 = CARTESIAN_POINT('',(0.E+000,80.00000002,0.E+000));
#258 = VECTOR('',#259,1.);
#259 = DIRECTION('',(0.E+000,0.E+000,1.));
#260 = PCURVE('',#192,#261);
#261 = DEFINITIONAL_REPRESENTATION('',(#262),#266);
#262 = LINE('',#263,#264);
#263 = CARTESIAN_POINT('',(80.00000002,0.E+000));
#264 = VECTOR('',#265,1.);
#265 = DIRECTION('',(0.E+000,-1.));
#266 = ( GEOMETRIC_REPRESENTATION_CONTEXT(2) 
PARAMETRIC_REPRESENTATION_CONTEXT() REPRESENTATION_CONTEXT('2D SPACE',''
  ) );
#267 = PCURVE('',#55,#268);
#268 = DEFINITIONAL_REPRESENTATION('',(#269),#273);
#269 = LINE('',#270,#271);
#270 = CARTESIAN_POINT('',(0.E+000,0.E+000));
#271 = VECTOR('',#272,1.);
#272 = DIRECTION('',(0.E+000,-1.));
#273 = ( GEOMETRIC_REPRESENTATION_CONTEXT(2) 
PARAMETRIC_REPRESENTATION_CONTEXT() REPRESENTATION_CONTEXT('2D SPACE',''
  ) );
#274 = ORIENTED_EDGE('',*,*,#275,.F.);
#275 = EDGE_CURVE('',#177,#253,#276,.T.);
#276 = SURFACE_CURVE('',#277,(#281,#288),.PCURVE_S1.);
#277 = LINE('',#278,#279);
#278 = CARTESIAN_POINT('',(80.00000002,80.00000002,0.E+000));
#279 = VECTOR('',#280,1.);
#280 = DIRECTION('',(-1.,0.E+000,0.E+000));
#281 = PCURVE('',#192,#282);
#282 = DEFINITIONAL_REPRESENTATION('',(#283),#287);
#283 = LINE('',#284,#285);
#284 = CARTESIAN_POINT('',(0.E+000,0.E+000));
#285 = VECTOR('',#286,1.);
#286 = DIRECTION('',(1.,0.E+000));
#287 = ( GEOMETRIC_REPRESENTATION_CONTEXT(2) 
PARAMETRIC_REPRESENTATION_CONTEXT() REPRESENTATION_CONTEXT('2D SPACE',''
  ) );
#288 = PCURVE('',#137,#289);
#289 = DEFINITIONAL_REPRESENTATION('',(#290),#294);
#290 = LINE('',#291,#292);
#291 = CARTESIAN_POINT('',(-80.00000002,80.12700002));
#292 = VECTOR('',#293,1.);
#293 = DIRECTION('',(1.,0.E+000));
#294 = ( GEOMETRIC_REPRESENTATION_CONTEXT(2) 
PARAMETRIC_REPRESENTATION_CONTEXT() REPRESENTATION_CONTEXT('2D SPACE',''
  ) );
#295 = ADVANCED_FACE('',(#296),#55,.F.);
#296 = FACE_BOUND('',#297,.F.);
#297 = EDGE_LOOP('',(#298,#299,#320,#321));
#298 = ORIENTED_EDGE('',*,*,#252,.T.);
#299 = ORIENTED_EDGE('',*,*,#300,.T.);
#300 = EDGE_CURVE('',#230,#35,#301,.T.);
#301 = SURFACE_CURVE('',#302,(#306,#313),.PCURVE_S1.);
#302 = LINE('',#303,#304);
#303 = CARTESIAN_POINT('',(0.E+000,80.00000002,1.13284));
#304 = VECTOR('',#305,1.);
#305 = DIRECTION('',(0.E+000,-1.,0.E+000));
#306 = PCURVE('',#55,#307);
#307 = DEFINITIONAL_REPRESENTATION('',(#308),#312);
#308 = LINE('',#309,#310);
#309 = CARTESIAN_POINT('',(0.E+000,-1.13284));
#310 = VECTOR('',#311,1.);
#311 = DIRECTION('',(1.,0.E+000));
#312 = ( GEOMETRIC_REPRESENTATION_CONTEXT(2) 
PARAMETRIC_REPRESENTATION_CONTEXT() REPRESENTATION_CONTEXT('2D SPACE',''
  ) );
#313 = PCURVE('',#83,#314);
#314 = DEFINITIONAL_REPRESENTATION('',(#315),#319);
#315 = LINE('',#316,#317);
#316 = CARTESIAN_POINT('',(0.E+000,80.12700002));
#317 = VECTOR('',#318,1.);
#318 = DIRECTION('',(0.E+000,-1.));
#319 = ( GEOMETRIC_REPRESENTATION_CONTEXT(2) 
PARAMETRIC_REPRESENTATION_CONTEXT() REPRESENTATION_CONTEXT('2D SPACE',''
  ) );
#320 = ORIENTED_EDGE('',*,*,#32,.F.);
#321 = ORIENTED_EDGE('',*,*,#322,.F.);
#322 = EDGE_CURVE('',#253,#33,#323,.T.);
#323 = SURFACE_CURVE('',#324,(#328,#335),.PCURVE_S1.);
#324 = LINE('',#325,#326);
#325 = CARTESIAN_POINT('',(0.E+000,80.00000002,0.E+000));
#326 = VECTOR('',#327,1.);
#327 = DIRECTION('',(0.E+000,-1.,0.E+000));
#328 = PCURVE('',#55,#329);
#329 = DEFINITIONAL_REPRESENTATION('',(#330),#334);
#330 = LINE('',#331,#332);
#331 = CARTESIAN_POINT('',(0.E+000,0.E+000));
#332 = VECTOR('',#333,1.);
#333 = DIRECTION('',(1.,0.E+000));
#334 = ( GEOMETRIC_REPRESENTATION_CONTEXT(2) 
PARAMETRIC_REPRESENTATION_CONTEXT() REPRESENTATION_CONTEXT('2D SPACE',''
  ) );
#335 = PCURVE('',#137,#336);
#336 = DEFINITIONAL_REPRESENTATION('',(#337),#341);
#337 = LINE('',#338,#339);
#338 = CARTESIAN_POINT('',(0.E+000,80.12700002));
#339 = VECTOR('',#340,1.);
#340 = DIRECTION('',(0.E+000,-1.));
#341 = ( GEOMETRIC_REPRESENTATION_CONTEXT(2) 
PARAMETRIC_REPRESENTATION_CONTEXT() REPRESENTATION_CONTEXT('2D SPACE',''
  ) );
#342 = ADVANCED_FACE('',(#343),#357,.F.);
#343 = FACE_BOUND('',#344,.T.);
#344 = EDGE_LOOP('',(#345,#375,#401,#402));
#345 = ORIENTED_EDGE('',*,*,#346,.T.);
#346 = EDGE_CURVE('',#347,#349,#351,.T.);
#347 = VERTEX_POINT('',#348);
#348 = CARTESIAN_POINT('',(3.16200028,8.82299988,0.E+000));
#349 = VERTEX_POINT('',#350);
#350 = CARTESIAN_POINT('',(3.16200028,8.82299988,1.13284));
#351 = SEAM_CURVE('',#352,(#356,#368),.PCURVE_S1.);
#352 = LINE('',#353,#354);
#353 = CARTESIAN_POINT('',(3.16200028,8.82299988,0.E+000));
#354 = VECTOR('',#355,1.);
#355 = DIRECTION('',(0.E+000,0.E+000,1.));
#356 = PCURVE('',#357,#362);
#357 = CYLINDRICAL_SURFACE('',#358,0.635);
#358 = AXIS2_PLACEMENT_3D('',#359,#360,#361);
#359 = CARTESIAN_POINT('',(2.52700028,8.82299988,0.E+000));
#360 = DIRECTION('',(0.E+000,0.E+000,-1.));
#361 = DIRECTION('',(1.,0.E+000,0.E+000));
#362 = DEFINITIONAL_REPRESENTATION('',(#363),#367);
#363 = LINE('',#364,#365);
#364 = CARTESIAN_POINT('',(0.E+000,0.E+000));
#365 = VECTOR('',#366,1.);
#366 = DIRECTION('',(0.E+000,-1.));
#367 = ( GEOMETRIC_REPRESENTATION_CONTEXT(2) 
PARAMETRIC_REPRESENTATION_CONTEXT() REPRESENTATION_CONTEXT('2D SPACE',''
  ) );
#368 = PCURVE('',#357,#369);
#369 = DEFINITIONAL_REPRESENTATION('',(#370),#374);
#370 = LINE('',#371,#372);
#371 = CARTESIAN_POINT('',(-6.28318530718,0.E+000));
#372 = VECTOR('',#373,1.);
#373 = DIRECTION('',(0.E+000,-1.));
#374 = ( GEOMETRIC_REPRESENTATION_CONTEXT(2) 
PARAMETRIC_REPRESENTATION_CONTEXT() REPRESENTATION_CONTEXT('2D SPACE',''
  ) );
#375 = ORIENTED_EDGE('',*,*,#376,.T.);
#376 = EDGE_CURVE('',#349,#349,#377,.T.);
#377 = SURFACE_CURVE('',#378,(#383,#390),.PCURVE_S1.);
#378 = CIRCLE('',#379,0.635);
#379 = AXIS2_PLACEMENT_3D('',#380,#381,#382);
#380 = CARTESIAN_POINT('',(2.52700028,8.82299988,1.13284));
#381 = DIRECTION('',(0.E+000,0.E+000,1.));
#382 = DIRECTION('',(1.,0.E+000,0.E+000));
#383 = PCURVE('',#357,#384);
#384 = DEFINITIONAL_REPRESENTATION('',(#385),#389);
#385 = LINE('',#386,#387);
#386 = CARTESIAN_POINT('',(0.E+000,-1.13284));
#387 = VECTOR('',#388,1.);
#388 = DIRECTION('',(-1.,0.E+000));
#389 = ( GEOMETRIC_REPRESENTATION_CONTEXT(2) 
PARAMETRIC_REPRESENTATION_CONTEXT() REPRESENTATION_CONTEXT('2D SPACE',''
  ) );
#390 = PCURVE('',#83,#391);
#391 = DEFINITIONAL_REPRESENTATION('',(#392),#400);
#392 = ( BOUNDED_CURVE() B_SPLINE_CURVE(2,(#393,#394,#395,#396,#397,#398
,#399),.UNSPECIFIED.,.T.,.F.) B_SPLINE_CURVE_WITH_KNOTS((1,2,2,2,2,1),(
    -2.094395102393,0.E+000,2.094395102393,4.188790204786,6.28318530718,
8.377580409573),.UNSPECIFIED.) CURVE() GEOMETRIC_REPRESENTATION_ITEM() 
RATIONAL_B_SPLINE_CURVE((1.,0.5,1.,0.5,1.,0.5,1.)) REPRESENTATION_ITEM(
  '') );
#393 = CARTESIAN_POINT('',(-3.16200028,8.94999988));
#394 = CARTESIAN_POINT('',(-3.16200028,10.049852142806));
#395 = CARTESIAN_POINT('',(-2.20950028,9.499926011403));
#396 = CARTESIAN_POINT('',(-1.25700028,8.94999988));
#397 = CARTESIAN_POINT('',(-2.20950028,8.400073748597));
#398 = CARTESIAN_POINT('',(-3.16200028,7.850147617194));
#399 = CARTESIAN_POINT('',(-3.16200028,8.94999988));
#400 = ( GEOMETRIC_REPRESENTATION_CONTEXT(2) 
PARAMETRIC_REPRESENTATION_CONTEXT() REPRESENTATION_CONTEXT('2D SPACE',''
  ) );
#401 = ORIENTED_EDGE('',*,*,#346,.F.);
#402 = ORIENTED_EDGE('',*,*,#403,.F.);
#403 = EDGE_CURVE('',#347,#347,#404,.T.);
#404 = SURFACE_CURVE('',#405,(#410,#417),.PCURVE_S1.);
#405 = CIRCLE('',#406,0.635);
#406 = AXIS2_PLACEMENT_3D('',#407,#408,#409);
#407 = CARTESIAN_POINT('',(2.52700028,8.82299988,0.E+000));
#408 = DIRECTION('',(0.E+000,0.E+000,1.));
#409 = DIRECTION('',(1.,0.E+000,0.E+000));
#410 = PCURVE('',#357,#411);
#411 = DEFINITIONAL_REPRESENTATION('',(#412),#416);
#412 = LINE('',#413,#414);
#413 = CARTESIAN_POINT('',(0.E+000,0.E+000));
#414 = VECTOR('',#415,1.);
#415 = DIRECTION('',(-1.,0.E+000));
#416 = ( GEOMETRIC_REPRESENTATION_CONTEXT(2) 
PARAMETRIC_REPRESENTATION_CONTEXT() REPRESENTATION_CONTEXT('2D SPACE',''
  ) );
#417 = PCURVE('',#137,#418);
#418 = DEFINITIONAL_REPRESENTATION('',(#419),#427);
#419 = ( BOUNDED_CURVE() B_SPLINE_CURVE(2,(#420,#421,#422,#423,#424,#425
,#426),.UNSPECIFIED.,.T.,.F.) B_SPLINE_CURVE_WITH_KNOTS((1,2,2,2,2,1),(
    -2.094395102393,0.E+000,2.094395102393,4.188790204786,6.28318530718,
8.377580409573),.UNSPECIFIED.) CURVE() GEOMETRIC_REPRESENTATION_ITEM() 
RATIONAL_B_SPLINE_CURVE((1.,0.5,1.,0.5,1.,0.5,1.)) REPRESENTATION_ITEM(
  '') );
#420 = CARTESIAN_POINT('',(-3.16200028,8.94999988));
#421 = CARTESIAN_POINT('',(-3.16200028,10.049852142806));
#422 = CARTESIAN_POINT('',(-2.20950028,9.499926011403));
#423 = CARTESIAN_POINT('',(-1.25700028,8.94999988));
#424 = CARTESIAN_POINT('',(-2.20950028,8.400073748597));
#425 = CARTESIAN_POINT('',(-3.16200028,7.850147617194));
#426 = CARTESIAN_POINT('',(-3.16200028,8.94999988));
#427 = ( GEOMETRIC_REPRESENTATION_CONTEXT(2) 
PARAMETRIC_REPRESENTATION_CONTEXT() REPRESENTATION_CONTEXT('2D SPACE',''
  ) );
#428 = ADVANCED_FACE('',(#429),#443,.F.);
#429 = FACE_BOUND('',#430,.T.);
#430 = EDGE_LOOP('',(#431,#461,#487,#488));
#431 = ORIENTED_EDGE('',*,*,#432,.T.);
#432 = EDGE_CURVE('',#433,#435,#437,.T.);
#433 = VERTEX_POINT('',#434);
#434 = CARTESIAN_POINT('',(3.16200028,16.32300012,0.E+000));
#435 = VERTEX_POINT('',#436);
#436 = CARTESIAN_POINT('',(3.16200028,16.32300012,1.13284));
#437 = SEAM_CURVE('',#438,(#442,#454),.PCURVE_S1.);
#438 = LINE('',#439,#440);
#439 = CARTESIAN_POINT('',(3.16200028,16.32300012,0.E+000));
#440 = VECTOR('',#441,1.);
#441 = DIRECTION('',(0.E+000,0.E+000,1.));
#442 = PCURVE('',#443,#448);
#443 = CYLINDRICAL_SURFACE('',#444,0.635);
#444 = AXIS2_PLACEMENT_3D('',#445,#446,#447);
#445 = CARTESIAN_POINT('',(2.52700028,16.32300012,0.E+000));
#446 = DIRECTION('',(0.E+000,0.E+000,-1.));
#447 = DIRECTION('',(1.,0.E+000,0.E+000));
#448 = DEFINITIONAL_REPRESENTATION('',(#449),#453);
#449 = LINE('',#450,#451);
#450 = CARTESIAN_POINT('',(0.E+000,0.E+000));
#451 = VECTOR('',#452,1.);
#452 = DIRECTION('',(0.E+000,-1.));
#453 = ( GEOMETRIC_REPRESENTATION_CONTEXT(2) 
PARAMETRIC_REPRESENTATION_CONTEXT() REPRESENTATION_CONTEXT('2D SPACE',''
  ) );
#454 = PCURVE('',#443,#455);
#455 = DEFINITIONAL_REPRESENTATION('',(#456),#460);
#456 = LINE('',#457,#458);
#457 = CARTESIAN_POINT('',(-6.28318530718,0.E+000));
#458 = VECTOR('',#459,1.);
#459 = DIRECTION('',(0.E+000,-1.));
#460 = ( GEOMETRIC_REPRESENTATION_CONTEXT(2) 
PARAMETRIC_REPRESENTATION_CONTEXT() REPRESENTATION_CONTEXT('2D SPACE',''
  ) );
#461 = ORIENTED_EDGE('',*,*,#462,.T.);
#462 = EDGE_CURVE('',#435,#435,#463,.T.);
#463 = SURFACE_CURVE('',#464,(#469,#476),.PCURVE_S1.);
#464 = CIRCLE('',#465,0.635);
#465 = AXIS2_PLACEMENT_3D('',#466,#467,#468);
#466 = CARTESIAN_POINT('',(2.52700028,16.32300012,1.13284));
#467 = DIRECTION('',(0.E+000,0.E+000,1.));
#468 = DIRECTION('',(1.,0.E+000,0.E+000));
#469 = PCURVE('',#443,#470);
#470 = DEFINITIONAL_REPRESENTATION('',(#471),#475);
#471 = LINE('',#472,#473);
#472 = CARTESIAN_POINT('',(0.E+000,-1.13284));
#473 = VECTOR('',#474,1.);
#474 = DIRECTION('',(-1.,0.E+000));
#475 = ( GEOMETRIC_REPRESENTATION_CONTEXT(2) 
PARAMETRIC_REPRESENTATION_CONTEXT() REPRESENTATION_CONTEXT('2D SPACE',''
  ) );
#476 = PCURVE('',#83,#477);
#477 = DEFINITIONAL_REPRESENTATION('',(#478),#486);
#478 = ( BOUNDED_CURVE() B_SPLINE_CURVE(2,(#479,#480,#481,#482,#483,#484
,#485),.UNSPECIFIED.,.T.,.F.) B_SPLINE_CURVE_WITH_KNOTS((1,2,2,2,2,1),(
    -2.094395102393,0.E+000,2.094395102393,4.188790204786,6.28318530718,
8.377580409573),.UNSPECIFIED.) CURVE() GEOMETRIC_REPRESENTATION_ITEM() 
RATIONAL_B_SPLINE_CURVE((1.,0.5,1.,0.5,1.,0.5,1.)) REPRESENTATION_ITEM(
  '') );
#479 = CARTESIAN_POINT('',(-3.16200028,16.45000012));
#480 = CARTESIAN_POINT('',(-3.16200028,17.549852382806));
#481 = CARTESIAN_POINT('',(-2.20950028,16.999926251403));
#482 = CARTESIAN_POINT('',(-1.25700028,16.45000012));
#483 = CARTESIAN_POINT('',(-2.20950028,15.900073988597));
#484 = CARTESIAN_POINT('',(-3.16200028,15.350147857194));
#485 = CARTESIAN_POINT('',(-3.16200028,16.45000012));
#486 = ( GEOMETRIC_REPRESENTATION_CONTEXT(2) 
PARAMETRIC_REPRESENTATION_CONTEXT() REPRESENTATION_CONTEXT('2D SPACE',''
  ) );
#487 = ORIENTED_EDGE('',*,*,#432,.F.);
#488 = ORIENTED_EDGE('',*,*,#489,.F.);
#489 = EDGE_CURVE('',#433,#433,#490,.T.);
#490 = SURFACE_CURVE('',#491,(#496,#503),.PCURVE_S1.);
#491 = CIRCLE('',#492,0.635);
#492 = AXIS2_PLACEMENT_3D('',#493,#494,#495);
#493 = CARTESIAN_POINT('',(2.52700028,16.32300012,0.E+000));
#494 = DIRECTION('',(0.E+000,0.E+000,1.));
#495 = DIRECTION('',(1.,0.E+000,0.E+000));
#496 = PCURVE('',#443,#497);
#497 = DEFINITIONAL_REPRESENTATION('',(#498),#502);
#498 = LINE('',#499,#500);
#499 = CARTESIAN_POINT('',(0.E+000,0.E+000));
#500 = VECTOR('',#501,1.);
#501 = DIRECTION('',(-1.,0.E+000));
#502 = ( GEOMETRIC_REPRESENTATION_CONTEXT(2) 
PARAMETRIC_REPRESENTATION_CONTEXT() REPRESENTATION_CONTEXT('2D SPACE',''
  ) );
#503 = PCURVE('',#137,#504);
#504 = DEFINITIONAL_REPRESENTATION('',(#505),#513);
#505 = ( BOUNDED_CURVE() B_SPLINE_CURVE(2,(#506,#507,#508,#509,#510,#511
,#512),.UNSPECIFIED.,.T.,.F.) B_SPLINE_CURVE_WITH_KNOTS((1,2,2,2,2,1),(
    -2.094395102393,0.E+000,2.094395102393,4.188790204786,6.28318530718,
8.377580409573),.UNSPECIFIED.) CURVE() GEOMETRIC_REPRESENTATION_ITEM() 
RATIONAL_B_SPLINE_CURVE((1.,0.5,1.,0.5,1.,0.5,1.)) REPRESENTATION_ITEM(
  '') );
#506 = CARTESIAN_POINT('',(-3.16200028,16.45000012));
#507 = CARTESIAN_POINT('',(-3.16200028,17.549852382806));
#508 = CARTESIAN_POINT('',(-2.20950028,16.999926251403));
#509 = CARTESIAN_POINT('',(-1.25700028,16.45000012));
#510 = CARTESIAN_POINT('',(-2.20950028,15.900073988597));
#511 = CARTESIAN_POINT('',(-3.16200028,15.350147857194));
#512 = CARTESIAN_POINT('',(-3.16200028,16.45000012));
#513 = ( GEOMETRIC_REPRESENTATION_CONTEXT(2) 
PARAMETRIC_REPRESENTATION_CONTEXT() REPRESENTATION_CONTEXT('2D SPACE',''
  ) );
#514 = ADVANCED_FACE('',(#515),#529,.F.);
#515 = FACE_BOUND('',#516,.T.);
#516 = EDGE_LOOP('',(#517,#547,#573,#574));
#517 = ORIENTED_EDGE('',*,*,#518,.T.);
#518 = EDGE_CURVE('',#519,#521,#523,.T.);
#519 = VERTEX_POINT('',#520);
#520 = CARTESIAN_POINT('',(10.66200052,8.82299988,0.E+000));
#521 = VERTEX_POINT('',#522);
#522 = CARTESIAN_POINT('',(10.66200052,8.82299988,1.13284));
#523 = SEAM_CURVE('',#524,(#528,#540),.PCURVE_S1.);
#524 = LINE('',#525,#526);
#525 = CARTESIAN_POINT('',(10.66200052,8.82299988,0.E+000));
#526 = VECTOR('',#527,1.);
#527 = DIRECTION('',(0.E+000,0.E+000,1.));
#528 = PCURVE('',#529,#534);
#529 = CYLINDRICAL_SURFACE('',#530,0.635);
#530 = AXIS2_PLACEMENT_3D('',#531,#532,#533);
#531 = CARTESIAN_POINT('',(10.02700052,8.82299988,0.E+000));
#532 = DIRECTION('',(0.E+000,0.E+000,-1.));
#533 = DIRECTION('',(1.,0.E+000,0.E+000));
#534 = DEFINITIONAL_REPRESENTATION('',(#535),#539);
#535 = LINE('',#536,#537);
#536 = CARTESIAN_POINT('',(0.E+000,0.E+000));
#537 = VECTOR('',#538,1.);
#538 = DIRECTION('',(0.E+000,-1.));
#539 = ( GEOMETRIC_REPRESENTATION_CONTEXT(2) 
PARAMETRIC_REPRESENTATION_CONTEXT() REPRESENTATION_CONTEXT('2D SPACE',''
  ) );
#540 = PCURVE('',#529,#541);
#541 = DEFINITIONAL_REPRESENTATION('',(#542),#546);
#542 = LINE('',#543,#544);
#543 = CARTESIAN_POINT('',(-6.28318530718,0.E+000));
#544 = VECTOR('',#545,1.);
#545 = DIRECTION('',(0.E+000,-1.));
#546 = ( GEOMETRIC_REPRESENTATION_CONTEXT(2) 
PARAMETRIC_REPRESENTATION_CONTEXT() REPRESENTATION_CONTEXT('2D SPACE',''
  ) );
#547 = ORIENTED_EDGE('',*,*,#548,.T.);
#548 = EDGE_CURVE('',#521,#521,#549,.T.);
#549 = SURFACE_CURVE('',#550,(#555,#562),.PCURVE_S1.);
#550 = CIRCLE('',#551,0.635);
#551 = AXIS2_PLACEMENT_3D('',#552,#553,#554);
#552 = CARTESIAN_POINT('',(10.02700052,8.82299988,1.13284));
#553 = DIRECTION('',(0.E+000,0.E+000,1.));
#554 = DIRECTION('',(1.,0.E+000,0.E+000));
#555 = PCURVE('',#529,#556);
#556 = DEFINITIONAL_REPRESENTATION('',(#557),#561);
#557 = LINE('',#558,#559);
#558 = CARTESIAN_POINT('',(0.E+000,-1.13284));
#559 = VECTOR('',#560,1.);
#560 = DIRECTION('',(-1.,0.E+000));
#561 = ( GEOMETRIC_REPRESENTATION_CONTEXT(2) 
PARAMETRIC_REPRESENTATION_CONTEXT() REPRESENTATION_CONTEXT('2D SPACE',''
  ) );
#562 = PCURVE('',#83,#563);
#563 = DEFINITIONAL_REPRESENTATION('',(#564),#572);
#564 = ( BOUNDED_CURVE() B_SPLINE_CURVE(2,(#565,#566,#567,#568,#569,#570
,#571),.UNSPECIFIED.,.T.,.F.) B_SPLINE_CURVE_WITH_KNOTS((1,2,2,2,2,1),(
    -2.094395102393,0.E+000,2.094395102393,4.188790204786,6.28318530718,
8.377580409573),.UNSPECIFIED.) CURVE() GEOMETRIC_REPRESENTATION_ITEM() 
RATIONAL_B_SPLINE_CURVE((1.,0.5,1.,0.5,1.,0.5,1.)) REPRESENTATION_ITEM(
  '') );
#565 = CARTESIAN_POINT('',(-10.66200052,8.94999988));
#566 = CARTESIAN_POINT('',(-10.66200052,10.049852142806));
#567 = CARTESIAN_POINT('',(-9.70950052,9.499926011403));
#568 = CARTESIAN_POINT('',(-8.75700052,8.94999988));
#569 = CARTESIAN_POINT('',(-9.70950052,8.400073748597));
#570 = CARTESIAN_POINT('',(-10.66200052,7.850147617194));
#571 = CARTESIAN_POINT('',(-10.66200052,8.94999988));
#572 = ( GEOMETRIC_REPRESENTATION_CONTEXT(2) 
PARAMETRIC_REPRESENTATION_CONTEXT() REPRESENTATION_CONTEXT('2D SPACE',''
  ) );
#573 = ORIENTED_EDGE('',*,*,#518,.F.);
#574 = ORIENTED_EDGE('',*,*,#575,.F.);
#575 = EDGE_CURVE('',#519,#519,#576,.T.);
#576 = SURFACE_CURVE('',#577,(#582,#589),.PCURVE_S1.);
#577 = CIRCLE('',#578,0.635);
#578 = AXIS2_PLACEMENT_3D('',#579,#580,#581);
#579 = CARTESIAN_POINT('',(10.02700052,8.82299988,0.E+000));
#580 = DIRECTION('',(0.E+000,0.E+000,1.));
#581 = DIRECTION('',(1.,0.E+000,0.E+000));
#582 = PCURVE('',#529,#583);
#583 = DEFINITIONAL_REPRESENTATION('',(#584),#588);
#584 = LINE('',#585,#586);
#585 = CARTESIAN_POINT('',(0.E+000,0.E+000));
#586 = VECTOR('',#587,1.);
#587 = DIRECTION('',(-1.,0.E+000));
#588 = ( GEOMETRIC_REPRESENTATION_CONTEXT(2) 
PARAMETRIC_REPRESENTATION_CONTEXT() REPRESENTATION_CONTEXT('2D SPACE',''
  ) );
#589 = PCURVE('',#137,#590);
#590 = DEFINITIONAL_REPRESENTATION('',(#591),#599);
#591 = ( BOUNDED_CURVE() B_SPLINE_CURVE(2,(#592,#593,#594,#595,#596,#597
,#598),.UNSPECIFIED.,.T.,.F.) B_SPLINE_CURVE_WITH_KNOTS((1,2,2,2,2,1),(
    -2.094395102393,0.E+000,2.094395102393,4.188790204786,6.28318530718,
8.377580409573),.UNSPECIFIED.) CURVE() GEOMETRIC_REPRESENTATION_ITEM() 
RATIONAL_B_SPLINE_CURVE((1.,0.5,1.,0.5,1.,0.5,1.)) REPRESENTATION_ITEM(
  '') );
#592 = CARTESIAN_POINT('',(-10.66200052,8.94999988));
#593 = CARTESIAN_POINT('',(-10.66200052,10.049852142806));
#594 = CARTESIAN_POINT('',(-9.70950052,9.499926011403));
#595 = CARTESIAN_POINT('',(-8.75700052,8.94999988));
#596 = CARTESIAN_POINT('',(-9.70950052,8.400073748597));
#597 = CARTESIAN_POINT('',(-10.66200052,7.850147617194));
#598 = CARTESIAN_POINT('',(-10.66200052,8.94999988));
#599 = ( GEOMETRIC_REPRESENTATION_CONTEXT(2) 
PARAMETRIC_REPRESENTATION_CONTEXT() REPRESENTATION_CONTEXT('2D SPACE',''
  ) );
#600 = ADVANCED_FACE('',(#601),#615,.F.);
#601 = FACE_BOUND('',#602,.T.);
#602 = EDGE_LOOP('',(#603,#633,#659,#660));
#603 = ORIENTED_EDGE('',*,*,#604,.T.);
#604 = EDGE_CURVE('',#605,#607,#609,.T.);
#605 = VERTEX_POINT('',#606);
#606 = CARTESIAN_POINT('',(5.66200036,8.82299988,0.E+000));
#607 = VERTEX_POINT('',#608);
#608 = CARTESIAN_POINT('',(5.66200036,8.82299988,1.13284));
#609 = SEAM_CURVE('',#610,(#614,#626),.PCURVE_S1.);
#610 = LINE('',#611,#612);
#611 = CARTESIAN_POINT('',(5.66200036,8.82299988,0.E+000));
#612 = VECTOR('',#613,1.);
#613 = DIRECTION('',(0.E+000,0.E+000,1.));
#614 = PCURVE('',#615,#620);
#615 = CYLINDRICAL_SURFACE('',#616,0.635);
#616 = AXIS2_PLACEMENT_3D('',#617,#618,#619);
#617 = CARTESIAN_POINT('',(5.02700036,8.82299988,0.E+000));
#618 = DIRECTION('',(0.E+000,0.E+000,-1.));
#619 = DIRECTION('',(1.,0.E+000,0.E+000));
#620 = DEFINITIONAL_REPRESENTATION('',(#621),#625);
#621 = LINE('',#622,#623);
#622 = CARTESIAN_POINT('',(0.E+000,0.E+000));
#623 = VECTOR('',#624,1.);
#624 = DIRECTION('',(0.E+000,-1.));
#625 = ( GEOMETRIC_REPRESENTATION_CONTEXT(2) 
PARAMETRIC_REPRESENTATION_CONTEXT() REPRESENTATION_CONTEXT('2D SPACE',''
  ) );
#626 = PCURVE('',#615,#627);
#627 = DEFINITIONAL_REPRESENTATION('',(#628),#632);
#628 = LINE('',#629,#630);
#629 = CARTESIAN_POINT('',(-6.28318530718,0.E+000));
#630 = VECTOR('',#631,1.);
#631 = DIRECTION('',(0.E+000,-1.));
#632 = ( GEOMETRIC_REPRESENTATION_CONTEXT(2) 
PARAMETRIC_REPRESENTATION_CONTEXT() REPRESENTATION_CONTEXT('2D SPACE',''
  ) );
#633 = ORIENTED_EDGE('',*,*,#634,.T.);
#634 = EDGE_CURVE('',#607,#607,#635,.T.);
#635 = SURFACE_CURVE('',#636,(#641,#648),.PCURVE_S1.);
#636 = CIRCLE('',#637,0.635);
#637 = AXIS2_PLACEMENT_3D('',#638,#639,#640);
#638 = CARTESIAN_POINT('',(5.02700036,8.82299988,1.13284));
#639 = DIRECTION('',(0.E+000,0.E+000,1.));
#640 = DIRECTION('',(1.,0.E+000,0.E+000));
#641 = PCURVE('',#615,#642);
#642 = DEFINITIONAL_REPRESENTATION('',(#643),#647);
#643 = LINE('',#644,#645);
#644 = CARTESIAN_POINT('',(0.E+000,-1.13284));
#645 = VECTOR('',#646,1.);
#646 = DIRECTION('',(-1.,0.E+000));
#647 = ( GEOMETRIC_REPRESENTATION_CONTEXT(2) 
PARAMETRIC_REPRESENTATION_CONTEXT() REPRESENTATION_CONTEXT('2D SPACE',''
  ) );
#648 = PCURVE('',#83,#649);
#649 = DEFINITIONAL_REPRESENTATION('',(#650),#658);
#650 = ( BOUNDED_CURVE() B_SPLINE_CURVE(2,(#651,#652,#653,#654,#655,#656
,#657),.UNSPECIFIED.,.T.,.F.) B_SPLINE_CURVE_WITH_KNOTS((1,2,2,2,2,1),(
    -2.094395102393,0.E+000,2.094395102393,4.188790204786,6.28318530718,
8.377580409573),.UNSPECIFIED.) CURVE() GEOMETRIC_REPRESENTATION_ITEM() 
RATIONAL_B_SPLINE_CURVE((1.,0.5,1.,0.5,1.,0.5,1.)) REPRESENTATION_ITEM(
  '') );
#651 = CARTESIAN_POINT('',(-5.66200036,8.94999988));
#652 = CARTESIAN_POINT('',(-5.66200036,10.049852142806));
#653 = CARTESIAN_POINT('',(-4.70950036,9.499926011403));
#654 = CARTESIAN_POINT('',(-3.75700036,8.94999988));
#655 = CARTESIAN_POINT('',(-4.70950036,8.400073748597));
#656 = CARTESIAN_POINT('',(-5.66200036,7.850147617194));
#657 = CARTESIAN_POINT('',(-5.66200036,8.94999988));
#658 = ( GEOMETRIC_REPRESENTATION_CONTEXT(2) 
PARAMETRIC_REPRESENTATION_CONTEXT() REPRESENTATION_CONTEXT('2D SPACE',''
  ) );
#659 = ORIENTED_EDGE('',*,*,#604,.F.);
#660 = ORIENTED_EDGE('',*,*,#661,.F.);
#661 = EDGE_CURVE('',#605,#605,#662,.T.);
#662 = SURFACE_CURVE('',#663,(#668,#675),.PCURVE_S1.);
#663 = CIRCLE('',#664,0.635);
#664 = AXIS2_PLACEMENT_3D('',#665,#666,#667);
#665 = CARTESIAN_POINT('',(5.02700036,8.82299988,0.E+000));
#666 = DIRECTION('',(0.E+000,0.E+000,1.));
#667 = DIRECTION('',(1.,0.E+000,0.E+000));
#668 = PCURVE('',#615,#669);
#669 = DEFINITIONAL_REPRESENTATION('',(#670),#674);
#670 = LINE('',#671,#672);
#671 = CARTESIAN_POINT('',(0.E+000,0.E+000));
#672 = VECTOR('',#673,1.);
#673 = DIRECTION('',(-1.,0.E+000));
#674 = ( GEOMETRIC_REPRESENTATION_CONTEXT(2) 
PARAMETRIC_REPRESENTATION_CONTEXT() REPRESENTATION_CONTEXT('2D SPACE',''
  ) );
#675 = PCURVE('',#137,#676);
#676 = DEFINITIONAL_REPRESENTATION('',(#677),#685);
#677 = ( BOUNDED_CURVE() B_SPLINE_CURVE(2,(#678,#679,#680,#681,#682,#683
,#684),.UNSPECIFIED.,.T.,.F.) B_SPLINE_CURVE_WITH_KNOTS((1,2,2,2,2,1),(
    -2.094395102393,0.E+000,2.094395102393,4.188790204786,6.28318530718,
8.377580409573),.UNSPECIFIED.) CURVE() GEOMETRIC_REPRESENTATION_ITEM() 
RATIONAL_B_SPLINE_CURVE((1.,0.5,1.,0.5,1.,0.5,1.)) REPRESENTATION_ITEM(
  '') );
#678 = CARTESIAN_POINT('',(-5.66200036,8.94999988));
#679 = CARTESIAN_POINT('',(-5.66200036,10.049852142806));
#680 = CARTESIAN_POINT('',(-4.70950036,9.499926011403));
#681 = CARTESIAN_POINT('',(-3.75700036,8.94999988));
#682 = CARTESIAN_POINT('',(-4.70950036,8.400073748597));
#683 = CARTESIAN_POINT('',(-5.66200036,7.850147617194));
#684 = CARTESIAN_POINT('',(-5.66200036,8.94999988));
#685 = ( GEOMETRIC_REPRESENTATION_CONTEXT(2) 
PARAMETRIC_REPRESENTATION_CONTEXT() REPRESENTATION_CONTEXT('2D SPACE',''
  ) );
#686 = ADVANCED_FACE('',(#687),#701,.F.);
#687 = FACE_BOUND('',#688,.T.);
#688 = EDGE_LOOP('',(#689,#719,#745,#746));
#689 = ORIENTED_EDGE('',*,*,#690,.T.);
#690 = EDGE_CURVE('',#691,#693,#695,.T.);
#691 = VERTEX_POINT('',#692);
#692 = CARTESIAN_POINT('',(8.16200044,8.82299988,0.E+000));
#693 = VERTEX_POINT('',#694);
#694 = CARTESIAN_POINT('',(8.16200044,8.82299988,1.13284));
#695 = SEAM_CURVE('',#696,(#700,#712),.PCURVE_S1.);
#696 = LINE('',#697,#698);
#697 = CARTESIAN_POINT('',(8.16200044,8.82299988,0.E+000));
#698 = VECTOR('',#699,1.);
#699 = DIRECTION('',(0.E+000,0.E+000,1.));
#700 = PCURVE('',#701,#706);
#701 = CYLINDRICAL_SURFACE('',#702,0.635);
#702 = AXIS2_PLACEMENT_3D('',#703,#704,#705);
#703 = CARTESIAN_POINT('',(7.52700044,8.82299988,0.E+000));
#704 = DIRECTION('',(0.E+000,0.E+000,-1.));
#705 = DIRECTION('',(1.,0.E+000,0.E+000));
#706 = DEFINITIONAL_REPRESENTATION('',(#707),#711);
#707 = LINE('',#708,#709);
#708 = CARTESIAN_POINT('',(0.E+000,0.E+000));
#709 = VECTOR('',#710,1.);
#710 = DIRECTION('',(0.E+000,-1.));
#711 = ( GEOMETRIC_REPRESENTATION_CONTEXT(2) 
PARAMETRIC_REPRESENTATION_CONTEXT() REPRESENTATION_CONTEXT('2D SPACE',''
  ) );
#712 = PCURVE('',#701,#713);
#713 = DEFINITIONAL_REPRESENTATION('',(#714),#718);
#714 = LINE('',#715,#716);
#715 = CARTESIAN_POINT('',(-6.28318530718,0.E+000));
#716 = VECTOR('',#717,1.);
#717 = DIRECTION('',(0.E+000,-1.));
#718 = ( GEOMETRIC_REPRESENTATION_CONTEXT(2) 
PARAMETRIC_REPRESENTATION_CONTEXT() REPRESENTATION_CONTEXT('2D SPACE',''
  ) );
#719 = ORIENTED_EDGE('',*,*,#720,.T.);
#720 = EDGE_CURVE('',#693,#693,#721,.T.);
#721 = SURFACE_CURVE('',#722,(#727,#734),.PCURVE_S1.);
#722 = CIRCLE('',#723,0.635);
#723 = AXIS2_PLACEMENT_3D('',#724,#725,#726);
#724 = CARTESIAN_POINT('',(7.52700044,8.82299988,1.13284));
#725 = DIRECTION('',(0.E+000,0.E+000,1.));
#726 = DIRECTION('',(1.,0.E+000,0.E+000));
#727 = PCURVE('',#701,#728);
#728 = DEFINITIONAL_REPRESENTATION('',(#729),#733);
#729 = LINE('',#730,#731);
#730 = CARTESIAN_POINT('',(0.E+000,-1.13284));
#731 = VECTOR('',#732,1.);
#732 = DIRECTION('',(-1.,0.E+000));
#733 = ( GEOMETRIC_REPRESENTATION_CONTEXT(2) 
PARAMETRIC_REPRESENTATION_CONTEXT() REPRESENTATION_CONTEXT('2D SPACE',''
  ) );
#734 = PCURVE('',#83,#735);
#735 = DEFINITIONAL_REPRESENTATION('',(#736),#744);
#736 = ( BOUNDED_CURVE() B_SPLINE_CURVE(2,(#737,#738,#739,#740,#741,#742
,#743),.UNSPECIFIED.,.T.,.F.) B_SPLINE_CURVE_WITH_KNOTS((1,2,2,2,2,1),(
    -2.094395102393,0.E+000,2.094395102393,4.188790204786,6.28318530718,
8.377580409573),.UNSPECIFIED.) CURVE() GEOMETRIC_REPRESENTATION_ITEM() 
RATIONAL_B_SPLINE_CURVE((1.,0.5,1.,0.5,1.,0.5,1.)) REPRESENTATION_ITEM(
  '') );
#737 = CARTESIAN_POINT('',(-8.16200044,8.94999988));
#738 = CARTESIAN_POINT('',(-8.16200044,10.049852142806));
#739 = CARTESIAN_POINT('',(-7.20950044,9.499926011403));
#740 = CARTESIAN_POINT('',(-6.25700044,8.94999988));
#741 = CARTESIAN_POINT('',(-7.20950044,8.400073748597));
#742 = CARTESIAN_POINT('',(-8.16200044,7.850147617194));
#743 = CARTESIAN_POINT('',(-8.16200044,8.94999988));
#744 = ( GEOMETRIC_REPRESENTATION_CONTEXT(2) 
PARAMETRIC_REPRESENTATION_CONTEXT() REPRESENTATION_CONTEXT('2D SPACE',''
  ) );
#745 = ORIENTED_EDGE('',*,*,#690,.F.);
#746 = ORIENTED_EDGE('',*,*,#747,.F.);
#747 = EDGE_CURVE('',#691,#691,#748,.T.);
#748 = SURFACE_CURVE('',#749,(#754,#761),.PCURVE_S1.);
#749 = CIRCLE('',#750,0.635);
#750 = AXIS2_PLACEMENT_3D('',#751,#752,#753);
#751 = CARTESIAN_POINT('',(7.52700044,8.82299988,0.E+000));
#752 = DIRECTION('',(0.E+000,0.E+000,1.));
#753 = DIRECTION('',(1.,0.E+000,0.E+000));
#754 = PCURVE('',#701,#755);
#755 = DEFINITIONAL_REPRESENTATION('',(#756),#760);
#756 = LINE('',#757,#758);
#757 = CARTESIAN_POINT('',(0.E+000,0.E+000));
#758 = VECTOR('',#759,1.);
#759 = DIRECTION('',(-1.,0.E+000));
#760 = ( GEOMETRIC_REPRESENTATION_CONTEXT(2) 
PARAMETRIC_REPRESENTATION_CONTEXT() REPRESENTATION_CONTEXT('2D SPACE',''
  ) );
#761 = PCURVE('',#137,#762);
#762 = DEFINITIONAL_REPRESENTATION('',(#763),#771);
#763 = ( BOUNDED_CURVE() B_SPLINE_CURVE(2,(#764,#765,#766,#767,#768,#769
,#770),.UNSPECIFIED.,.T.,.F.) B_SPLINE_CURVE_WITH_KNOTS((1,2,2,2,2,1),(
    -2.094395102393,0.E+000,2.094395102393,4.188790204786,6.28318530718,
8.377580409573),.UNSPECIFIED.) CURVE() GEOMETRIC_REPRESENTATION_ITEM() 
RATIONAL_B_SPLINE_CURVE((1.,0.5,1.,0.5,1.,0.5,1.)) REPRESENTATION_ITEM(
  '') );
#764 = CARTESIAN_POINT('',(-8.16200044,8.94999988));
#765 = CARTESIAN_POINT('',(-8.16200044,10.049852142806));
#766 = CARTESIAN_POINT('',(-7.20950044,9.499926011403));
#767 = CARTESIAN_POINT('',(-6.25700044,8.94999988));
#768 = CARTESIAN_POINT('',(-7.20950044,8.400073748597));
#769 = CARTESIAN_POINT('',(-8.16200044,7.850147617194));
#770 = CARTESIAN_POINT('',(-8.16200044,8.94999988));
#771 = ( GEOMETRIC_REPRESENTATION_CONTEXT(2) 
PARAMETRIC_REPRESENTATION_CONTEXT() REPRESENTATION_CONTEXT('2D SPACE',''
  ) );
#772 = ADVANCED_FACE('',(#773),#787,.F.);
#773 = FACE_BOUND('',#774,.T.);
#774 = EDGE_LOOP('',(#775,#805,#831,#832));
#775 = ORIENTED_EDGE('',*,*,#776,.T.);
#776 = EDGE_CURVE('',#777,#779,#781,.T.);
#777 = VERTEX_POINT('',#778);
#778 = CARTESIAN_POINT('',(3.62700062,27.432,0.E+000));
#779 = VERTEX_POINT('',#780);
#780 = CARTESIAN_POINT('',(3.62700062,27.432,1.13284));
#781 = SEAM_CURVE('',#782,(#786,#798),.PCURVE_S1.);
#782 = LINE('',#783,#784);
#783 = CARTESIAN_POINT('',(3.62700062,27.432,0.E+000));
#784 = VECTOR('',#785,1.);
#785 = DIRECTION('',(0.E+000,0.E+000,1.));
#786 = PCURVE('',#787,#792);
#787 = CYLINDRICAL_SURFACE('',#788,1.10000034);
#788 = AXIS2_PLACEMENT_3D('',#789,#790,#791);
#789 = CARTESIAN_POINT('',(2.52700028,27.432,0.E+000));
#790 = DIRECTION('',(0.E+000,0.E+000,-1.));
#791 = DIRECTION('',(1.,0.E+000,0.E+000));
#792 = DEFINITIONAL_REPRESENTATION('',(#793),#797);
#793 = LINE('',#794,#795);
#794 = CARTESIAN_POINT('',(0.E+000,0.E+000));
#795 = VECTOR('',#796,1.);
#796 = DIRECTION('',(0.E+000,-1.));
#797 = ( GEOMETRIC_REPRESENTATION_CONTEXT(2) 
PARAMETRIC_REPRESENTATION_CONTEXT() REPRESENTATION_CONTEXT('2D SPACE',''
  ) );
#798 = PCURVE('',#787,#799);
#799 = DEFINITIONAL_REPRESENTATION('',(#800),#804);
#800 = LINE('',#801,#802);
#801 = CARTESIAN_POINT('',(-6.28318530718,0.E+000));
#802 = VECTOR('',#803,1.);
#803 = DIRECTION('',(0.E+000,-1.));
#804 = ( GEOMETRIC_REPRESENTATION_CONTEXT(2) 
PARAMETRIC_REPRESENTATION_CONTEXT() REPRESENTATION_CONTEXT('2D SPACE',''
  ) );
#805 = ORIENTED_EDGE('',*,*,#806,.T.);
#806 = EDGE_CURVE('',#779,#779,#807,.T.);
#807 = SURFACE_CURVE('',#808,(#813,#820),.PCURVE_S1.);
#808 = CIRCLE('',#809,1.10000034);
#809 = AXIS2_PLACEMENT_3D('',#810,#811,#812);
#810 = CARTESIAN_POINT('',(2.52700028,27.432,1.13284));
#811 = DIRECTION('',(0.E+000,0.E+000,1.));
#812 = DIRECTION('',(1.,0.E+000,0.E+000));
#813 = PCURVE('',#787,#814);
#814 = DEFINITIONAL_REPRESENTATION('',(#815),#819);
#815 = LINE('',#816,#817);
#816 = CARTESIAN_POINT('',(0.E+000,-1.13284));
#817 = VECTOR('',#818,1.);
#818 = DIRECTION('',(-1.,0.E+000));
#819 = ( GEOMETRIC_REPRESENTATION_CONTEXT(2) 
PARAMETRIC_REPRESENTATION_CONTEXT() REPRESENTATION_CONTEXT('2D SPACE',''
  ) );
#820 = PCURVE('',#83,#821);
#821 = DEFINITIONAL_REPRESENTATION('',(#822),#830);
#822 = ( BOUNDED_CURVE() B_SPLINE_CURVE(2,(#823,#824,#825,#826,#827,#828
,#829),.UNSPECIFIED.,.T.,.F.) B_SPLINE_CURVE_WITH_KNOTS((1,2,2,2,2,1),(
    -2.094395102393,0.E+000,2.094395102393,4.188790204786,6.28318530718,
8.377580409573),.UNSPECIFIED.) CURVE() GEOMETRIC_REPRESENTATION_ITEM() 
RATIONAL_B_SPLINE_CURVE((1.,0.5,1.,0.5,1.,0.5,1.)) REPRESENTATION_ITEM(
  '') );
#823 = CARTESIAN_POINT('',(-3.62700062,27.559));
#824 = CARTESIAN_POINT('',(-3.62700062,29.464256477223));
#825 = CARTESIAN_POINT('',(-1.97700011,28.511628238612));
#826 = CARTESIAN_POINT('',(-0.3269996,27.559));
#827 = CARTESIAN_POINT('',(-1.97700011,26.606371761388));
#828 = CARTESIAN_POINT('',(-3.62700062,25.653743522777));
#829 = CARTESIAN_POINT('',(-3.62700062,27.559));
#830 = ( GEOMETRIC_REPRESENTATION_CONTEXT(2) 
PARAMETRIC_REPRESENTATION_CONTEXT() REPRESENTATION_CONTEXT('2D SPACE',''
  ) );
#831 = ORIENTED_EDGE('',*,*,#776,.F.);
#832 = ORIENTED_EDGE('',*,*,#833,.F.);
#833 = EDGE_CURVE('',#777,#777,#834,.T.);
#834 = SURFACE_CURVE('',#835,(#840,#847),.PCURVE_S1.);
#835 = CIRCLE('',#836,1.10000034);
#836 = AXIS2_PLACEMENT_3D('',#837,#838,#839);
#837 = CARTESIAN_POINT('',(2.52700028,27.432,0.E+000));
#838 = DIRECTION('',(0.E+000,0.E+000,1.));
#839 = DIRECTION('',(1.,0.E+000,0.E+000));
#840 = PCURVE('',#787,#841);
#841 = DEFINITIONAL_REPRESENTATION('',(#842),#846);
#842 = LINE('',#843,#844);
#843 = CARTESIAN_POINT('',(0.E+000,0.E+000));
#844 = VECTOR('',#845,1.);
#845 = DIRECTION('',(-1.,0.E+000));
#846 = ( GEOMETRIC_REPRESENTATION_CONTEXT(2) 
PARAMETRIC_REPRESENTATION_CONTEXT() REPRESENTATION_CONTEXT('2D SPACE',''
  ) );
#847 = PCURVE('',#137,#848);
#848 = DEFINITIONAL_REPRESENTATION('',(#849),#857);
#849 = ( BOUNDED_CURVE() B_SPLINE_CURVE(2,(#850,#851,#852,#853,#854,#855
,#856),.UNSPECIFIED.,.T.,.F.) B_SPLINE_CURVE_WITH_KNOTS((1,2,2,2,2,1),(
    -2.094395102393,0.E+000,2.094395102393,4.188790204786,6.28318530718,
8.377580409573),.UNSPECIFIED.) CURVE() GEOMETRIC_REPRESENTATION_ITEM() 
RATIONAL_B_SPLINE_CURVE((1.,0.5,1.,0.5,1.,0.5,1.)) REPRESENTATION_ITEM(
  '') );
#850 = CARTESIAN_POINT('',(-3.62700062,27.559));
#851 = CARTESIAN_POINT('',(-3.62700062,29.464256477223));
#852 = CARTESIAN_POINT('',(-1.97700011,28.511628238612));
#853 = CARTESIAN_POINT('',(-0.3269996,27.559));
#854 = CARTESIAN_POINT('',(-1.97700011,26.606371761388));
#855 = CARTESIAN_POINT('',(-3.62700062,25.653743522777));
#856 = CARTESIAN_POINT('',(-3.62700062,27.559));
#857 = ( GEOMETRIC_REPRESENTATION_CONTEXT(2) 
PARAMETRIC_REPRESENTATION_CONTEXT() REPRESENTATION_CONTEXT('2D SPACE',''
  ) );
#858 = ADVANCED_FACE('',(#859),#873,.F.);
#859 = FACE_BOUND('',#860,.T.);
#860 = EDGE_LOOP('',(#861,#891,#917,#918));
#861 = ORIENTED_EDGE('',*,*,#862,.T.);
#862 = EDGE_CURVE('',#863,#865,#867,.T.);
#863 = VERTEX_POINT('',#864);
#864 = CARTESIAN_POINT('',(4.05197056,31.23645772,0.E+000));
#865 = VERTEX_POINT('',#866);
#866 = CARTESIAN_POINT('',(4.05197056,31.23645772,1.13284));
#867 = SEAM_CURVE('',#868,(#872,#884),.PCURVE_S1.);
#868 = LINE('',#869,#870);
#869 = CARTESIAN_POINT('',(4.05197056,31.23645772,0.E+000));
#870 = VECTOR('',#871,1.);
#871 = DIRECTION('',(0.E+000,0.E+000,1.));
#872 = PCURVE('',#873,#878);
#873 = CYLINDRICAL_SURFACE('',#874,0.4750054);
#874 = AXIS2_PLACEMENT_3D('',#875,#876,#877);
#875 = CARTESIAN_POINT('',(3.57696516,31.23645772,0.E+000));
#876 = DIRECTION('',(0.E+000,0.E+000,-1.));
#877 = DIRECTION('',(1.,0.E+000,0.E+000));
#878 = DEFINITIONAL_REPRESENTATION('',(#879),#883);
#879 = LINE('',#880,#881);
#880 = CARTESIAN_POINT('',(0.E+000,0.E+000));
#881 = VECTOR('',#882,1.);
#882 = DIRECTION('',(0.E+000,-1.));
#883 = ( GEOMETRIC_REPRESENTATION_CONTEXT(2) 
PARAMETRIC_REPRESENTATION_CONTEXT() REPRESENTATION_CONTEXT('2D SPACE',''
  ) );
#884 = PCURVE('',#873,#885);
#885 = DEFINITIONAL_REPRESENTATION('',(#886),#890);
#886 = LINE('',#887,#888);
#887 = CARTESIAN_POINT('',(-6.28318530718,0.E+000));
#888 = VECTOR('',#889,1.);
#889 = DIRECTION('',(0.E+000,-1.));
#890 = ( GEOMETRIC_REPRESENTATION_CONTEXT(2) 
PARAMETRIC_REPRESENTATION_CONTEXT() REPRESENTATION_CONTEXT('2D SPACE',''
  ) );
#891 = ORIENTED_EDGE('',*,*,#892,.T.);
#892 = EDGE_CURVE('',#865,#865,#893,.T.);
#893 = SURFACE_CURVE('',#894,(#899,#906),.PCURVE_S1.);
#894 = CIRCLE('',#895,0.4750054);
#895 = AXIS2_PLACEMENT_3D('',#896,#897,#898);
#896 = CARTESIAN_POINT('',(3.57696516,31.23645772,1.13284));
#897 = DIRECTION('',(0.E+000,0.E+000,1.));
#898 = DIRECTION('',(1.,0.E+000,0.E+000));
#899 = PCURVE('',#873,#900);
#900 = DEFINITIONAL_REPRESENTATION('',(#901),#905);
#901 = LINE('',#902,#903);
#902 = CARTESIAN_POINT('',(0.E+000,-1.13284));
#903 = VECTOR('',#904,1.);
#904 = DIRECTION('',(-1.,0.E+000));
#905 = ( GEOMETRIC_REPRESENTATION_CONTEXT(2) 
PARAMETRIC_REPRESENTATION_CONTEXT() REPRESENTATION_CONTEXT('2D SPACE',''
  ) );
#906 = PCURVE('',#83,#907);
#907 = DEFINITIONAL_REPRESENTATION('',(#908),#916);
#908 = ( BOUNDED_CURVE() B_SPLINE_CURVE(2,(#909,#910,#911,#912,#913,#914
,#915),.UNSPECIFIED.,.T.,.F.) B_SPLINE_CURVE_WITH_KNOTS((1,2,2,2,2,1),(
    -2.094395102393,0.E+000,2.094395102393,4.188790204786,6.28318530718,
8.377580409573),.UNSPECIFIED.) CURVE() GEOMETRIC_REPRESENTATION_ITEM() 
RATIONAL_B_SPLINE_CURVE((1.,0.5,1.,0.5,1.,0.5,1.)) REPRESENTATION_ITEM(
  '') );
#909 = CARTESIAN_POINT('',(-4.05197056,31.36345772));
#910 = CARTESIAN_POINT('',(-4.05197056,32.18619120667));
#911 = CARTESIAN_POINT('',(-3.33946246,31.774824463335));
#912 = CARTESIAN_POINT('',(-2.62695436,31.36345772));
#913 = CARTESIAN_POINT('',(-3.33946246,30.952090976665));
#914 = CARTESIAN_POINT('',(-4.05197056,30.54072423333));
#915 = CARTESIAN_POINT('',(-4.05197056,31.36345772));
#916 = ( GEOMETRIC_REPRESENTATION_CONTEXT(2) 
PARAMETRIC_REPRESENTATION_CONTEXT() REPRESENTATION_CONTEXT('2D SPACE',''
  ) );
#917 = ORIENTED_EDGE('',*,*,#862,.F.);
#918 = ORIENTED_EDGE('',*,*,#919,.F.);
#919 = EDGE_CURVE('',#863,#863,#920,.T.);
#920 = SURFACE_CURVE('',#921,(#926,#933),.PCURVE_S1.);
#921 = CIRCLE('',#922,0.4750054);
#922 = AXIS2_PLACEMENT_3D('',#923,#924,#925);
#923 = CARTESIAN_POINT('',(3.57696516,31.23645772,0.E+000));
#924 = DIRECTION('',(0.E+000,0.E+000,1.));
#925 = DIRECTION('',(1.,0.E+000,0.E+000));
#926 = PCURVE('',#873,#927);
#927 = DEFINITIONAL_REPRESENTATION('',(#928),#932);
#928 = LINE('',#929,#930);
#929 = CARTESIAN_POINT('',(0.E+000,0.E+000));
#930 = VECTOR('',#931,1.);
#931 = DIRECTION('',(-1.,0.E+000));
#932 = ( GEOMETRIC_REPRESENTATION_CONTEXT(2) 
PARAMETRIC_REPRESENTATION_CONTEXT() REPRESENTATION_CONTEXT('2D SPACE',''
  ) );
#933 = PCURVE('',#137,#934);
#934 = DEFINITIONAL_REPRESENTATION('',(#935),#943);
#935 = ( BOUNDED_CURVE() B_SPLINE_CURVE(2,(#936,#937,#938,#939,#940,#941
,#942),.UNSPECIFIED.,.T.,.F.) B_SPLINE_CURVE_WITH_KNOTS((1,2,2,2,2,1),(
    -2.094395102393,0.E+000,2.094395102393,4.188790204786,6.28318530718,
8.377580409573),.UNSPECIFIED.) CURVE() GEOMETRIC_REPRESENTATION_ITEM() 
RATIONAL_B_SPLINE_CURVE((1.,0.5,1.,0.5,1.,0.5,1.)) REPRESENTATION_ITEM(
  '') );
#936 = CARTESIAN_POINT('',(-4.05197056,31.36345772));
#937 = CARTESIAN_POINT('',(-4.05197056,32.18619120667));
#938 = CARTESIAN_POINT('',(-3.33946246,31.774824463335));
#939 = CARTESIAN_POINT('',(-2.62695436,31.36345772));
#940 = CARTESIAN_POINT('',(-3.33946246,30.952090976665));
#941 = CARTESIAN_POINT('',(-4.05197056,30.54072423333));
#942 = CARTESIAN_POINT('',(-4.05197056,31.36345772));
#943 = ( GEOMETRIC_REPRESENTATION_CONTEXT(2) 
PARAMETRIC_REPRESENTATION_CONTEXT() REPRESENTATION_CONTEXT('2D SPACE',''
  ) );
#944 = ADVANCED_FACE('',(#945),#959,.F.);
#945 = FACE_BOUND('',#946,.T.);
#946 = EDGE_LOOP('',(#947,#977,#1003,#1004));
#947 = ORIENTED_EDGE('',*,*,#948,.T.);
#948 = EDGE_CURVE('',#949,#951,#953,.T.);
#949 = VERTEX_POINT('',#950);
#950 = CARTESIAN_POINT('',(5.66200036,16.32300012,0.E+000));
#951 = VERTEX_POINT('',#952);
#952 = CARTESIAN_POINT('',(5.66200036,16.32300012,1.13284));
#953 = SEAM_CURVE('',#954,(#958,#970),.PCURVE_S1.);
#954 = LINE('',#955,#956);
#955 = CARTESIAN_POINT('',(5.66200036,16.32300012,0.E+000));
#956 = VECTOR('',#957,1.);
#957 = DIRECTION('',(0.E+000,0.E+000,1.));
#958 = PCURVE('',#959,#964);
#959 = CYLINDRICAL_SURFACE('',#960,0.635);
#960 = AXIS2_PLACEMENT_3D('',#961,#962,#963);
#961 = CARTESIAN_POINT('',(5.02700036,16.32300012,0.E+000));
#962 = DIRECTION('',(0.E+000,0.E+000,-1.));
#963 = DIRECTION('',(1.,0.E+000,0.E+000));
#964 = DEFINITIONAL_REPRESENTATION('',(#965),#969);
#965 = LINE('',#966,#967);
#966 = CARTESIAN_POINT('',(0.E+000,0.E+000));
#967 = VECTOR('',#968,1.);
#968 = DIRECTION('',(0.E+000,-1.));
#969 = ( GEOMETRIC_REPRESENTATION_CONTEXT(2) 
PARAMETRIC_REPRESENTATION_CONTEXT() REPRESENTATION_CONTEXT('2D SPACE',''
  ) );
#970 = PCURVE('',#959,#971);
#971 = DEFINITIONAL_REPRESENTATION('',(#972),#976);
#972 = LINE('',#973,#974);
#973 = CARTESIAN_POINT('',(-6.28318530718,0.E+000));
#974 = VECTOR('',#975,1.);
#975 = DIRECTION('',(0.E+000,-1.));
#976 = ( GEOMETRIC_REPRESENTATION_CONTEXT(2) 
PARAMETRIC_REPRESENTATION_CONTEXT() REPRESENTATION_CONTEXT('2D SPACE',''
  ) );
#977 = ORIENTED_EDGE('',*,*,#978,.T.);
#978 = EDGE_CURVE('',#951,#951,#979,.T.);
#979 = SURFACE_CURVE('',#980,(#985,#992),.PCURVE_S1.);
#980 = CIRCLE('',#981,0.635);
#981 = AXIS2_PLACEMENT_3D('',#982,#983,#984);
#982 = CARTESIAN_POINT('',(5.02700036,16.32300012,1.13284));
#983 = DIRECTION('',(0.E+000,0.E+000,1.));
#984 = DIRECTION('',(1.,0.E+000,0.E+000));
#985 = PCURVE('',#959,#986);
#986 = DEFINITIONAL_REPRESENTATION('',(#987),#991);
#987 = LINE('',#988,#989);
#988 = CARTESIAN_POINT('',(0.E+000,-1.13284));
#989 = VECTOR('',#990,1.);
#990 = DIRECTION('',(-1.,0.E+000));
#991 = ( GEOMETRIC_REPRESENTATION_CONTEXT(2) 
PARAMETRIC_REPRESENTATION_CONTEXT() REPRESENTATION_CONTEXT('2D SPACE',''
  ) );
#992 = PCURVE('',#83,#993);
#993 = DEFINITIONAL_REPRESENTATION('',(#994),#1002);
#994 = ( BOUNDED_CURVE() B_SPLINE_CURVE(2,(#995,#996,#997,#998,#999,
#1000,#1001),.UNSPECIFIED.,.T.,.F.) B_SPLINE_CURVE_WITH_KNOTS((1,2,2,2,2
    ,1),(-2.094395102393,0.E+000,2.094395102393,4.188790204786,
6.28318530718,8.377580409573),.UNSPECIFIED.) CURVE() 
GEOMETRIC_REPRESENTATION_ITEM() RATIONAL_B_SPLINE_CURVE((1.,0.5,1.,0.5,
1.,0.5,1.)) REPRESENTATION_ITEM('') );
#995 = CARTESIAN_POINT('',(-5.66200036,16.45000012));
#996 = CARTESIAN_POINT('',(-5.66200036,17.549852382806));
#997 = CARTESIAN_POINT('',(-4.70950036,16.999926251403));
#998 = CARTESIAN_POINT('',(-3.75700036,16.45000012));
#999 = CARTESIAN_POINT('',(-4.70950036,15.900073988597));
#1000 = CARTESIAN_POINT('',(-5.66200036,15.350147857194));
#1001 = CARTESIAN_POINT('',(-5.66200036,16.45000012));
#1002 = ( GEOMETRIC_REPRESENTATION_CONTEXT(2) 
PARAMETRIC_REPRESENTATION_CONTEXT() REPRESENTATION_CONTEXT('2D SPACE',''
  ) );
#1003 = ORIENTED_EDGE('',*,*,#948,.F.);
#1004 = ORIENTED_EDGE('',*,*,#1005,.F.);
#1005 = EDGE_CURVE('',#949,#949,#1006,.T.);
#1006 = SURFACE_CURVE('',#1007,(#1012,#1019),.PCURVE_S1.);
#1007 = CIRCLE('',#1008,0.635);
#1008 = AXIS2_PLACEMENT_3D('',#1009,#1010,#1011);
#1009 = CARTESIAN_POINT('',(5.02700036,16.32300012,0.E+000));
#1010 = DIRECTION('',(0.E+000,0.E+000,1.));
#1011 = DIRECTION('',(1.,0.E+000,0.E+000));
#1012 = PCURVE('',#959,#1013);
#1013 = DEFINITIONAL_REPRESENTATION('',(#1014),#1018);
#1014 = LINE('',#1015,#1016);
#1015 = CARTESIAN_POINT('',(0.E+000,0.E+000));
#1016 = VECTOR('',#1017,1.);
#1017 = DIRECTION('',(-1.,0.E+000));
#1018 = ( GEOMETRIC_REPRESENTATION_CONTEXT(2) 
PARAMETRIC_REPRESENTATION_CONTEXT() REPRESENTATION_CONTEXT('2D SPACE',''
  ) );
#1019 = PCURVE('',#137,#1020);
#1020 = DEFINITIONAL_REPRESENTATION('',(#1021),#1029);
#1021 = ( BOUNDED_CURVE() B_SPLINE_CURVE(2,(#1022,#1023,#1024,#1025,
#1026,#1027,#1028),.UNSPECIFIED.,.T.,.F.) B_SPLINE_CURVE_WITH_KNOTS((1,2
    ,2,2,2,1),(-2.094395102393,0.E+000,2.094395102393,4.188790204786,
6.28318530718,8.377580409573),.UNSPECIFIED.) CURVE() 
GEOMETRIC_REPRESENTATION_ITEM() RATIONAL_B_SPLINE_CURVE((1.,0.5,1.,0.5,
1.,0.5,1.)) REPRESENTATION_ITEM('') );
#1022 = CARTESIAN_POINT('',(-5.66200036,16.45000012));
#1023 = CARTESIAN_POINT('',(-5.66200036,17.549852382806));
#1024 = CARTESIAN_POINT('',(-4.70950036,16.999926251403));
#1025 = CARTESIAN_POINT('',(-3.75700036,16.45000012));
#1026 = CARTESIAN_POINT('',(-4.70950036,15.900073988597));
#1027 = CARTESIAN_POINT('',(-5.66200036,15.350147857194));
#1028 = CARTESIAN_POINT('',(-5.66200036,16.45000012));
#1029 = ( GEOMETRIC_REPRESENTATION_CONTEXT(2) 
PARAMETRIC_REPRESENTATION_CONTEXT() REPRESENTATION_CONTEXT('2D SPACE',''
  ) );
#1030 = ADVANCED_FACE('',(#1031),#1045,.F.);
#1031 = FACE_BOUND('',#1032,.T.);
#1032 = EDGE_LOOP('',(#1033,#1063,#1089,#1090));
#1033 = ORIENTED_EDGE('',*,*,#1034,.T.);
#1034 = EDGE_CURVE('',#1035,#1037,#1039,.T.);
#1035 = VERTEX_POINT('',#1036);
#1036 = CARTESIAN_POINT('',(8.16200044,16.32300012,0.E+000));
#1037 = VERTEX_POINT('',#1038);
#1038 = CARTESIAN_POINT('',(8.16200044,16.32300012,1.13284));
#1039 = SEAM_CURVE('',#1040,(#1044,#1056),.PCURVE_S1.);
#1040 = LINE('',#1041,#1042);
#1041 = CARTESIAN_POINT('',(8.16200044,16.32300012,0.E+000));
#1042 = VECTOR('',#1043,1.);
#1043 = DIRECTION('',(0.E+000,0.E+000,1.));
#1044 = PCURVE('',#1045,#1050);
#1045 = CYLINDRICAL_SURFACE('',#1046,0.635);
#1046 = AXIS2_PLACEMENT_3D('',#1047,#1048,#1049);
#1047 = CARTESIAN_POINT('',(7.52700044,16.32300012,0.E+000));
#1048 = DIRECTION('',(0.E+000,0.E+000,-1.));
#1049 = DIRECTION('',(1.,0.E+000,0.E+000));
#1050 = DEFINITIONAL_REPRESENTATION('',(#1051),#1055);
#1051 = LINE('',#1052,#1053);
#1052 = CARTESIAN_POINT('',(0.E+000,0.E+000));
#1053 = VECTOR('',#1054,1.);
#1054 = DIRECTION('',(0.E+000,-1.));
#1055 = ( GEOMETRIC_REPRESENTATION_CONTEXT(2) 
PARAMETRIC_REPRESENTATION_CONTEXT() REPRESENTATION_CONTEXT('2D SPACE',''
  ) );
#1056 = PCURVE('',#1045,#1057);
#1057 = DEFINITIONAL_REPRESENTATION('',(#1058),#1062);
#1058 = LINE('',#1059,#1060);
#1059 = CARTESIAN_POINT('',(-6.28318530718,0.E+000));
#1060 = VECTOR('',#1061,1.);
#1061 = DIRECTION('',(0.E+000,-1.));
#1062 = ( GEOMETRIC_REPRESENTATION_CONTEXT(2) 
PARAMETRIC_REPRESENTATION_CONTEXT() REPRESENTATION_CONTEXT('2D SPACE',''
  ) );
#1063 = ORIENTED_EDGE('',*,*,#1064,.T.);
#1064 = EDGE_CURVE('',#1037,#1037,#1065,.T.);
#1065 = SURFACE_CURVE('',#1066,(#1071,#1078),.PCURVE_S1.);
#1066 = CIRCLE('',#1067,0.635);
#1067 = AXIS2_PLACEMENT_3D('',#1068,#1069,#1070);
#1068 = CARTESIAN_POINT('',(7.52700044,16.32300012,1.13284));
#1069 = DIRECTION('',(0.E+000,0.E+000,1.));
#1070 = DIRECTION('',(1.,0.E+000,0.E+000));
#1071 = PCURVE('',#1045,#1072);
#1072 = DEFINITIONAL_REPRESENTATION('',(#1073),#1077);
#1073 = LINE('',#1074,#1075);
#1074 = CARTESIAN_POINT('',(0.E+000,-1.13284));
#1075 = VECTOR('',#1076,1.);
#1076 = DIRECTION('',(-1.,0.E+000));
#1077 = ( GEOMETRIC_REPRESENTATION_CONTEXT(2) 
PARAMETRIC_REPRESENTATION_CONTEXT() REPRESENTATION_CONTEXT('2D SPACE',''
  ) );
#1078 = PCURVE('',#83,#1079);
#1079 = DEFINITIONAL_REPRESENTATION('',(#1080),#1088);
#1080 = ( BOUNDED_CURVE() B_SPLINE_CURVE(2,(#1081,#1082,#1083,#1084,
#1085,#1086,#1087),.UNSPECIFIED.,.T.,.F.) B_SPLINE_CURVE_WITH_KNOTS((1,2
    ,2,2,2,1),(-2.094395102393,0.E+000,2.094395102393,4.188790204786,
6.28318530718,8.377580409573),.UNSPECIFIED.) CURVE() 
GEOMETRIC_REPRESENTATION_ITEM() RATIONAL_B_SPLINE_CURVE((1.,0.5,1.,0.5,
1.,0.5,1.)) REPRESENTATION_ITEM('') );
#1081 = CARTESIAN_POINT('',(-8.16200044,16.45000012));
#1082 = CARTESIAN_POINT('',(-8.16200044,17.549852382806));
#1083 = CARTESIAN_POINT('',(-7.20950044,16.999926251403));
#1084 = CARTESIAN_POINT('',(-6.25700044,16.45000012));
#1085 = CARTESIAN_POINT('',(-7.20950044,15.900073988597));
#1086 = CARTESIAN_POINT('',(-8.16200044,15.350147857194));
#1087 = CARTESIAN_POINT('',(-8.16200044,16.45000012));
#1088 = ( GEOMETRIC_REPRESENTATION_CONTEXT(2) 
PARAMETRIC_REPRESENTATION_CONTEXT() REPRESENTATION_CONTEXT('2D SPACE',''
  ) );
#1089 = ORIENTED_EDGE('',*,*,#1034,.F.);
#1090 = ORIENTED_EDGE('',*,*,#1091,.F.);
#1091 = EDGE_CURVE('',#1035,#1035,#1092,.T.);
#1092 = SURFACE_CURVE('',#1093,(#1098,#1105),.PCURVE_S1.);
#1093 = CIRCLE('',#1094,0.635);
#1094 = AXIS2_PLACEMENT_3D('',#1095,#1096,#1097);
#1095 = CARTESIAN_POINT('',(7.52700044,16.32300012,0.E+000));
#1096 = DIRECTION('',(0.E+000,0.E+000,1.));
#1097 = DIRECTION('',(1.,0.E+000,0.E+000));
#1098 = PCURVE('',#1045,#1099);
#1099 = DEFINITIONAL_REPRESENTATION('',(#1100),#1104);
#1100 = LINE('',#1101,#1102);
#1101 = CARTESIAN_POINT('',(0.E+000,0.E+000));
#1102 = VECTOR('',#1103,1.);
#1103 = DIRECTION('',(-1.,0.E+000));
#1104 = ( GEOMETRIC_REPRESENTATION_CONTEXT(2) 
PARAMETRIC_REPRESENTATION_CONTEXT() REPRESENTATION_CONTEXT('2D SPACE',''
  ) );
#1105 = PCURVE('',#137,#1106);
#1106 = DEFINITIONAL_REPRESENTATION('',(#1107),#1115);
#1107 = ( BOUNDED_CURVE() B_SPLINE_CURVE(2,(#1108,#1109,#1110,#1111,
#1112,#1113,#1114),.UNSPECIFIED.,.T.,.F.) B_SPLINE_CURVE_WITH_KNOTS((1,2
    ,2,2,2,1),(-2.094395102393,0.E+000,2.094395102393,4.188790204786,
6.28318530718,8.377580409573),.UNSPECIFIED.) CURVE() 
GEOMETRIC_REPRESENTATION_ITEM() RATIONAL_B_SPLINE_CURVE((1.,0.5,1.,0.5,
1.,0.5,1.)) REPRESENTATION_ITEM('') );
#1108 = CARTESIAN_POINT('',(-8.16200044,16.45000012));
#1109 = CARTESIAN_POINT('',(-8.16200044,17.549852382806));
#1110 = CARTESIAN_POINT('',(-7.20950044,16.999926251403));
#1111 = CARTESIAN_POINT('',(-6.25700044,16.45000012));
#1112 = CARTESIAN_POINT('',(-7.20950044,15.900073988597));
#1113 = CARTESIAN_POINT('',(-8.16200044,15.350147857194));
#1114 = CARTESIAN_POINT('',(-8.16200044,16.45000012));
#1115 = ( GEOMETRIC_REPRESENTATION_CONTEXT(2) 
PARAMETRIC_REPRESENTATION_CONTEXT() REPRESENTATION_CONTEXT('2D SPACE',''
  ) );
#1116 = ADVANCED_FACE('',(#1117),#1131,.F.);
#1117 = FACE_BOUND('',#1118,.T.);
#1118 = EDGE_LOOP('',(#1119,#1149,#1175,#1176));
#1119 = ORIENTED_EDGE('',*,*,#1120,.T.);
#1120 = EDGE_CURVE('',#1121,#1123,#1125,.T.);
#1121 = VERTEX_POINT('',#1122);
#1122 = CARTESIAN_POINT('',(8.85206256,31.23635612,0.E+000));
#1123 = VERTEX_POINT('',#1124);
#1124 = CARTESIAN_POINT('',(8.85206256,31.23635612,1.13284));
#1125 = SEAM_CURVE('',#1126,(#1130,#1142),.PCURVE_S1.);
#1126 = LINE('',#1127,#1128);
#1127 = CARTESIAN_POINT('',(8.85206256,31.23635612,0.E+000));
#1128 = VECTOR('',#1129,1.);
#1129 = DIRECTION('',(0.E+000,0.E+000,1.));
#1130 = PCURVE('',#1131,#1136);
#1131 = CYLINDRICAL_SURFACE('',#1132,0.4750054);
#1132 = AXIS2_PLACEMENT_3D('',#1133,#1134,#1135);
#1133 = CARTESIAN_POINT('',(8.37705716,31.23635612,0.E+000));
#1134 = DIRECTION('',(0.E+000,0.E+000,-1.));
#1135 = DIRECTION('',(1.,0.E+000,0.E+000));
#1136 = DEFINITIONAL_REPRESENTATION('',(#1137),#1141);
#1137 = LINE('',#1138,#1139);
#1138 = CARTESIAN_POINT('',(0.E+000,0.E+000));
#1139 = VECTOR('',#1140,1.);
#1140 = DIRECTION('',(0.E+000,-1.));
#1141 = ( GEOMETRIC_REPRESENTATION_CONTEXT(2) 
PARAMETRIC_REPRESENTATION_CONTEXT() REPRESENTATION_CONTEXT('2D SPACE',''
  ) );
#1142 = PCURVE('',#1131,#1143);
#1143 = DEFINITIONAL_REPRESENTATION('',(#1144),#1148);
#1144 = LINE('',#1145,#1146);
#1145 = CARTESIAN_POINT('',(-6.28318530718,0.E+000));
#1146 = VECTOR('',#1147,1.);
#1147 = DIRECTION('',(0.E+000,-1.));
#1148 = ( GEOMETRIC_REPRESENTATION_CONTEXT(2) 
PARAMETRIC_REPRESENTATION_CONTEXT() REPRESENTATION_CONTEXT('2D SPACE',''
  ) );
#1149 = ORIENTED_EDGE('',*,*,#1150,.T.);
#1150 = EDGE_CURVE('',#1123,#1123,#1151,.T.);
#1151 = SURFACE_CURVE('',#1152,(#1157,#1164),.PCURVE_S1.);
#1152 = CIRCLE('',#1153,0.4750054);
#1153 = AXIS2_PLACEMENT_3D('',#1154,#1155,#1156);
#1154 = CARTESIAN_POINT('',(8.37705716,31.23635612,1.13284));
#1155 = DIRECTION('',(0.E+000,0.E+000,1.));
#1156 = DIRECTION('',(1.,0.E+000,0.E+000));
#1157 = PCURVE('',#1131,#1158);
#1158 = DEFINITIONAL_REPRESENTATION('',(#1159),#1163);
#1159 = LINE('',#1160,#1161);
#1160 = CARTESIAN_POINT('',(0.E+000,-1.13284));
#1161 = VECTOR('',#1162,1.);
#1162 = DIRECTION('',(-1.,0.E+000));
#1163 = ( GEOMETRIC_REPRESENTATION_CONTEXT(2) 
PARAMETRIC_REPRESENTATION_CONTEXT() REPRESENTATION_CONTEXT('2D SPACE',''
  ) );
#1164 = PCURVE('',#83,#1165);
#1165 = DEFINITIONAL_REPRESENTATION('',(#1166),#1174);
#1166 = ( BOUNDED_CURVE() B_SPLINE_CURVE(2,(#1167,#1168,#1169,#1170,
#1171,#1172,#1173),.UNSPECIFIED.,.T.,.F.) B_SPLINE_CURVE_WITH_KNOTS((1,2
    ,2,2,2,1),(-2.094395102393,0.E+000,2.094395102393,4.188790204786,
6.28318530718,8.377580409573),.UNSPECIFIED.) CURVE() 
GEOMETRIC_REPRESENTATION_ITEM() RATIONAL_B_SPLINE_CURVE((1.,0.5,1.,0.5,
1.,0.5,1.)) REPRESENTATION_ITEM('') );
#1167 = CARTESIAN_POINT('',(-8.85206256,31.36335612));
#1168 = CARTESIAN_POINT('',(-8.85206256,32.18608960667));
#1169 = CARTESIAN_POINT('',(-8.13955446,31.774722863335));
#1170 = CARTESIAN_POINT('',(-7.42704636,31.36335612));
#1171 = CARTESIAN_POINT('',(-8.13955446,30.951989376665));
#1172 = CARTESIAN_POINT('',(-8.85206256,30.54062263333));
#1173 = CARTESIAN_POINT('',(-8.85206256,31.36335612));
#1174 = ( GEOMETRIC_REPRESENTATION_CONTEXT(2) 
PARAMETRIC_REPRESENTATION_CONTEXT() REPRESENTATION_CONTEXT('2D SPACE',''
  ) );
#1175 = ORIENTED_EDGE('',*,*,#1120,.F.);
#1176 = ORIENTED_EDGE('',*,*,#1177,.F.);
#1177 = EDGE_CURVE('',#1121,#1121,#1178,.T.);
#1178 = SURFACE_CURVE('',#1179,(#1184,#1191),.PCURVE_S1.);
#1179 = CIRCLE('',#1180,0.4750054);
#1180 = AXIS2_PLACEMENT_3D('',#1181,#1182,#1183);
#1181 = CARTESIAN_POINT('',(8.37705716,31.23635612,0.E+000));
#1182 = DIRECTION('',(0.E+000,0.E+000,1.));
#1183 = DIRECTION('',(1.,0.E+000,0.E+000));
#1184 = PCURVE('',#1131,#1185);
#1185 = DEFINITIONAL_REPRESENTATION('',(#1186),#1190);
#1186 = LINE('',#1187,#1188);
#1187 = CARTESIAN_POINT('',(0.E+000,0.E+000));
#1188 = VECTOR('',#1189,1.);
#1189 = DIRECTION('',(-1.,0.E+000));
#1190 = ( GEOMETRIC_REPRESENTATION_CONTEXT(2) 
PARAMETRIC_REPRESENTATION_CONTEXT() REPRESENTATION_CONTEXT('2D SPACE',''
  ) );
#1191 = PCURVE('',#137,#1192);
#1192 = DEFINITIONAL_REPRESENTATION('',(#1193),#1201);
#1193 = ( BOUNDED_CURVE() B_SPLINE_CURVE(2,(#1194,#1195,#1196,#1197,
#1198,#1199,#1200),.UNSPECIFIED.,.T.,.F.) B_SPLINE_CURVE_WITH_KNOTS((1,2
    ,2,2,2,1),(-2.094395102393,0.E+000,2.094395102393,4.188790204786,
6.28318530718,8.377580409573),.UNSPECIFIED.) CURVE() 
GEOMETRIC_REPRESENTATION_ITEM() RATIONAL_B_SPLINE_CURVE((1.,0.5,1.,0.5,
1.,0.5,1.)) REPRESENTATION_ITEM('') );
#1194 = CARTESIAN_POINT('',(-8.85206256,31.36335612));
#1195 = CARTESIAN_POINT('',(-8.85206256,32.18608960667));
#1196 = CARTESIAN_POINT('',(-8.13955446,31.774722863335));
#1197 = CARTESIAN_POINT('',(-7.42704636,31.36335612));
#1198 = CARTESIAN_POINT('',(-8.13955446,30.951989376665));
#1199 = CARTESIAN_POINT('',(-8.85206256,30.54062263333));
#1200 = CARTESIAN_POINT('',(-8.85206256,31.36335612));
#1201 = ( GEOMETRIC_REPRESENTATION_CONTEXT(2) 
PARAMETRIC_REPRESENTATION_CONTEXT() REPRESENTATION_CONTEXT('2D SPACE',''
  ) );
#1202 = ADVANCED_FACE('',(#1203),#1217,.F.);
#1203 = FACE_BOUND('',#1204,.T.);
#1204 = EDGE_LOOP('',(#1205,#1235,#1261,#1262));
#1205 = ORIENTED_EDGE('',*,*,#1206,.T.);
#1206 = EDGE_CURVE('',#1207,#1209,#1211,.T.);
#1207 = VERTEX_POINT('',#1208);
#1208 = CARTESIAN_POINT('',(15.68099988,8.82299988,0.E+000));
#1209 = VERTEX_POINT('',#1210);
#1210 = CARTESIAN_POINT('',(15.68099988,8.82299988,1.13284));
#1211 = SEAM_CURVE('',#1212,(#1216,#1228),.PCURVE_S1.);
#1212 = LINE('',#1213,#1214);
#1213 = CARTESIAN_POINT('',(15.68099988,8.82299988,0.E+000));
#1214 = VECTOR('',#1215,1.);
#1215 = DIRECTION('',(0.E+000,0.E+000,1.));
#1216 = PCURVE('',#1217,#1222);
#1217 = CYLINDRICAL_SURFACE('',#1218,0.635);
#1218 = AXIS2_PLACEMENT_3D('',#1219,#1220,#1221);
#1219 = CARTESIAN_POINT('',(15.04599988,8.82299988,0.E+000));
#1220 = DIRECTION('',(0.E+000,0.E+000,-1.));
#1221 = DIRECTION('',(1.,0.E+000,0.E+000));
#1222 = DEFINITIONAL_REPRESENTATION('',(#1223),#1227);
#1223 = LINE('',#1224,#1225);
#1224 = CARTESIAN_POINT('',(0.E+000,0.E+000));
#1225 = VECTOR('',#1226,1.);
#1226 = DIRECTION('',(0.E+000,-1.));
#1227 = ( GEOMETRIC_REPRESENTATION_CONTEXT(2) 
PARAMETRIC_REPRESENTATION_CONTEXT() REPRESENTATION_CONTEXT('2D SPACE',''
  ) );
#1228 = PCURVE('',#1217,#1229);
#1229 = DEFINITIONAL_REPRESENTATION('',(#1230),#1234);
#1230 = LINE('',#1231,#1232);
#1231 = CARTESIAN_POINT('',(-6.28318530718,0.E+000));
#1232 = VECTOR('',#1233,1.);
#1233 = DIRECTION('',(0.E+000,-1.));
#1234 = ( GEOMETRIC_REPRESENTATION_CONTEXT(2) 
PARAMETRIC_REPRESENTATION_CONTEXT() REPRESENTATION_CONTEXT('2D SPACE',''
  ) );
#1235 = ORIENTED_EDGE('',*,*,#1236,.T.);
#1236 = EDGE_CURVE('',#1209,#1209,#1237,.T.);
#1237 = SURFACE_CURVE('',#1238,(#1243,#1250),.PCURVE_S1.);
#1238 = CIRCLE('',#1239,0.635);
#1239 = AXIS2_PLACEMENT_3D('',#1240,#1241,#1242);
#1240 = CARTESIAN_POINT('',(15.04599988,8.82299988,1.13284));
#1241 = DIRECTION('',(0.E+000,0.E+000,1.));
#1242 = DIRECTION('',(1.,0.E+000,0.E+000));
#1243 = PCURVE('',#1217,#1244);
#1244 = DEFINITIONAL_REPRESENTATION('',(#1245),#1249);
#1245 = LINE('',#1246,#1247);
#1246 = CARTESIAN_POINT('',(0.E+000,-1.13284));
#1247 = VECTOR('',#1248,1.);
#1248 = DIRECTION('',(-1.,0.E+000));
#1249 = ( GEOMETRIC_REPRESENTATION_CONTEXT(2) 
PARAMETRIC_REPRESENTATION_CONTEXT() REPRESENTATION_CONTEXT('2D SPACE',''
  ) );
#1250 = PCURVE('',#83,#1251);
#1251 = DEFINITIONAL_REPRESENTATION('',(#1252),#1260);
#1252 = ( BOUNDED_CURVE() B_SPLINE_CURVE(2,(#1253,#1254,#1255,#1256,
#1257,#1258,#1259),.UNSPECIFIED.,.T.,.F.) B_SPLINE_CURVE_WITH_KNOTS((1,2
    ,2,2,2,1),(-2.094395102393,0.E+000,2.094395102393,4.188790204786,
6.28318530718,8.377580409573),.UNSPECIFIED.) CURVE() 
GEOMETRIC_REPRESENTATION_ITEM() RATIONAL_B_SPLINE_CURVE((1.,0.5,1.,0.5,
1.,0.5,1.)) REPRESENTATION_ITEM('') );
#1253 = CARTESIAN_POINT('',(-15.68099988,8.94999988));
#1254 = CARTESIAN_POINT('',(-15.68099988,10.049852142806));
#1255 = CARTESIAN_POINT('',(-14.72849988,9.499926011403));
#1256 = CARTESIAN_POINT('',(-13.77599988,8.94999988));
#1257 = CARTESIAN_POINT('',(-14.72849988,8.400073748597));
#1258 = CARTESIAN_POINT('',(-15.68099988,7.850147617194));
#1259 = CARTESIAN_POINT('',(-15.68099988,8.94999988));
#1260 = ( GEOMETRIC_REPRESENTATION_CONTEXT(2) 
PARAMETRIC_REPRESENTATION_CONTEXT() REPRESENTATION_CONTEXT('2D SPACE',''
  ) );
#1261 = ORIENTED_EDGE('',*,*,#1206,.F.);
#1262 = ORIENTED_EDGE('',*,*,#1263,.F.);
#1263 = EDGE_CURVE('',#1207,#1207,#1264,.T.);
#1264 = SURFACE_CURVE('',#1265,(#1270,#1277),.PCURVE_S1.);
#1265 = CIRCLE('',#1266,0.635);
#1266 = AXIS2_PLACEMENT_3D('',#1267,#1268,#1269);
#1267 = CARTESIAN_POINT('',(15.04599988,8.82299988,0.E+000));
#1268 = DIRECTION('',(0.E+000,0.E+000,1.));
#1269 = DIRECTION('',(1.,0.E+000,0.E+000));
#1270 = PCURVE('',#1217,#1271);
#1271 = DEFINITIONAL_REPRESENTATION('',(#1272),#1276);
#1272 = LINE('',#1273,#1274);
#1273 = CARTESIAN_POINT('',(0.E+000,0.E+000));
#1274 = VECTOR('',#1275,1.);
#1275 = DIRECTION('',(-1.,0.E+000));
#1276 = ( GEOMETRIC_REPRESENTATION_CONTEXT(2) 
PARAMETRIC_REPRESENTATION_CONTEXT() REPRESENTATION_CONTEXT('2D SPACE',''
  ) );
#1277 = PCURVE('',#137,#1278);
#1278 = DEFINITIONAL_REPRESENTATION('',(#1279),#1287);
#1279 = ( BOUNDED_CURVE() B_SPLINE_CURVE(2,(#1280,#1281,#1282,#1283,
#1284,#1285,#1286),.UNSPECIFIED.,.T.,.F.) B_SPLINE_CURVE_WITH_KNOTS((1,2
    ,2,2,2,1),(-2.094395102393,0.E+000,2.094395102393,4.188790204786,
6.28318530718,8.377580409573),.UNSPECIFIED.) CURVE() 
GEOMETRIC_REPRESENTATION_ITEM() RATIONAL_B_SPLINE_CURVE((1.,0.5,1.,0.5,
1.,0.5,1.)) REPRESENTATION_ITEM('') );
#1280 = CARTESIAN_POINT('',(-15.68099988,8.94999988));
#1281 = CARTESIAN_POINT('',(-15.68099988,10.049852142806));
#1282 = CARTESIAN_POINT('',(-14.72849988,9.499926011403));
#1283 = CARTESIAN_POINT('',(-13.77599988,8.94999988));
#1284 = CARTESIAN_POINT('',(-14.72849988,8.400073748597));
#1285 = CARTESIAN_POINT('',(-15.68099988,7.850147617194));
#1286 = CARTESIAN_POINT('',(-15.68099988,8.94999988));
#1287 = ( GEOMETRIC_REPRESENTATION_CONTEXT(2) 
PARAMETRIC_REPRESENTATION_CONTEXT() REPRESENTATION_CONTEXT('2D SPACE',''
  ) );
#1288 = ADVANCED_FACE('',(#1289),#1303,.F.);
#1289 = FACE_BOUND('',#1290,.T.);
#1290 = EDGE_LOOP('',(#1291,#1321,#1347,#1348));
#1291 = ORIENTED_EDGE('',*,*,#1292,.T.);
#1292 = EDGE_CURVE('',#1293,#1295,#1297,.T.);
#1293 = VERTEX_POINT('',#1294);
#1294 = CARTESIAN_POINT('',(15.68099988,16.32300012,0.E+000));
#1295 = VERTEX_POINT('',#1296);
#1296 = CARTESIAN_POINT('',(15.68099988,16.32300012,1.13284));
#1297 = SEAM_CURVE('',#1298,(#1302,#1314),.PCURVE_S1.);
#1298 = LINE('',#1299,#1300);
#1299 = CARTESIAN_POINT('',(15.68099988,16.32300012,0.E+000));
#1300 = VECTOR('',#1301,1.);
#1301 = DIRECTION('',(0.E+000,0.E+000,1.));
#1302 = PCURVE('',#1303,#1308);
#1303 = CYLINDRICAL_SURFACE('',#1304,0.635);
#1304 = AXIS2_PLACEMENT_3D('',#1305,#1306,#1307);
#1305 = CARTESIAN_POINT('',(15.04599988,16.32300012,0.E+000));
#1306 = DIRECTION('',(0.E+000,0.E+000,-1.));
#1307 = DIRECTION('',(1.,0.E+000,0.E+000));
#1308 = DEFINITIONAL_REPRESENTATION('',(#1309),#1313);
#1309 = LINE('',#1310,#1311);
#1310 = CARTESIAN_POINT('',(0.E+000,0.E+000));
#1311 = VECTOR('',#1312,1.);
#1312 = DIRECTION('',(0.E+000,-1.));
#1313 = ( GEOMETRIC_REPRESENTATION_CONTEXT(2) 
PARAMETRIC_REPRESENTATION_CONTEXT() REPRESENTATION_CONTEXT('2D SPACE',''
  ) );
#1314 = PCURVE('',#1303,#1315);
#1315 = DEFINITIONAL_REPRESENTATION('',(#1316),#1320);
#1316 = LINE('',#1317,#1318);
#1317 = CARTESIAN_POINT('',(-6.28318530718,0.E+000));
#1318 = VECTOR('',#1319,1.);
#1319 = DIRECTION('',(0.E+000,-1.));
#1320 = ( GEOMETRIC_REPRESENTATION_CONTEXT(2) 
PARAMETRIC_REPRESENTATION_CONTEXT() REPRESENTATION_CONTEXT('2D SPACE',''
  ) );
#1321 = ORIENTED_EDGE('',*,*,#1322,.T.);
#1322 = EDGE_CURVE('',#1295,#1295,#1323,.T.);
#1323 = SURFACE_CURVE('',#1324,(#1329,#1336),.PCURVE_S1.);
#1324 = CIRCLE('',#1325,0.635);
#1325 = AXIS2_PLACEMENT_3D('',#1326,#1327,#1328);
#1326 = CARTESIAN_POINT('',(15.04599988,16.32300012,1.13284));
#1327 = DIRECTION('',(0.E+000,0.E+000,1.));
#1328 = DIRECTION('',(1.,0.E+000,0.E+000));
#1329 = PCURVE('',#1303,#1330);
#1330 = DEFINITIONAL_REPRESENTATION('',(#1331),#1335);
#1331 = LINE('',#1332,#1333);
#1332 = CARTESIAN_POINT('',(0.E+000,-1.13284));
#1333 = VECTOR('',#1334,1.);
#1334 = DIRECTION('',(-1.,0.E+000));
#1335 = ( GEOMETRIC_REPRESENTATION_CONTEXT(2) 
PARAMETRIC_REPRESENTATION_CONTEXT() REPRESENTATION_CONTEXT('2D SPACE',''
  ) );
#1336 = PCURVE('',#83,#1337);
#1337 = DEFINITIONAL_REPRESENTATION('',(#1338),#1346);
#1338 = ( BOUNDED_CURVE() B_SPLINE_CURVE(2,(#1339,#1340,#1341,#1342,
#1343,#1344,#1345),.UNSPECIFIED.,.T.,.F.) B_SPLINE_CURVE_WITH_KNOTS((1,2
    ,2,2,2,1),(-2.094395102393,0.E+000,2.094395102393,4.188790204786,
6.28318530718,8.377580409573),.UNSPECIFIED.) CURVE() 
GEOMETRIC_REPRESENTATION_ITEM() RATIONAL_B_SPLINE_CURVE((1.,0.5,1.,0.5,
1.,0.5,1.)) REPRESENTATION_ITEM('') );
#1339 = CARTESIAN_POINT('',(-15.68099988,16.45000012));
#1340 = CARTESIAN_POINT('',(-15.68099988,17.549852382806));
#1341 = CARTESIAN_POINT('',(-14.72849988,16.999926251403));
#1342 = CARTESIAN_POINT('',(-13.77599988,16.45000012));
#1343 = CARTESIAN_POINT('',(-14.72849988,15.900073988597));
#1344 = CARTESIAN_POINT('',(-15.68099988,15.350147857194));
#1345 = CARTESIAN_POINT('',(-15.68099988,16.45000012));
#1346 = ( GEOMETRIC_REPRESENTATION_CONTEXT(2) 
PARAMETRIC_REPRESENTATION_CONTEXT() REPRESENTATION_CONTEXT('2D SPACE',''
  ) );
#1347 = ORIENTED_EDGE('',*,*,#1292,.F.);
#1348 = ORIENTED_EDGE('',*,*,#1349,.F.);
#1349 = EDGE_CURVE('',#1293,#1293,#1350,.T.);
#1350 = SURFACE_CURVE('',#1351,(#1356,#1363),.PCURVE_S1.);
#1351 = CIRCLE('',#1352,0.635);
#1352 = AXIS2_PLACEMENT_3D('',#1353,#1354,#1355);
#1353 = CARTESIAN_POINT('',(15.04599988,16.32300012,0.E+000));
#1354 = DIRECTION('',(0.E+000,0.E+000,1.));
#1355 = DIRECTION('',(1.,0.E+000,0.E+000));
#1356 = PCURVE('',#1303,#1357);
#1357 = DEFINITIONAL_REPRESENTATION('',(#1358),#1362);
#1358 = LINE('',#1359,#1360);
#1359 = CARTESIAN_POINT('',(0.E+000,0.E+000));
#1360 = VECTOR('',#1361,1.);
#1361 = DIRECTION('',(-1.,0.E+000));
#1362 = ( GEOMETRIC_REPRESENTATION_CONTEXT(2) 
PARAMETRIC_REPRESENTATION_CONTEXT() REPRESENTATION_CONTEXT('2D SPACE',''
  ) );
#1363 = PCURVE('',#137,#1364);
#1364 = DEFINITIONAL_REPRESENTATION('',(#1365),#1373);
#1365 = ( BOUNDED_CURVE() B_SPLINE_CURVE(2,(#1366,#1367,#1368,#1369,
#1370,#1371,#1372),.UNSPECIFIED.,.T.,.F.) B_SPLINE_CURVE_WITH_KNOTS((1,2
    ,2,2,2,1),(-2.094395102393,0.E+000,2.094395102393,4.188790204786,
6.28318530718,8.377580409573),.UNSPECIFIED.) CURVE() 
GEOMETRIC_REPRESENTATION_ITEM() RATIONAL_B_SPLINE_CURVE((1.,0.5,1.,0.5,
1.,0.5,1.)) REPRESENTATION_ITEM('') );
#1366 = CARTESIAN_POINT('',(-15.68099988,16.45000012));
#1367 = CARTESIAN_POINT('',(-15.68099988,17.549852382806));
#1368 = CARTESIAN_POINT('',(-14.72849988,16.999926251403));
#1369 = CARTESIAN_POINT('',(-13.77599988,16.45000012));
#1370 = CARTESIAN_POINT('',(-14.72849988,15.900073988597));
#1371 = CARTESIAN_POINT('',(-15.68099988,15.350147857194));
#1372 = CARTESIAN_POINT('',(-15.68099988,16.45000012));
#1373 = ( GEOMETRIC_REPRESENTATION_CONTEXT(2) 
PARAMETRIC_REPRESENTATION_CONTEXT() REPRESENTATION_CONTEXT('2D SPACE',''
  ) );
#1374 = ADVANCED_FACE('',(#1375),#1389,.F.);
#1375 = FACE_BOUND('',#1376,.T.);
#1376 = EDGE_LOOP('',(#1377,#1407,#1433,#1434));
#1377 = ORIENTED_EDGE('',*,*,#1378,.T.);
#1378 = EDGE_CURVE('',#1379,#1381,#1383,.T.);
#1379 = VERTEX_POINT('',#1380);
#1380 = CARTESIAN_POINT('',(23.18100012,8.82299988,0.E+000));
#1381 = VERTEX_POINT('',#1382);
#1382 = CARTESIAN_POINT('',(23.18100012,8.82299988,1.13284));
#1383 = SEAM_CURVE('',#1384,(#1388,#1400),.PCURVE_S1.);
#1384 = LINE('',#1385,#1386);
#1385 = CARTESIAN_POINT('',(23.18100012,8.82299988,0.E+000));
#1386 = VECTOR('',#1387,1.);
#1387 = DIRECTION('',(0.E+000,0.E+000,1.));
#1388 = PCURVE('',#1389,#1394);
#1389 = CYLINDRICAL_SURFACE('',#1390,0.635);
#1390 = AXIS2_PLACEMENT_3D('',#1391,#1392,#1393);
#1391 = CARTESIAN_POINT('',(22.54600012,8.82299988,0.E+000));
#1392 = DIRECTION('',(0.E+000,0.E+000,-1.));
#1393 = DIRECTION('',(1.,0.E+000,0.E+000));
#1394 = DEFINITIONAL_REPRESENTATION('',(#1395),#1399);
#1395 = LINE('',#1396,#1397);
#1396 = CARTESIAN_POINT('',(0.E+000,0.E+000));
#1397 = VECTOR('',#1398,1.);
#1398 = DIRECTION('',(0.E+000,-1.));
#1399 = ( GEOMETRIC_REPRESENTATION_CONTEXT(2) 
PARAMETRIC_REPRESENTATION_CONTEXT() REPRESENTATION_CONTEXT('2D SPACE',''
  ) );
#1400 = PCURVE('',#1389,#1401);
#1401 = DEFINITIONAL_REPRESENTATION('',(#1402),#1406);
#1402 = LINE('',#1403,#1404);
#1403 = CARTESIAN_POINT('',(-6.28318530718,0.E+000));
#1404 = VECTOR('',#1405,1.);
#1405 = DIRECTION('',(0.E+000,-1.));
#1406 = ( GEOMETRIC_REPRESENTATION_CONTEXT(2) 
PARAMETRIC_REPRESENTATION_CONTEXT() REPRESENTATION_CONTEXT('2D SPACE',''
  ) );
#1407 = ORIENTED_EDGE('',*,*,#1408,.T.);
#1408 = EDGE_CURVE('',#1381,#1381,#1409,.T.);
#1409 = SURFACE_CURVE('',#1410,(#1415,#1422),.PCURVE_S1.);
#1410 = CIRCLE('',#1411,0.635);
#1411 = AXIS2_PLACEMENT_3D('',#1412,#1413,#1414);
#1412 = CARTESIAN_POINT('',(22.54600012,8.82299988,1.13284));
#1413 = DIRECTION('',(0.E+000,0.E+000,1.));
#1414 = DIRECTION('',(1.,0.E+000,0.E+000));
#1415 = PCURVE('',#1389,#1416);
#1416 = DEFINITIONAL_REPRESENTATION('',(#1417),#1421);
#1417 = LINE('',#1418,#1419);
#1418 = CARTESIAN_POINT('',(0.E+000,-1.13284));
#1419 = VECTOR('',#1420,1.);
#1420 = DIRECTION('',(-1.,0.E+000));
#1421 = ( GEOMETRIC_REPRESENTATION_CONTEXT(2) 
PARAMETRIC_REPRESENTATION_CONTEXT() REPRESENTATION_CONTEXT('2D SPACE',''
  ) );
#1422 = PCURVE('',#83,#1423);
#1423 = DEFINITIONAL_REPRESENTATION('',(#1424),#1432);
#1424 = ( BOUNDED_CURVE() B_SPLINE_CURVE(2,(#1425,#1426,#1427,#1428,
#1429,#1430,#1431),.UNSPECIFIED.,.T.,.F.) B_SPLINE_CURVE_WITH_KNOTS((1,2
    ,2,2,2,1),(-2.094395102393,0.E+000,2.094395102393,4.188790204786,
6.28318530718,8.377580409573),.UNSPECIFIED.) CURVE() 
GEOMETRIC_REPRESENTATION_ITEM() RATIONAL_B_SPLINE_CURVE((1.,0.5,1.,0.5,
1.,0.5,1.)) REPRESENTATION_ITEM('') );
#1425 = CARTESIAN_POINT('',(-23.18100012,8.94999988));
#1426 = CARTESIAN_POINT('',(-23.18100012,10.049852142806));
#1427 = CARTESIAN_POINT('',(-22.22850012,9.499926011403));
#1428 = CARTESIAN_POINT('',(-21.27600012,8.94999988));
#1429 = CARTESIAN_POINT('',(-22.22850012,8.400073748597));
#1430 = CARTESIAN_POINT('',(-23.18100012,7.850147617194));
#1431 = CARTESIAN_POINT('',(-23.18100012,8.94999988));
#1432 = ( GEOMETRIC_REPRESENTATION_CONTEXT(2) 
PARAMETRIC_REPRESENTATION_CONTEXT() REPRESENTATION_CONTEXT('2D SPACE',''
  ) );
#1433 = ORIENTED_EDGE('',*,*,#1378,.F.);
#1434 = ORIENTED_EDGE('',*,*,#1435,.F.);
#1435 = EDGE_CURVE('',#1379,#1379,#1436,.T.);
#1436 = SURFACE_CURVE('',#1437,(#1442,#1449),.PCURVE_S1.);
#1437 = CIRCLE('',#1438,0.635);
#1438 = AXIS2_PLACEMENT_3D('',#1439,#1440,#1441);
#1439 = CARTESIAN_POINT('',(22.54600012,8.82299988,0.E+000));
#1440 = DIRECTION('',(0.E+000,0.E+000,1.));
#1441 = DIRECTION('',(1.,0.E+000,0.E+000));
#1442 = PCURVE('',#1389,#1443);
#1443 = DEFINITIONAL_REPRESENTATION('',(#1444),#1448);
#1444 = LINE('',#1445,#1446);
#1445 = CARTESIAN_POINT('',(0.E+000,0.E+000));
#1446 = VECTOR('',#1447,1.);
#1447 = DIRECTION('',(-1.,0.E+000));
#1448 = ( GEOMETRIC_REPRESENTATION_CONTEXT(2) 
PARAMETRIC_REPRESENTATION_CONTEXT() REPRESENTATION_CONTEXT('2D SPACE',''
  ) );
#1449 = PCURVE('',#137,#1450);
#1450 = DEFINITIONAL_REPRESENTATION('',(#1451),#1459);
#1451 = ( BOUNDED_CURVE() B_SPLINE_CURVE(2,(#1452,#1453,#1454,#1455,
#1456,#1457,#1458),.UNSPECIFIED.,.T.,.F.) B_SPLINE_CURVE_WITH_KNOTS((1,2
    ,2,2,2,1),(-2.094395102393,0.E+000,2.094395102393,4.188790204786,
6.28318530718,8.377580409573),.UNSPECIFIED.) CURVE() 
GEOMETRIC_REPRESENTATION_ITEM() RATIONAL_B_SPLINE_CURVE((1.,0.5,1.,0.5,
1.,0.5,1.)) REPRESENTATION_ITEM('') );
#1452 = CARTESIAN_POINT('',(-23.18100012,8.94999988));
#1453 = CARTESIAN_POINT('',(-23.18100012,10.049852142806));
#1454 = CARTESIAN_POINT('',(-22.22850012,9.499926011403));
#1455 = CARTESIAN_POINT('',(-21.27600012,8.94999988));
#1456 = CARTESIAN_POINT('',(-22.22850012,8.400073748597));
#1457 = CARTESIAN_POINT('',(-23.18100012,7.850147617194));
#1458 = CARTESIAN_POINT('',(-23.18100012,8.94999988));
#1459 = ( GEOMETRIC_REPRESENTATION_CONTEXT(2) 
PARAMETRIC_REPRESENTATION_CONTEXT() REPRESENTATION_CONTEXT('2D SPACE',''
  ) );
#1460 = ADVANCED_FACE('',(#1461),#1475,.F.);
#1461 = FACE_BOUND('',#1462,.T.);
#1462 = EDGE_LOOP('',(#1463,#1493,#1519,#1520));
#1463 = ORIENTED_EDGE('',*,*,#1464,.T.);
#1464 = EDGE_CURVE('',#1465,#1467,#1469,.T.);
#1465 = VERTEX_POINT('',#1466);
#1466 = CARTESIAN_POINT('',(18.18099996,8.82299988,0.E+000));
#1467 = VERTEX_POINT('',#1468);
#1468 = CARTESIAN_POINT('',(18.18099996,8.82299988,1.13284));
#1469 = SEAM_CURVE('',#1470,(#1474,#1486),.PCURVE_S1.);
#1470 = LINE('',#1471,#1472);
#1471 = CARTESIAN_POINT('',(18.18099996,8.82299988,0.E+000));
#1472 = VECTOR('',#1473,1.);
#1473 = DIRECTION('',(0.E+000,0.E+000,1.));
#1474 = PCURVE('',#1475,#1480);
#1475 = CYLINDRICAL_SURFACE('',#1476,0.635);
#1476 = AXIS2_PLACEMENT_3D('',#1477,#1478,#1479);
#1477 = CARTESIAN_POINT('',(17.54599996,8.82299988,0.E+000));
#1478 = DIRECTION('',(0.E+000,0.E+000,-1.));
#1479 = DIRECTION('',(1.,0.E+000,0.E+000));
#1480 = DEFINITIONAL_REPRESENTATION('',(#1481),#1485);
#1481 = LINE('',#1482,#1483);
#1482 = CARTESIAN_POINT('',(0.E+000,0.E+000));
#1483 = VECTOR('',#1484,1.);
#1484 = DIRECTION('',(0.E+000,-1.));
#1485 = ( GEOMETRIC_REPRESENTATION_CONTEXT(2) 
PARAMETRIC_REPRESENTATION_CONTEXT() REPRESENTATION_CONTEXT('2D SPACE',''
  ) );
#1486 = PCURVE('',#1475,#1487);
#1487 = DEFINITIONAL_REPRESENTATION('',(#1488),#1492);
#1488 = LINE('',#1489,#1490);
#1489 = CARTESIAN_POINT('',(-6.28318530718,0.E+000));
#1490 = VECTOR('',#1491,1.);
#1491 = DIRECTION('',(0.E+000,-1.));
#1492 = ( GEOMETRIC_REPRESENTATION_CONTEXT(2) 
PARAMETRIC_REPRESENTATION_CONTEXT() REPRESENTATION_CONTEXT('2D SPACE',''
  ) );
#1493 = ORIENTED_EDGE('',*,*,#1494,.T.);
#1494 = EDGE_CURVE('',#1467,#1467,#1495,.T.);
#1495 = SURFACE_CURVE('',#1496,(#1501,#1508),.PCURVE_S1.);
#1496 = CIRCLE('',#1497,0.635);
#1497 = AXIS2_PLACEMENT_3D('',#1498,#1499,#1500);
#1498 = CARTESIAN_POINT('',(17.54599996,8.82299988,1.13284));
#1499 = DIRECTION('',(0.E+000,0.E+000,1.));
#1500 = DIRECTION('',(1.,0.E+000,0.E+000));
#1501 = PCURVE('',#1475,#1502);
#1502 = DEFINITIONAL_REPRESENTATION('',(#1503),#1507);
#1503 = LINE('',#1504,#1505);
#1504 = CARTESIAN_POINT('',(0.E+000,-1.13284));
#1505 = VECTOR('',#1506,1.);
#1506 = DIRECTION('',(-1.,0.E+000));
#1507 = ( GEOMETRIC_REPRESENTATION_CONTEXT(2) 
PARAMETRIC_REPRESENTATION_CONTEXT() REPRESENTATION_CONTEXT('2D SPACE',''
  ) );
#1508 = PCURVE('',#83,#1509);
#1509 = DEFINITIONAL_REPRESENTATION('',(#1510),#1518);
#1510 = ( BOUNDED_CURVE() B_SPLINE_CURVE(2,(#1511,#1512,#1513,#1514,
#1515,#1516,#1517),.UNSPECIFIED.,.T.,.F.) B_SPLINE_CURVE_WITH_KNOTS((1,2
    ,2,2,2,1),(-2.094395102393,0.E+000,2.094395102393,4.188790204786,
6.28318530718,8.377580409573),.UNSPECIFIED.) CURVE() 
GEOMETRIC_REPRESENTATION_ITEM() RATIONAL_B_SPLINE_CURVE((1.,0.5,1.,0.5,
1.,0.5,1.)) REPRESENTATION_ITEM('') );
#1511 = CARTESIAN_POINT('',(-18.18099996,8.94999988));
#1512 = CARTESIAN_POINT('',(-18.18099996,10.049852142806));
#1513 = CARTESIAN_POINT('',(-17.22849996,9.499926011403));
#1514 = CARTESIAN_POINT('',(-16.27599996,8.94999988));
#1515 = CARTESIAN_POINT('',(-17.22849996,8.400073748597));
#1516 = CARTESIAN_POINT('',(-18.18099996,7.850147617194));
#1517 = CARTESIAN_POINT('',(-18.18099996,8.94999988));
#1518 = ( GEOMETRIC_REPRESENTATION_CONTEXT(2) 
PARAMETRIC_REPRESENTATION_CONTEXT() REPRESENTATION_CONTEXT('2D SPACE',''
  ) );
#1519 = ORIENTED_EDGE('',*,*,#1464,.F.);
#1520 = ORIENTED_EDGE('',*,*,#1521,.F.);
#1521 = EDGE_CURVE('',#1465,#1465,#1522,.T.);
#1522 = SURFACE_CURVE('',#1523,(#1528,#1535),.PCURVE_S1.);
#1523 = CIRCLE('',#1524,0.635);
#1524 = AXIS2_PLACEMENT_3D('',#1525,#1526,#1527);
#1525 = CARTESIAN_POINT('',(17.54599996,8.82299988,0.E+000));
#1526 = DIRECTION('',(0.E+000,0.E+000,1.));
#1527 = DIRECTION('',(1.,0.E+000,0.E+000));
#1528 = PCURVE('',#1475,#1529);
#1529 = DEFINITIONAL_REPRESENTATION('',(#1530),#1534);
#1530 = LINE('',#1531,#1532);
#1531 = CARTESIAN_POINT('',(0.E+000,0.E+000));
#1532 = VECTOR('',#1533,1.);
#1533 = DIRECTION('',(-1.,0.E+000));
#1534 = ( GEOMETRIC_REPRESENTATION_CONTEXT(2) 
PARAMETRIC_REPRESENTATION_CONTEXT() REPRESENTATION_CONTEXT('2D SPACE',''
  ) );
#1535 = PCURVE('',#137,#1536);
#1536 = DEFINITIONAL_REPRESENTATION('',(#1537),#1545);
#1537 = ( BOUNDED_CURVE() B_SPLINE_CURVE(2,(#1538,#1539,#1540,#1541,
#1542,#1543,#1544),.UNSPECIFIED.,.T.,.F.) B_SPLINE_CURVE_WITH_KNOTS((1,2
    ,2,2,2,1),(-2.094395102393,0.E+000,2.094395102393,4.188790204786,
6.28318530718,8.377580409573),.UNSPECIFIED.) CURVE() 
GEOMETRIC_REPRESENTATION_ITEM() RATIONAL_B_SPLINE_CURVE((1.,0.5,1.,0.5,
1.,0.5,1.)) REPRESENTATION_ITEM('') );
#1538 = CARTESIAN_POINT('',(-18.18099996,8.94999988));
#1539 = CARTESIAN_POINT('',(-18.18099996,10.049852142806));
#1540 = CARTESIAN_POINT('',(-17.22849996,9.499926011403));
#1541 = CARTESIAN_POINT('',(-16.27599996,8.94999988));
#1542 = CARTESIAN_POINT('',(-17.22849996,8.400073748597));
#1543 = CARTESIAN_POINT('',(-18.18099996,7.850147617194));
#1544 = CARTESIAN_POINT('',(-18.18099996,8.94999988));
#1545 = ( GEOMETRIC_REPRESENTATION_CONTEXT(2) 
PARAMETRIC_REPRESENTATION_CONTEXT() REPRESENTATION_CONTEXT('2D SPACE',''
  ) );
#1546 = ADVANCED_FACE('',(#1547),#1561,.F.);
#1547 = FACE_BOUND('',#1548,.T.);
#1548 = EDGE_LOOP('',(#1549,#1579,#1605,#1606));
#1549 = ORIENTED_EDGE('',*,*,#1550,.T.);
#1550 = EDGE_CURVE('',#1551,#1553,#1555,.T.);
#1551 = VERTEX_POINT('',#1552);
#1552 = CARTESIAN_POINT('',(20.68100004,8.82299988,0.E+000));
#1553 = VERTEX_POINT('',#1554);
#1554 = CARTESIAN_POINT('',(20.68100004,8.82299988,1.13284));
#1555 = SEAM_CURVE('',#1556,(#1560,#1572),.PCURVE_S1.);
#1556 = LINE('',#1557,#1558);
#1557 = CARTESIAN_POINT('',(20.68100004,8.82299988,0.E+000));
#1558 = VECTOR('',#1559,1.);
#1559 = DIRECTION('',(0.E+000,0.E+000,1.));
#1560 = PCURVE('',#1561,#1566);
#1561 = CYLINDRICAL_SURFACE('',#1562,0.635);
#1562 = AXIS2_PLACEMENT_3D('',#1563,#1564,#1565);
#1563 = CARTESIAN_POINT('',(20.04600004,8.82299988,0.E+000));
#1564 = DIRECTION('',(0.E+000,0.E+000,-1.));
#1565 = DIRECTION('',(1.,0.E+000,0.E+000));
#1566 = DEFINITIONAL_REPRESENTATION('',(#1567),#1571);
#1567 = LINE('',#1568,#1569);
#1568 = CARTESIAN_POINT('',(0.E+000,0.E+000));
#1569 = VECTOR('',#1570,1.);
#1570 = DIRECTION('',(0.E+000,-1.));
#1571 = ( GEOMETRIC_REPRESENTATION_CONTEXT(2) 
PARAMETRIC_REPRESENTATION_CONTEXT() REPRESENTATION_CONTEXT('2D SPACE',''
  ) );
#1572 = PCURVE('',#1561,#1573);
#1573 = DEFINITIONAL_REPRESENTATION('',(#1574),#1578);
#1574 = LINE('',#1575,#1576);
#1575 = CARTESIAN_POINT('',(-6.28318530718,0.E+000));
#1576 = VECTOR('',#1577,1.);
#1577 = DIRECTION('',(0.E+000,-1.));
#1578 = ( GEOMETRIC_REPRESENTATION_CONTEXT(2) 
PARAMETRIC_REPRESENTATION_CONTEXT() REPRESENTATION_CONTEXT('2D SPACE',''
  ) );
#1579 = ORIENTED_EDGE('',*,*,#1580,.T.);
#1580 = EDGE_CURVE('',#1553,#1553,#1581,.T.);
#1581 = SURFACE_CURVE('',#1582,(#1587,#1594),.PCURVE_S1.);
#1582 = CIRCLE('',#1583,0.635);
#1583 = AXIS2_PLACEMENT_3D('',#1584,#1585,#1586);
#1584 = CARTESIAN_POINT('',(20.04600004,8.82299988,1.13284));
#1585 = DIRECTION('',(0.E+000,0.E+000,1.));
#1586 = DIRECTION('',(1.,0.E+000,0.E+000));
#1587 = PCURVE('',#1561,#1588);
#1588 = DEFINITIONAL_REPRESENTATION('',(#1589),#1593);
#1589 = LINE('',#1590,#1591);
#1590 = CARTESIAN_POINT('',(0.E+000,-1.13284));
#1591 = VECTOR('',#1592,1.);
#1592 = DIRECTION('',(-1.,0.E+000));
#1593 = ( GEOMETRIC_REPRESENTATION_CONTEXT(2) 
PARAMETRIC_REPRESENTATION_CONTEXT() REPRESENTATION_CONTEXT('2D SPACE',''
  ) );
#1594 = PCURVE('',#83,#1595);
#1595 = DEFINITIONAL_REPRESENTATION('',(#1596),#1604);
#1596 = ( BOUNDED_CURVE() B_SPLINE_CURVE(2,(#1597,#1598,#1599,#1600,
#1601,#1602,#1603),.UNSPECIFIED.,.F.,.F.) B_SPLINE_CURVE_WITH_KNOTS((1,2
    ,2,2,2,1),(-2.094395102393,0.E+000,2.094395102393,4.188790204786,
6.28318530718,8.377580409573),.UNSPECIFIED.) CURVE() 
GEOMETRIC_REPRESENTATION_ITEM() RATIONAL_B_SPLINE_CURVE((1.,0.5,1.,0.5,
1.,0.5,1.)) REPRESENTATION_ITEM('') );
#1597 = CARTESIAN_POINT('',(-20.68100004,8.94999988));
#1598 = CARTESIAN_POINT('',(-20.68100004,10.049852142806));
#1599 = CARTESIAN_POINT('',(-19.72850004,9.499926011403));
#1600 = CARTESIAN_POINT('',(-18.77600004,8.94999988));
#1601 = CARTESIAN_POINT('',(-19.72850004,8.400073748597));
#1602 = CARTESIAN_POINT('',(-20.68100004,7.850147617194));
#1603 = CARTESIAN_POINT('',(-20.68100004,8.94999988));
#1604 = ( GEOMETRIC_REPRESENTATION_CONTEXT(2) 
PARAMETRIC_REPRESENTATION_CONTEXT() REPRESENTATION_CONTEXT('2D SPACE',''
  ) );
#1605 = ORIENTED_EDGE('',*,*,#1550,.F.);
#1606 = ORIENTED_EDGE('',*,*,#1607,.F.);
#1607 = EDGE_CURVE('',#1551,#1551,#1608,.T.);
#1608 = SURFACE_CURVE('',#1609,(#1614,#1621),.PCURVE_S1.);
#1609 = CIRCLE('',#1610,0.635);
#1610 = AXIS2_PLACEMENT_3D('',#1611,#1612,#1613);
#1611 = CARTESIAN_POINT('',(20.04600004,8.82299988,0.E+000));
#1612 = DIRECTION('',(0.E+000,0.E+000,1.));
#1613 = DIRECTION('',(1.,0.E+000,0.E+000));
#1614 = PCURVE('',#1561,#1615);
#1615 = DEFINITIONAL_REPRESENTATION('',(#1616),#1620);
#1616 = LINE('',#1617,#1618);
#1617 = CARTESIAN_POINT('',(0.E+000,0.E+000));
#1618 = VECTOR('',#1619,1.);
#1619 = DIRECTION('',(-1.,0.E+000));
#1620 = ( GEOMETRIC_REPRESENTATION_CONTEXT(2) 
PARAMETRIC_REPRESENTATION_CONTEXT() REPRESENTATION_CONTEXT('2D SPACE',''
  ) );
#1621 = PCURVE('',#137,#1622);
#1622 = DEFINITIONAL_REPRESENTATION('',(#1623),#1631);
#1623 = ( BOUNDED_CURVE() B_SPLINE_CURVE(2,(#1624,#1625,#1626,#1627,
#1628,#1629,#1630),.UNSPECIFIED.,.F.,.F.) B_SPLINE_CURVE_WITH_KNOTS((1,2
    ,2,2,2,1),(-2.094395102393,0.E+000,2.094395102393,4.188790204786,
6.28318530718,8.377580409573),.UNSPECIFIED.) CURVE() 
GEOMETRIC_REPRESENTATION_ITEM() RATIONAL_B_SPLINE_CURVE((1.,0.5,1.,0.5,
1.,0.5,1.)) REPRESENTATION_ITEM('') );
#1624 = CARTESIAN_POINT('',(-20.68100004,8.94999988));
#1625 = CARTESIAN_POINT('',(-20.68100004,10.049852142806));
#1626 = CARTESIAN_POINT('',(-19.72850004,9.499926011403));
#1627 = CARTESIAN_POINT('',(-18.77600004,8.94999988));
#1628 = CARTESIAN_POINT('',(-19.72850004,8.400073748597));
#1629 = CARTESIAN_POINT('',(-20.68100004,7.850147617194));
#1630 = CARTESIAN_POINT('',(-20.68100004,8.94999988));
#1631 = ( GEOMETRIC_REPRESENTATION_CONTEXT(2) 
PARAMETRIC_REPRESENTATION_CONTEXT() REPRESENTATION_CONTEXT('2D SPACE',''
  ) );
#1632 = ADVANCED_FACE('',(#1633),#1647,.F.);
#1633 = FACE_BOUND('',#1634,.T.);
#1634 = EDGE_LOOP('',(#1635,#1665,#1691,#1692));
#1635 = ORIENTED_EDGE('',*,*,#1636,.T.);
#1636 = EDGE_CURVE('',#1637,#1639,#1641,.T.);
#1637 = VERTEX_POINT('',#1638);
#1638 = CARTESIAN_POINT('',(10.66200052,16.32300012,0.E+000));
#1639 = VERTEX_POINT('',#1640);
#1640 = CARTESIAN_POINT('',(10.66200052,16.32300012,1.13284));
#1641 = SEAM_CURVE('',#1642,(#1646,#1658),.PCURVE_S1.);
#1642 = LINE('',#1643,#1644);
#1643 = CARTESIAN_POINT('',(10.66200052,16.32300012,0.E+000));
#1644 = VECTOR('',#1645,1.);
#1645 = DIRECTION('',(0.E+000,0.E+000,1.));
#1646 = PCURVE('',#1647,#1652);
#1647 = CYLINDRICAL_SURFACE('',#1648,0.635);
#1648 = AXIS2_PLACEMENT_3D('',#1649,#1650,#1651);
#1649 = CARTESIAN_POINT('',(10.02700052,16.32300012,0.E+000));
#1650 = DIRECTION('',(0.E+000,0.E+000,-1.));
#1651 = DIRECTION('',(1.,0.E+000,0.E+000));
#1652 = DEFINITIONAL_REPRESENTATION('',(#1653),#1657);
#1653 = LINE('',#1654,#1655);
#1654 = CARTESIAN_POINT('',(0.E+000,0.E+000));
#1655 = VECTOR('',#1656,1.);
#1656 = DIRECTION('',(0.E+000,-1.));
#1657 = ( GEOMETRIC_REPRESENTATION_CONTEXT(2) 
PARAMETRIC_REPRESENTATION_CONTEXT() REPRESENTATION_CONTEXT('2D SPACE',''
  ) );
#1658 = PCURVE('',#1647,#1659);
#1659 = DEFINITIONAL_REPRESENTATION('',(#1660),#1664);
#1660 = LINE('',#1661,#1662);
#1661 = CARTESIAN_POINT('',(-6.28318530718,0.E+000));
#1662 = VECTOR('',#1663,1.);
#1663 = DIRECTION('',(0.E+000,-1.));
#1664 = ( GEOMETRIC_REPRESENTATION_CONTEXT(2) 
PARAMETRIC_REPRESENTATION_CONTEXT() REPRESENTATION_CONTEXT('2D SPACE',''
  ) );
#1665 = ORIENTED_EDGE('',*,*,#1666,.T.);
#1666 = EDGE_CURVE('',#1639,#1639,#1667,.T.);
#1667 = SURFACE_CURVE('',#1668,(#1673,#1680),.PCURVE_S1.);
#1668 = CIRCLE('',#1669,0.635);
#1669 = AXIS2_PLACEMENT_3D('',#1670,#1671,#1672);
#1670 = CARTESIAN_POINT('',(10.02700052,16.32300012,1.13284));
#1671 = DIRECTION('',(0.E+000,0.E+000,1.));
#1672 = DIRECTION('',(1.,0.E+000,0.E+000));
#1673 = PCURVE('',#1647,#1674);
#1674 = DEFINITIONAL_REPRESENTATION('',(#1675),#1679);
#1675 = LINE('',#1676,#1677);
#1676 = CARTESIAN_POINT('',(0.E+000,-1.13284));
#1677 = VECTOR('',#1678,1.);
#1678 = DIRECTION('',(-1.,0.E+000));
#1679 = ( GEOMETRIC_REPRESENTATION_CONTEXT(2) 
PARAMETRIC_REPRESENTATION_CONTEXT() REPRESENTATION_CONTEXT('2D SPACE',''
  ) );
#1680 = PCURVE('',#83,#1681);
#1681 = DEFINITIONAL_REPRESENTATION('',(#1682),#1690);
#1682 = ( BOUNDED_CURVE() B_SPLINE_CURVE(2,(#1683,#1684,#1685,#1686,
#1687,#1688,#1689),.UNSPECIFIED.,.T.,.F.) B_SPLINE_CURVE_WITH_KNOTS((1,2
    ,2,2,2,1),(-2.094395102393,0.E+000,2.094395102393,4.188790204786,
6.28318530718,8.377580409573),.UNSPECIFIED.) CURVE() 
GEOMETRIC_REPRESENTATION_ITEM() RATIONAL_B_SPLINE_CURVE((1.,0.5,1.,0.5,
1.,0.5,1.)) REPRESENTATION_ITEM('') );
#1683 = CARTESIAN_POINT('',(-10.66200052,16.45000012));
#1684 = CARTESIAN_POINT('',(-10.66200052,17.549852382806));
#1685 = CARTESIAN_POINT('',(-9.70950052,16.999926251403));
#1686 = CARTESIAN_POINT('',(-8.75700052,16.45000012));
#1687 = CARTESIAN_POINT('',(-9.70950052,15.900073988597));
#1688 = CARTESIAN_POINT('',(-10.66200052,15.350147857194));
#1689 = CARTESIAN_POINT('',(-10.66200052,16.45000012));
#1690 = ( GEOMETRIC_REPRESENTATION_CONTEXT(2) 
PARAMETRIC_REPRESENTATION_CONTEXT() REPRESENTATION_CONTEXT('2D SPACE',''
  ) );
#1691 = ORIENTED_EDGE('',*,*,#1636,.F.);
#1692 = ORIENTED_EDGE('',*,*,#1693,.F.);
#1693 = EDGE_CURVE('',#1637,#1637,#1694,.T.);
#1694 = SURFACE_CURVE('',#1695,(#1700,#1707),.PCURVE_S1.);
#1695 = CIRCLE('',#1696,0.635);
#1696 = AXIS2_PLACEMENT_3D('',#1697,#1698,#1699);
#1697 = CARTESIAN_POINT('',(10.02700052,16.32300012,0.E+000));
#1698 = DIRECTION('',(0.E+000,0.E+000,1.));
#1699 = DIRECTION('',(1.,0.E+000,0.E+000));
#1700 = PCURVE('',#1647,#1701);
#1701 = DEFINITIONAL_REPRESENTATION('',(#1702),#1706);
#1702 = LINE('',#1703,#1704);
#1703 = CARTESIAN_POINT('',(0.E+000,0.E+000));
#1704 = VECTOR('',#1705,1.);
#1705 = DIRECTION('',(-1.,0.E+000));
#1706 = ( GEOMETRIC_REPRESENTATION_CONTEXT(2) 
PARAMETRIC_REPRESENTATION_CONTEXT() REPRESENTATION_CONTEXT('2D SPACE',''
  ) );
#1707 = PCURVE('',#137,#1708);
#1708 = DEFINITIONAL_REPRESENTATION('',(#1709),#1717);
#1709 = ( BOUNDED_CURVE() B_SPLINE_CURVE(2,(#1710,#1711,#1712,#1713,
#1714,#1715,#1716),.UNSPECIFIED.,.T.,.F.) B_SPLINE_CURVE_WITH_KNOTS((1,2
    ,2,2,2,1),(-2.094395102393,0.E+000,2.094395102393,4.188790204786,
6.28318530718,8.377580409573),.UNSPECIFIED.) CURVE() 
GEOMETRIC_REPRESENTATION_ITEM() RATIONAL_B_SPLINE_CURVE((1.,0.5,1.,0.5,
1.,0.5,1.)) REPRESENTATION_ITEM('') );
#1710 = CARTESIAN_POINT('',(-10.66200052,16.45000012));
#1711 = CARTESIAN_POINT('',(-10.66200052,17.549852382806));
#1712 = CARTESIAN_POINT('',(-9.70950052,16.999926251403));
#1713 = CARTESIAN_POINT('',(-8.75700052,16.45000012));
#1714 = CARTESIAN_POINT('',(-9.70950052,15.900073988597));
#1715 = CARTESIAN_POINT('',(-10.66200052,15.350147857194));
#1716 = CARTESIAN_POINT('',(-10.66200052,16.45000012));
#1717 = ( GEOMETRIC_REPRESENTATION_CONTEXT(2) 
PARAMETRIC_REPRESENTATION_CONTEXT() REPRESENTATION_CONTEXT('2D SPACE',''
  ) );
#1718 = ADVANCED_FACE('',(#1719),#1733,.F.);
#1719 = FACE_BOUND('',#1720,.T.);
#1720 = EDGE_LOOP('',(#1721,#1751,#1777,#1778));
#1721 = ORIENTED_EDGE('',*,*,#1722,.T.);
#1722 = EDGE_CURVE('',#1723,#1725,#1727,.T.);
#1723 = VERTEX_POINT('',#1724);
#1724 = CARTESIAN_POINT('',(13.65215456,31.23627992,0.E+000));
#1725 = VERTEX_POINT('',#1726);
#1726 = CARTESIAN_POINT('',(13.65215456,31.23627992,1.13284));
#1727 = SEAM_CURVE('',#1728,(#1732,#1744),.PCURVE_S1.);
#1728 = LINE('',#1729,#1730);
#1729 = CARTESIAN_POINT('',(13.65215456,31.23627992,0.E+000));
#1730 = VECTOR('',#1731,1.);
#1731 = DIRECTION('',(0.E+000,0.E+000,1.));
#1732 = PCURVE('',#1733,#1738);
#1733 = CYLINDRICAL_SURFACE('',#1734,0.4750054);
#1734 = AXIS2_PLACEMENT_3D('',#1735,#1736,#1737);
#1735 = CARTESIAN_POINT('',(13.17714916,31.23627992,0.E+000));
#1736 = DIRECTION('',(0.E+000,0.E+000,-1.));
#1737 = DIRECTION('',(1.,0.E+000,0.E+000));
#1738 = DEFINITIONAL_REPRESENTATION('',(#1739),#1743);
#1739 = LINE('',#1740,#1741);
#1740 = CARTESIAN_POINT('',(0.E+000,0.E+000));
#1741 = VECTOR('',#1742,1.);
#1742 = DIRECTION('',(0.E+000,-1.));
#1743 = ( GEOMETRIC_REPRESENTATION_CONTEXT(2) 
PARAMETRIC_REPRESENTATION_CONTEXT() REPRESENTATION_CONTEXT('2D SPACE',''
  ) );
#1744 = PCURVE('',#1733,#1745);
#1745 = DEFINITIONAL_REPRESENTATION('',(#1746),#1750);
#1746 = LINE('',#1747,#1748);
#1747 = CARTESIAN_POINT('',(-6.28318530718,0.E+000));
#1748 = VECTOR('',#1749,1.);
#1749 = DIRECTION('',(0.E+000,-1.));
#1750 = ( GEOMETRIC_REPRESENTATION_CONTEXT(2) 
PARAMETRIC_REPRESENTATION_CONTEXT() REPRESENTATION_CONTEXT('2D SPACE',''
  ) );
#1751 = ORIENTED_EDGE('',*,*,#1752,.T.);
#1752 = EDGE_CURVE('',#1725,#1725,#1753,.T.);
#1753 = SURFACE_CURVE('',#1754,(#1759,#1766),.PCURVE_S1.);
#1754 = CIRCLE('',#1755,0.4750054);
#1755 = AXIS2_PLACEMENT_3D('',#1756,#1757,#1758);
#1756 = CARTESIAN_POINT('',(13.17714916,31.23627992,1.13284));
#1757 = DIRECTION('',(0.E+000,0.E+000,1.));
#1758 = DIRECTION('',(1.,0.E+000,0.E+000));
#1759 = PCURVE('',#1733,#1760);
#1760 = DEFINITIONAL_REPRESENTATION('',(#1761),#1765);
#1761 = LINE('',#1762,#1763);
#1762 = CARTESIAN_POINT('',(0.E+000,-1.13284));
#1763 = VECTOR('',#1764,1.);
#1764 = DIRECTION('',(-1.,0.E+000));
#1765 = ( GEOMETRIC_REPRESENTATION_CONTEXT(2) 
PARAMETRIC_REPRESENTATION_CONTEXT() REPRESENTATION_CONTEXT('2D SPACE',''
  ) );
#1766 = PCURVE('',#83,#1767);
#1767 = DEFINITIONAL_REPRESENTATION('',(#1768),#1776);
#1768 = ( BOUNDED_CURVE() B_SPLINE_CURVE(2,(#1769,#1770,#1771,#1772,
#1773,#1774,#1775),.UNSPECIFIED.,.F.,.F.) B_SPLINE_CURVE_WITH_KNOTS((1,2
    ,2,2,2,1),(-2.094395102393,0.E+000,2.094395102393,4.188790204786,
6.28318530718,8.377580409573),.UNSPECIFIED.) CURVE() 
GEOMETRIC_REPRESENTATION_ITEM() RATIONAL_B_SPLINE_CURVE((1.,0.5,1.,0.5,
1.,0.5,1.)) REPRESENTATION_ITEM('') );
#1769 = CARTESIAN_POINT('',(-13.65215456,31.36327992));
#1770 = CARTESIAN_POINT('',(-13.65215456,32.18601340667));
#1771 = CARTESIAN_POINT('',(-12.93964646,31.774646663335));
#1772 = CARTESIAN_POINT('',(-12.22713836,31.36327992));
#1773 = CARTESIAN_POINT('',(-12.93964646,30.951913176665));
#1774 = CARTESIAN_POINT('',(-13.65215456,30.54054643333));
#1775 = CARTESIAN_POINT('',(-13.65215456,31.36327992));
#1776 = ( GEOMETRIC_REPRESENTATION_CONTEXT(2) 
PARAMETRIC_REPRESENTATION_CONTEXT() REPRESENTATION_CONTEXT('2D SPACE',''
  ) );
#1777 = ORIENTED_EDGE('',*,*,#1722,.F.);
#1778 = ORIENTED_EDGE('',*,*,#1779,.F.);
#1779 = EDGE_CURVE('',#1723,#1723,#1780,.T.);
#1780 = SURFACE_CURVE('',#1781,(#1786,#1793),.PCURVE_S1.);
#1781 = CIRCLE('',#1782,0.4750054);
#1782 = AXIS2_PLACEMENT_3D('',#1783,#1784,#1785);
#1783 = CARTESIAN_POINT('',(13.17714916,31.23627992,0.E+000));
#1784 = DIRECTION('',(0.E+000,0.E+000,1.));
#1785 = DIRECTION('',(1.,0.E+000,0.E+000));
#1786 = PCURVE('',#1733,#1787);
#1787 = DEFINITIONAL_REPRESENTATION('',(#1788),#1792);
#1788 = LINE('',#1789,#1790);
#1789 = CARTESIAN_POINT('',(0.E+000,0.E+000));
#1790 = VECTOR('',#1791,1.);
#1791 = DIRECTION('',(-1.,0.E+000));
#1792 = ( GEOMETRIC_REPRESENTATION_CONTEXT(2) 
PARAMETRIC_REPRESENTATION_CONTEXT() REPRESENTATION_CONTEXT('2D SPACE',''
  ) );
#1793 = PCURVE('',#137,#1794);
#1794 = DEFINITIONAL_REPRESENTATION('',(#1795),#1803);
#1795 = ( BOUNDED_CURVE() B_SPLINE_CURVE(2,(#1796,#1797,#1798,#1799,
#1800,#1801,#1802),.UNSPECIFIED.,.F.,.F.) B_SPLINE_CURVE_WITH_KNOTS((1,2
    ,2,2,2,1),(-2.094395102393,0.E+000,2.094395102393,4.188790204786,
6.28318530718,8.377580409573),.UNSPECIFIED.) CURVE() 
GEOMETRIC_REPRESENTATION_ITEM() RATIONAL_B_SPLINE_CURVE((1.,0.5,1.,0.5,
1.,0.5,1.)) REPRESENTATION_ITEM('') );
#1796 = CARTESIAN_POINT('',(-13.65215456,31.36327992));
#1797 = CARTESIAN_POINT('',(-13.65215456,32.18601340667));
#1798 = CARTESIAN_POINT('',(-12.93964646,31.774646663335));
#1799 = CARTESIAN_POINT('',(-12.22713836,31.36327992));
#1800 = CARTESIAN_POINT('',(-12.93964646,30.951913176665));
#1801 = CARTESIAN_POINT('',(-13.65215456,30.54054643333));
#1802 = CARTESIAN_POINT('',(-13.65215456,31.36327992));
#1803 = ( GEOMETRIC_REPRESENTATION_CONTEXT(2) 
PARAMETRIC_REPRESENTATION_CONTEXT() REPRESENTATION_CONTEXT('2D SPACE',''
  ) );
#1804 = ADVANCED_FACE('',(#1805),#1819,.F.);
#1805 = FACE_BOUND('',#1806,.T.);
#1806 = EDGE_LOOP('',(#1807,#1837,#1863,#1864));
#1807 = ORIENTED_EDGE('',*,*,#1808,.T.);
#1808 = EDGE_CURVE('',#1809,#1811,#1813,.T.);
#1809 = VERTEX_POINT('',#1810);
#1810 = CARTESIAN_POINT('',(18.18099996,16.32300012,0.E+000));
#1811 = VERTEX_POINT('',#1812);
#1812 = CARTESIAN_POINT('',(18.18099996,16.32300012,1.13284));
#1813 = SEAM_CURVE('',#1814,(#1818,#1830),.PCURVE_S1.);
#1814 = LINE('',#1815,#1816);
#1815 = CARTESIAN_POINT('',(18.18099996,16.32300012,0.E+000));
#1816 = VECTOR('',#1817,1.);
#1817 = DIRECTION('',(0.E+000,0.E+000,1.));
#1818 = PCURVE('',#1819,#1824);
#1819 = CYLINDRICAL_SURFACE('',#1820,0.635);
#1820 = AXIS2_PLACEMENT_3D('',#1821,#1822,#1823);
#1821 = CARTESIAN_POINT('',(17.54599996,16.32300012,0.E+000));
#1822 = DIRECTION('',(0.E+000,0.E+000,-1.));
#1823 = DIRECTION('',(1.,0.E+000,0.E+000));
#1824 = DEFINITIONAL_REPRESENTATION('',(#1825),#1829);
#1825 = LINE('',#1826,#1827);
#1826 = CARTESIAN_POINT('',(0.E+000,0.E+000));
#1827 = VECTOR('',#1828,1.);
#1828 = DIRECTION('',(0.E+000,-1.));
#1829 = ( GEOMETRIC_REPRESENTATION_CONTEXT(2) 
PARAMETRIC_REPRESENTATION_CONTEXT() REPRESENTATION_CONTEXT('2D SPACE',''
  ) );
#1830 = PCURVE('',#1819,#1831);
#1831 = DEFINITIONAL_REPRESENTATION('',(#1832),#1836);
#1832 = LINE('',#1833,#1834);
#1833 = CARTESIAN_POINT('',(-6.28318530718,0.E+000));
#1834 = VECTOR('',#1835,1.);
#1835 = DIRECTION('',(0.E+000,-1.));
#1836 = ( GEOMETRIC_REPRESENTATION_CONTEXT(2) 
PARAMETRIC_REPRESENTATION_CONTEXT() REPRESENTATION_CONTEXT('2D SPACE',''
  ) );
#1837 = ORIENTED_EDGE('',*,*,#1838,.T.);
#1838 = EDGE_CURVE('',#1811,#1811,#1839,.T.);
#1839 = SURFACE_CURVE('',#1840,(#1845,#1852),.PCURVE_S1.);
#1840 = CIRCLE('',#1841,0.635);
#1841 = AXIS2_PLACEMENT_3D('',#1842,#1843,#1844);
#1842 = CARTESIAN_POINT('',(17.54599996,16.32300012,1.13284));
#1843 = DIRECTION('',(0.E+000,0.E+000,1.));
#1844 = DIRECTION('',(1.,0.E+000,0.E+000));
#1845 = PCURVE('',#1819,#1846);
#1846 = DEFINITIONAL_REPRESENTATION('',(#1847),#1851);
#1847 = LINE('',#1848,#1849);
#1848 = CARTESIAN_POINT('',(0.E+000,-1.13284));
#1849 = VECTOR('',#1850,1.);
#1850 = DIRECTION('',(-1.,0.E+000));
#1851 = ( GEOMETRIC_REPRESENTATION_CONTEXT(2) 
PARAMETRIC_REPRESENTATION_CONTEXT() REPRESENTATION_CONTEXT('2D SPACE',''
  ) );
#1852 = PCURVE('',#83,#1853);
#1853 = DEFINITIONAL_REPRESENTATION('',(#1854),#1862);
#1854 = ( BOUNDED_CURVE() B_SPLINE_CURVE(2,(#1855,#1856,#1857,#1858,
#1859,#1860,#1861),.UNSPECIFIED.,.T.,.F.) B_SPLINE_CURVE_WITH_KNOTS((1,2
    ,2,2,2,1),(-2.094395102393,0.E+000,2.094395102393,4.188790204786,
6.28318530718,8.377580409573),.UNSPECIFIED.) CURVE() 
GEOMETRIC_REPRESENTATION_ITEM() RATIONAL_B_SPLINE_CURVE((1.,0.5,1.,0.5,
1.,0.5,1.)) REPRESENTATION_ITEM('') );
#1855 = CARTESIAN_POINT('',(-18.18099996,16.45000012));
#1856 = CARTESIAN_POINT('',(-18.18099996,17.549852382806));
#1857 = CARTESIAN_POINT('',(-17.22849996,16.999926251403));
#1858 = CARTESIAN_POINT('',(-16.27599996,16.45000012));
#1859 = CARTESIAN_POINT('',(-17.22849996,15.900073988597));
#1860 = CARTESIAN_POINT('',(-18.18099996,15.350147857194));
#1861 = CARTESIAN_POINT('',(-18.18099996,16.45000012));
#1862 = ( GEOMETRIC_REPRESENTATION_CONTEXT(2) 
PARAMETRIC_REPRESENTATION_CONTEXT() REPRESENTATION_CONTEXT('2D SPACE',''
  ) );
#1863 = ORIENTED_EDGE('',*,*,#1808,.F.);
#1864 = ORIENTED_EDGE('',*,*,#1865,.F.);
#1865 = EDGE_CURVE('',#1809,#1809,#1866,.T.);
#1866 = SURFACE_CURVE('',#1867,(#1872,#1879),.PCURVE_S1.);
#1867 = CIRCLE('',#1868,0.635);
#1868 = AXIS2_PLACEMENT_3D('',#1869,#1870,#1871);
#1869 = CARTESIAN_POINT('',(17.54599996,16.32300012,0.E+000));
#1870 = DIRECTION('',(0.E+000,0.E+000,1.));
#1871 = DIRECTION('',(1.,0.E+000,0.E+000));
#1872 = PCURVE('',#1819,#1873);
#1873 = DEFINITIONAL_REPRESENTATION('',(#1874),#1878);
#1874 = LINE('',#1875,#1876);
#1875 = CARTESIAN_POINT('',(0.E+000,0.E+000));
#1876 = VECTOR('',#1877,1.);
#1877 = DIRECTION('',(-1.,0.E+000));
#1878 = ( GEOMETRIC_REPRESENTATION_CONTEXT(2) 
PARAMETRIC_REPRESENTATION_CONTEXT() REPRESENTATION_CONTEXT('2D SPACE',''
  ) );
#1879 = PCURVE('',#137,#1880);
#1880 = DEFINITIONAL_REPRESENTATION('',(#1881),#1889);
#1881 = ( BOUNDED_CURVE() B_SPLINE_CURVE(2,(#1882,#1883,#1884,#1885,
#1886,#1887,#1888),.UNSPECIFIED.,.T.,.F.) B_SPLINE_CURVE_WITH_KNOTS((1,2
    ,2,2,2,1),(-2.094395102393,0.E+000,2.094395102393,4.188790204786,
6.28318530718,8.377580409573),.UNSPECIFIED.) CURVE() 
GEOMETRIC_REPRESENTATION_ITEM() RATIONAL_B_SPLINE_CURVE((1.,0.5,1.,0.5,
1.,0.5,1.)) REPRESENTATION_ITEM('') );
#1882 = CARTESIAN_POINT('',(-18.18099996,16.45000012));
#1883 = CARTESIAN_POINT('',(-18.18099996,17.549852382806));
#1884 = CARTESIAN_POINT('',(-17.22849996,16.999926251403));
#1885 = CARTESIAN_POINT('',(-16.27599996,16.45000012));
#1886 = CARTESIAN_POINT('',(-17.22849996,15.900073988597));
#1887 = CARTESIAN_POINT('',(-18.18099996,15.350147857194));
#1888 = CARTESIAN_POINT('',(-18.18099996,16.45000012));
#1889 = ( GEOMETRIC_REPRESENTATION_CONTEXT(2) 
PARAMETRIC_REPRESENTATION_CONTEXT() REPRESENTATION_CONTEXT('2D SPACE',''
  ) );
#1890 = ADVANCED_FACE('',(#1891),#1905,.F.);
#1891 = FACE_BOUND('',#1892,.T.);
#1892 = EDGE_LOOP('',(#1893,#1923,#1949,#1950));
#1893 = ORIENTED_EDGE('',*,*,#1894,.T.);
#1894 = EDGE_CURVE('',#1895,#1897,#1899,.T.);
#1895 = VERTEX_POINT('',#1896);
#1896 = CARTESIAN_POINT('',(28.25399988,16.32300012,0.E+000));
#1897 = VERTEX_POINT('',#1898);
#1898 = CARTESIAN_POINT('',(28.25399988,16.32300012,1.13284));
#1899 = SEAM_CURVE('',#1900,(#1904,#1916),.PCURVE_S1.);
#1900 = LINE('',#1901,#1902);
#1901 = CARTESIAN_POINT('',(28.25399988,16.32300012,0.E+000));
#1902 = VECTOR('',#1903,1.);
#1903 = DIRECTION('',(0.E+000,0.E+000,1.));
#1904 = PCURVE('',#1905,#1910);
#1905 = CYLINDRICAL_SURFACE('',#1906,0.635);
#1906 = AXIS2_PLACEMENT_3D('',#1907,#1908,#1909);
#1907 = CARTESIAN_POINT('',(27.61899988,16.32300012,0.E+000));
#1908 = DIRECTION('',(0.E+000,0.E+000,-1.));
#1909 = DIRECTION('',(1.,0.E+000,0.E+000));
#1910 = DEFINITIONAL_REPRESENTATION('',(#1911),#1915);
#1911 = LINE('',#1912,#1913);
#1912 = CARTESIAN_POINT('',(0.E+000,0.E+000));
#1913 = VECTOR('',#1914,1.);
#1914 = DIRECTION('',(0.E+000,-1.));
#1915 = ( GEOMETRIC_REPRESENTATION_CONTEXT(2) 
PARAMETRIC_REPRESENTATION_CONTEXT() REPRESENTATION_CONTEXT('2D SPACE',''
  ) );
#1916 = PCURVE('',#1905,#1917);
#1917 = DEFINITIONAL_REPRESENTATION('',(#1918),#1922);
#1918 = LINE('',#1919,#1920);
#1919 = CARTESIAN_POINT('',(-6.28318530718,0.E+000));
#1920 = VECTOR('',#1921,1.);
#1921 = DIRECTION('',(0.E+000,-1.));
#1922 = ( GEOMETRIC_REPRESENTATION_CONTEXT(2) 
PARAMETRIC_REPRESENTATION_CONTEXT() REPRESENTATION_CONTEXT('2D SPACE',''
  ) );
#1923 = ORIENTED_EDGE('',*,*,#1924,.T.);
#1924 = EDGE_CURVE('',#1897,#1897,#1925,.T.);
#1925 = SURFACE_CURVE('',#1926,(#1931,#1938),.PCURVE_S1.);
#1926 = CIRCLE('',#1927,0.635);
#1927 = AXIS2_PLACEMENT_3D('',#1928,#1929,#1930);
#1928 = CARTESIAN_POINT('',(27.61899988,16.32300012,1.13284));
#1929 = DIRECTION('',(0.E+000,0.E+000,1.));
#1930 = DIRECTION('',(1.,0.E+000,0.E+000));
#1931 = PCURVE('',#1905,#1932);
#1932 = DEFINITIONAL_REPRESENTATION('',(#1933),#1937);
#1933 = LINE('',#1934,#1935);
#1934 = CARTESIAN_POINT('',(0.E+000,-1.13284));
#1935 = VECTOR('',#1936,1.);
#1936 = DIRECTION('',(-1.,0.E+000));
#1937 = ( GEOMETRIC_REPRESENTATION_CONTEXT(2) 
PARAMETRIC_REPRESENTATION_CONTEXT() REPRESENTATION_CONTEXT('2D SPACE',''
  ) );
#1938 = PCURVE('',#83,#1939);
#1939 = DEFINITIONAL_REPRESENTATION('',(#1940),#1948);
#1940 = ( BOUNDED_CURVE() B_SPLINE_CURVE(2,(#1941,#1942,#1943,#1944,
#1945,#1946,#1947),.UNSPECIFIED.,.T.,.F.) B_SPLINE_CURVE_WITH_KNOTS((1,2
    ,2,2,2,1),(-2.094395102393,0.E+000,2.094395102393,4.188790204786,
6.28318530718,8.377580409573),.UNSPECIFIED.) CURVE() 
GEOMETRIC_REPRESENTATION_ITEM() RATIONAL_B_SPLINE_CURVE((1.,0.5,1.,0.5,
1.,0.5,1.)) REPRESENTATION_ITEM('') );
#1941 = CARTESIAN_POINT('',(-28.25399988,16.45000012));
#1942 = CARTESIAN_POINT('',(-28.25399988,17.549852382806));
#1943 = CARTESIAN_POINT('',(-27.30149988,16.999926251403));
#1944 = CARTESIAN_POINT('',(-26.34899988,16.45000012));
#1945 = CARTESIAN_POINT('',(-27.30149988,15.900073988597));
#1946 = CARTESIAN_POINT('',(-28.25399988,15.350147857194));
#1947 = CARTESIAN_POINT('',(-28.25399988,16.45000012));
#1948 = ( GEOMETRIC_REPRESENTATION_CONTEXT(2) 
PARAMETRIC_REPRESENTATION_CONTEXT() REPRESENTATION_CONTEXT('2D SPACE',''
  ) );
#1949 = ORIENTED_EDGE('',*,*,#1894,.F.);
#1950 = ORIENTED_EDGE('',*,*,#1951,.F.);
#1951 = EDGE_CURVE('',#1895,#1895,#1952,.T.);
#1952 = SURFACE_CURVE('',#1953,(#1958,#1965),.PCURVE_S1.);
#1953 = CIRCLE('',#1954,0.635);
#1954 = AXIS2_PLACEMENT_3D('',#1955,#1956,#1957);
#1955 = CARTESIAN_POINT('',(27.61899988,16.32300012,0.E+000));
#1956 = DIRECTION('',(0.E+000,0.E+000,1.));
#1957 = DIRECTION('',(1.,0.E+000,0.E+000));
#1958 = PCURVE('',#1905,#1959);
#1959 = DEFINITIONAL_REPRESENTATION('',(#1960),#1964);
#1960 = LINE('',#1961,#1962);
#1961 = CARTESIAN_POINT('',(0.E+000,0.E+000));
#1962 = VECTOR('',#1963,1.);
#1963 = DIRECTION('',(-1.,0.E+000));
#1964 = ( GEOMETRIC_REPRESENTATION_CONTEXT(2) 
PARAMETRIC_REPRESENTATION_CONTEXT() REPRESENTATION_CONTEXT('2D SPACE',''
  ) );
#1965 = PCURVE('',#137,#1966);
#1966 = DEFINITIONAL_REPRESENTATION('',(#1967),#1975);
#1967 = ( BOUNDED_CURVE() B_SPLINE_CURVE(2,(#1968,#1969,#1970,#1971,
#1972,#1973,#1974),.UNSPECIFIED.,.T.,.F.) B_SPLINE_CURVE_WITH_KNOTS((1,2
    ,2,2,2,1),(-2.094395102393,0.E+000,2.094395102393,4.188790204786,
6.28318530718,8.377580409573),.UNSPECIFIED.) CURVE() 
GEOMETRIC_REPRESENTATION_ITEM() RATIONAL_B_SPLINE_CURVE((1.,0.5,1.,0.5,
1.,0.5,1.)) REPRESENTATION_ITEM('') );
#1968 = CARTESIAN_POINT('',(-28.25399988,16.45000012));
#1969 = CARTESIAN_POINT('',(-28.25399988,17.549852382806));
#1970 = CARTESIAN_POINT('',(-27.30149988,16.999926251403));
#1971 = CARTESIAN_POINT('',(-26.34899988,16.45000012));
#1972 = CARTESIAN_POINT('',(-27.30149988,15.900073988597));
#1973 = CARTESIAN_POINT('',(-28.25399988,15.350147857194));
#1974 = CARTESIAN_POINT('',(-28.25399988,16.45000012));
#1975 = ( GEOMETRIC_REPRESENTATION_CONTEXT(2) 
PARAMETRIC_REPRESENTATION_CONTEXT() REPRESENTATION_CONTEXT('2D SPACE',''
  ) );
#1976 = ADVANCED_FACE('',(#1977),#1991,.F.);
#1977 = FACE_BOUND('',#1978,.T.);
#1978 = EDGE_LOOP('',(#1979,#2009,#2035,#2036));
#1979 = ORIENTED_EDGE('',*,*,#1980,.T.);
#1980 = EDGE_CURVE('',#1981,#1983,#1985,.T.);
#1981 = VERTEX_POINT('',#1982);
#1982 = CARTESIAN_POINT('',(20.68100004,16.32300012,0.E+000));
#1983 = VERTEX_POINT('',#1984);
#1984 = CARTESIAN_POINT('',(20.68100004,16.32300012,1.13284));
#1985 = SEAM_CURVE('',#1986,(#1990,#2002),.PCURVE_S1.);
#1986 = LINE('',#1987,#1988);
#1987 = CARTESIAN_POINT('',(20.68100004,16.32300012,0.E+000));
#1988 = VECTOR('',#1989,1.);
#1989 = DIRECTION('',(0.E+000,0.E+000,1.));
#1990 = PCURVE('',#1991,#1996);
#1991 = CYLINDRICAL_SURFACE('',#1992,0.635);
#1992 = AXIS2_PLACEMENT_3D('',#1993,#1994,#1995);
#1993 = CARTESIAN_POINT('',(20.04600004,16.32300012,0.E+000));
#1994 = DIRECTION('',(0.E+000,0.E+000,-1.));
#1995 = DIRECTION('',(1.,0.E+000,0.E+000));
#1996 = DEFINITIONAL_REPRESENTATION('',(#1997),#2001);
#1997 = LINE('',#1998,#1999);
#1998 = CARTESIAN_POINT('',(0.E+000,0.E+000));
#1999 = VECTOR('',#2000,1.);
#2000 = DIRECTION('',(0.E+000,-1.));
#2001 = ( GEOMETRIC_REPRESENTATION_CONTEXT(2) 
PARAMETRIC_REPRESENTATION_CONTEXT() REPRESENTATION_CONTEXT('2D SPACE',''
  ) );
#2002 = PCURVE('',#1991,#2003);
#2003 = DEFINITIONAL_REPRESENTATION('',(#2004),#2008);
#2004 = LINE('',#2005,#2006);
#2005 = CARTESIAN_POINT('',(-6.28318530718,0.E+000));
#2006 = VECTOR('',#2007,1.);
#2007 = DIRECTION('',(0.E+000,-1.));
#2008 = ( GEOMETRIC_REPRESENTATION_CONTEXT(2) 
PARAMETRIC_REPRESENTATION_CONTEXT() REPRESENTATION_CONTEXT('2D SPACE',''
  ) );
#2009 = ORIENTED_EDGE('',*,*,#2010,.T.);
#2010 = EDGE_CURVE('',#1983,#1983,#2011,.T.);
#2011 = SURFACE_CURVE('',#2012,(#2017,#2024),.PCURVE_S1.);
#2012 = CIRCLE('',#2013,0.635);
#2013 = AXIS2_PLACEMENT_3D('',#2014,#2015,#2016);
#2014 = CARTESIAN_POINT('',(20.04600004,16.32300012,1.13284));
#2015 = DIRECTION('',(0.E+000,0.E+000,1.));
#2016 = DIRECTION('',(1.,0.E+000,0.E+000));
#2017 = PCURVE('',#1991,#2018);
#2018 = DEFINITIONAL_REPRESENTATION('',(#2019),#2023);
#2019 = LINE('',#2020,#2021);
#2020 = CARTESIAN_POINT('',(0.E+000,-1.13284));
#2021 = VECTOR('',#2022,1.);
#2022 = DIRECTION('',(-1.,0.E+000));
#2023 = ( GEOMETRIC_REPRESENTATION_CONTEXT(2) 
PARAMETRIC_REPRESENTATION_CONTEXT() REPRESENTATION_CONTEXT('2D SPACE',''
  ) );
#2024 = PCURVE('',#83,#2025);
#2025 = DEFINITIONAL_REPRESENTATION('',(#2026),#2034);
#2026 = ( BOUNDED_CURVE() B_SPLINE_CURVE(2,(#2027,#2028,#2029,#2030,
#2031,#2032,#2033),.UNSPECIFIED.,.F.,.F.) B_SPLINE_CURVE_WITH_KNOTS((1,2
    ,2,2,2,1),(-2.094395102393,0.E+000,2.094395102393,4.188790204786,
6.28318530718,8.377580409573),.UNSPECIFIED.) CURVE() 
GEOMETRIC_REPRESENTATION_ITEM() RATIONAL_B_SPLINE_CURVE((1.,0.5,1.,0.5,
1.,0.5,1.)) REPRESENTATION_ITEM('') );
#2027 = CARTESIAN_POINT('',(-20.68100004,16.45000012));
#2028 = CARTESIAN_POINT('',(-20.68100004,17.549852382806));
#2029 = CARTESIAN_POINT('',(-19.72850004,16.999926251403));
#2030 = CARTESIAN_POINT('',(-18.77600004,16.45000012));
#2031 = CARTESIAN_POINT('',(-19.72850004,15.900073988597));
#2032 = CARTESIAN_POINT('',(-20.68100004,15.350147857194));
#2033 = CARTESIAN_POINT('',(-20.68100004,16.45000012));
#2034 = ( GEOMETRIC_REPRESENTATION_CONTEXT(2) 
PARAMETRIC_REPRESENTATION_CONTEXT() REPRESENTATION_CONTEXT('2D SPACE',''
  ) );
#2035 = ORIENTED_EDGE('',*,*,#1980,.F.);
#2036 = ORIENTED_EDGE('',*,*,#2037,.F.);
#2037 = EDGE_CURVE('',#1981,#1981,#2038,.T.);
#2038 = SURFACE_CURVE('',#2039,(#2044,#2051),.PCURVE_S1.);
#2039 = CIRCLE('',#2040,0.635);
#2040 = AXIS2_PLACEMENT_3D('',#2041,#2042,#2043);
#2041 = CARTESIAN_POINT('',(20.04600004,16.32300012,0.E+000));
#2042 = DIRECTION('',(0.E+000,0.E+000,1.));
#2043 = DIRECTION('',(1.,0.E+000,0.E+000));
#2044 = PCURVE('',#1991,#2045);
#2045 = DEFINITIONAL_REPRESENTATION('',(#2046),#2050);
#2046 = LINE('',#2047,#2048);
#2047 = CARTESIAN_POINT('',(0.E+000,0.E+000));
#2048 = VECTOR('',#2049,1.);
#2049 = DIRECTION('',(-1.,0.E+000));
#2050 = ( GEOMETRIC_REPRESENTATION_CONTEXT(2) 
PARAMETRIC_REPRESENTATION_CONTEXT() REPRESENTATION_CONTEXT('2D SPACE',''
  ) );
#2051 = PCURVE('',#137,#2052);
#2052 = DEFINITIONAL_REPRESENTATION('',(#2053),#2061);
#2053 = ( BOUNDED_CURVE() B_SPLINE_CURVE(2,(#2054,#2055,#2056,#2057,
#2058,#2059,#2060),.UNSPECIFIED.,.F.,.F.) B_SPLINE_CURVE_WITH_KNOTS((1,2
    ,2,2,2,1),(-2.094395102393,0.E+000,2.094395102393,4.188790204786,
6.28318530718,8.377580409573),.UNSPECIFIED.) CURVE() 
GEOMETRIC_REPRESENTATION_ITEM() RATIONAL_B_SPLINE_CURVE((1.,0.5,1.,0.5,
1.,0.5,1.)) REPRESENTATION_ITEM('') );
#2054 = CARTESIAN_POINT('',(-20.68100004,16.45000012));
#2055 = CARTESIAN_POINT('',(-20.68100004,17.549852382806));
#2056 = CARTESIAN_POINT('',(-19.72850004,16.999926251403));
#2057 = CARTESIAN_POINT('',(-18.77600004,16.45000012));
#2058 = CARTESIAN_POINT('',(-19.72850004,15.900073988597));
#2059 = CARTESIAN_POINT('',(-20.68100004,15.350147857194));
#2060 = CARTESIAN_POINT('',(-20.68100004,16.45000012));
#2061 = ( GEOMETRIC_REPRESENTATION_CONTEXT(2) 
PARAMETRIC_REPRESENTATION_CONTEXT() REPRESENTATION_CONTEXT('2D SPACE',''
  ) );
#2062 = ADVANCED_FACE('',(#2063),#2077,.F.);
#2063 = FACE_BOUND('',#2064,.T.);
#2064 = EDGE_LOOP('',(#2065,#2095,#2121,#2122));
#2065 = ORIENTED_EDGE('',*,*,#2066,.T.);
#2066 = EDGE_CURVE('',#2067,#2069,#2071,.T.);
#2067 = VERTEX_POINT('',#2068);
#2068 = CARTESIAN_POINT('',(23.18100012,16.32300012,0.E+000));
#2069 = VERTEX_POINT('',#2070);
#2070 = CARTESIAN_POINT('',(23.18100012,16.32300012,1.13284));
#2071 = SEAM_CURVE('',#2072,(#2076,#2088),.PCURVE_S1.);
#2072 = LINE('',#2073,#2074);
#2073 = CARTESIAN_POINT('',(23.18100012,16.32300012,0.E+000));
#2074 = VECTOR('',#2075,1.);
#2075 = DIRECTION('',(0.E+000,0.E+000,1.));
#2076 = PCURVE('',#2077,#2082);
#2077 = CYLINDRICAL_SURFACE('',#2078,0.635);
#2078 = AXIS2_PLACEMENT_3D('',#2079,#2080,#2081);
#2079 = CARTESIAN_POINT('',(22.54600012,16.32300012,0.E+000));
#2080 = DIRECTION('',(0.E+000,0.E+000,-1.));
#2081 = DIRECTION('',(1.,0.E+000,0.E+000));
#2082 = DEFINITIONAL_REPRESENTATION('',(#2083),#2087);
#2083 = LINE('',#2084,#2085);
#2084 = CARTESIAN_POINT('',(0.E+000,0.E+000));
#2085 = VECTOR('',#2086,1.);
#2086 = DIRECTION('',(0.E+000,-1.));
#2087 = ( GEOMETRIC_REPRESENTATION_CONTEXT(2) 
PARAMETRIC_REPRESENTATION_CONTEXT() REPRESENTATION_CONTEXT('2D SPACE',''
  ) );
#2088 = PCURVE('',#2077,#2089);
#2089 = DEFINITIONAL_REPRESENTATION('',(#2090),#2094);
#2090 = LINE('',#2091,#2092);
#2091 = CARTESIAN_POINT('',(-6.28318530718,0.E+000));
#2092 = VECTOR('',#2093,1.);
#2093 = DIRECTION('',(0.E+000,-1.));
#2094 = ( GEOMETRIC_REPRESENTATION_CONTEXT(2) 
PARAMETRIC_REPRESENTATION_CONTEXT() REPRESENTATION_CONTEXT('2D SPACE',''
  ) );
#2095 = ORIENTED_EDGE('',*,*,#2096,.T.);
#2096 = EDGE_CURVE('',#2069,#2069,#2097,.T.);
#2097 = SURFACE_CURVE('',#2098,(#2103,#2110),.PCURVE_S1.);
#2098 = CIRCLE('',#2099,0.635);
#2099 = AXIS2_PLACEMENT_3D('',#2100,#2101,#2102);
#2100 = CARTESIAN_POINT('',(22.54600012,16.32300012,1.13284));
#2101 = DIRECTION('',(0.E+000,0.E+000,1.));
#2102 = DIRECTION('',(1.,0.E+000,0.E+000));
#2103 = PCURVE('',#2077,#2104);
#2104 = DEFINITIONAL_REPRESENTATION('',(#2105),#2109);
#2105 = LINE('',#2106,#2107);
#2106 = CARTESIAN_POINT('',(0.E+000,-1.13284));
#2107 = VECTOR('',#2108,1.);
#2108 = DIRECTION('',(-1.,0.E+000));
#2109 = ( GEOMETRIC_REPRESENTATION_CONTEXT(2) 
PARAMETRIC_REPRESENTATION_CONTEXT() REPRESENTATION_CONTEXT('2D SPACE',''
  ) );
#2110 = PCURVE('',#83,#2111);
#2111 = DEFINITIONAL_REPRESENTATION('',(#2112),#2120);
#2112 = ( BOUNDED_CURVE() B_SPLINE_CURVE(2,(#2113,#2114,#2115,#2116,
#2117,#2118,#2119),.UNSPECIFIED.,.T.,.F.) B_SPLINE_CURVE_WITH_KNOTS((1,2
    ,2,2,2,1),(-2.094395102393,0.E+000,2.094395102393,4.188790204786,
6.28318530718,8.377580409573),.UNSPECIFIED.) CURVE() 
GEOMETRIC_REPRESENTATION_ITEM() RATIONAL_B_SPLINE_CURVE((1.,0.5,1.,0.5,
1.,0.5,1.)) REPRESENTATION_ITEM('') );
#2113 = CARTESIAN_POINT('',(-23.18100012,16.45000012));
#2114 = CARTESIAN_POINT('',(-23.18100012,17.549852382806));
#2115 = CARTESIAN_POINT('',(-22.22850012,16.999926251403));
#2116 = CARTESIAN_POINT('',(-21.27600012,16.45000012));
#2117 = CARTESIAN_POINT('',(-22.22850012,15.900073988597));
#2118 = CARTESIAN_POINT('',(-23.18100012,15.350147857194));
#2119 = CARTESIAN_POINT('',(-23.18100012,16.45000012));
#2120 = ( GEOMETRIC_REPRESENTATION_CONTEXT(2) 
PARAMETRIC_REPRESENTATION_CONTEXT() REPRESENTATION_CONTEXT('2D SPACE',''
  ) );
#2121 = ORIENTED_EDGE('',*,*,#2066,.F.);
#2122 = ORIENTED_EDGE('',*,*,#2123,.F.);
#2123 = EDGE_CURVE('',#2067,#2067,#2124,.T.);
#2124 = SURFACE_CURVE('',#2125,(#2130,#2137),.PCURVE_S1.);
#2125 = CIRCLE('',#2126,0.635);
#2126 = AXIS2_PLACEMENT_3D('',#2127,#2128,#2129);
#2127 = CARTESIAN_POINT('',(22.54600012,16.32300012,0.E+000));
#2128 = DIRECTION('',(0.E+000,0.E+000,1.));
#2129 = DIRECTION('',(1.,0.E+000,0.E+000));
#2130 = PCURVE('',#2077,#2131);
#2131 = DEFINITIONAL_REPRESENTATION('',(#2132),#2136);
#2132 = LINE('',#2133,#2134);
#2133 = CARTESIAN_POINT('',(0.E+000,0.E+000));
#2134 = VECTOR('',#2135,1.);
#2135 = DIRECTION('',(-1.,0.E+000));
#2136 = ( GEOMETRIC_REPRESENTATION_CONTEXT(2) 
PARAMETRIC_REPRESENTATION_CONTEXT() REPRESENTATION_CONTEXT('2D SPACE',''
  ) );
#2137 = PCURVE('',#137,#2138);
#2138 = DEFINITIONAL_REPRESENTATION('',(#2139),#2147);
#2139 = ( BOUNDED_CURVE() B_SPLINE_CURVE(2,(#2140,#2141,#2142,#2143,
#2144,#2145,#2146),.UNSPECIFIED.,.T.,.F.) B_SPLINE_CURVE_WITH_KNOTS((1,2
    ,2,2,2,1),(-2.094395102393,0.E+000,2.094395102393,4.188790204786,
6.28318530718,8.377580409573),.UNSPECIFIED.) CURVE() 
GEOMETRIC_REPRESENTATION_ITEM() RATIONAL_B_SPLINE_CURVE((1.,0.5,1.,0.5,
1.,0.5,1.)) REPRESENTATION_ITEM('') );
#2140 = CARTESIAN_POINT('',(-23.18100012,16.45000012));
#2141 = CARTESIAN_POINT('',(-23.18100012,17.549852382806));
#2142 = CARTESIAN_POINT('',(-22.22850012,16.999926251403));
#2143 = CARTESIAN_POINT('',(-21.27600012,16.45000012));
#2144 = CARTESIAN_POINT('',(-22.22850012,15.900073988597));
#2145 = CARTESIAN_POINT('',(-23.18100012,15.350147857194));
#2146 = CARTESIAN_POINT('',(-23.18100012,16.45000012));
#2147 = ( GEOMETRIC_REPRESENTATION_CONTEXT(2) 
PARAMETRIC_REPRESENTATION_CONTEXT() REPRESENTATION_CONTEXT('2D SPACE',''
  ) );
#2148 = ADVANCED_FACE('',(#2149),#2163,.F.);
#2149 = FACE_BOUND('',#2150,.T.);
#2150 = EDGE_LOOP('',(#2151,#2181,#2207,#2208));
#2151 = ORIENTED_EDGE('',*,*,#2152,.T.);
#2152 = EDGE_CURVE('',#2153,#2155,#2157,.T.);
#2153 = VERTEX_POINT('',#2154);
#2154 = CARTESIAN_POINT('',(1.78199796,33.33604712,0.E+000));
#2155 = VERTEX_POINT('',#2156);
#2156 = CARTESIAN_POINT('',(1.78199796,33.33604712,1.13284));
#2157 = SEAM_CURVE('',#2158,(#2162,#2174),.PCURVE_S1.);
#2158 = LINE('',#2159,#2160);
#2159 = CARTESIAN_POINT('',(1.78199796,33.33604712,0.E+000));
#2160 = VECTOR('',#2161,1.);
#2161 = DIRECTION('',(0.E+000,0.E+000,1.));
#2162 = PCURVE('',#2163,#2168);
#2163 = CYLINDRICAL_SURFACE('',#2164,0.5249926);
#2164 = AXIS2_PLACEMENT_3D('',#2165,#2166,#2167);
#2165 = CARTESIAN_POINT('',(1.25700536,33.33604712,0.E+000));
#2166 = DIRECTION('',(0.E+000,0.E+000,-1.));
#2167 = DIRECTION('',(1.,0.E+000,0.E+000));
#2168 = DEFINITIONAL_REPRESENTATION('',(#2169),#2173);
#2169 = LINE('',#2170,#2171);
#2170 = CARTESIAN_POINT('',(0.E+000,0.E+000));
#2171 = VECTOR('',#2172,1.);
#2172 = DIRECTION('',(0.E+000,-1.));
#2173 = ( GEOMETRIC_REPRESENTATION_CONTEXT(2) 
PARAMETRIC_REPRESENTATION_CONTEXT() REPRESENTATION_CONTEXT('2D SPACE',''
  ) );
#2174 = PCURVE('',#2163,#2175);
#2175 = DEFINITIONAL_REPRESENTATION('',(#2176),#2180);
#2176 = LINE('',#2177,#2178);
#2177 = CARTESIAN_POINT('',(-6.28318530718,0.E+000));
#2178 = VECTOR('',#2179,1.);
#2179 = DIRECTION('',(0.E+000,-1.));
#2180 = ( GEOMETRIC_REPRESENTATION_CONTEXT(2) 
PARAMETRIC_REPRESENTATION_CONTEXT() REPRESENTATION_CONTEXT('2D SPACE',''
  ) );
#2181 = ORIENTED_EDGE('',*,*,#2182,.T.);
#2182 = EDGE_CURVE('',#2155,#2155,#2183,.T.);
#2183 = SURFACE_CURVE('',#2184,(#2189,#2196),.PCURVE_S1.);
#2184 = CIRCLE('',#2185,0.5249926);
#2185 = AXIS2_PLACEMENT_3D('',#2186,#2187,#2188);
#2186 = CARTESIAN_POINT('',(1.25700536,33.33604712,1.13284));
#2187 = DIRECTION('',(0.E+000,0.E+000,1.));
#2188 = DIRECTION('',(1.,0.E+000,0.E+000));
#2189 = PCURVE('',#2163,#2190);
#2190 = DEFINITIONAL_REPRESENTATION('',(#2191),#2195);
#2191 = LINE('',#2192,#2193);
#2192 = CARTESIAN_POINT('',(0.E+000,-1.13284));
#2193 = VECTOR('',#2194,1.);
#2194 = DIRECTION('',(-1.,0.E+000));
#2195 = ( GEOMETRIC_REPRESENTATION_CONTEXT(2) 
PARAMETRIC_REPRESENTATION_CONTEXT() REPRESENTATION_CONTEXT('2D SPACE',''
  ) );
#2196 = PCURVE('',#83,#2197);
#2197 = DEFINITIONAL_REPRESENTATION('',(#2198),#2206);
#2198 = ( BOUNDED_CURVE() B_SPLINE_CURVE(2,(#2199,#2200,#2201,#2202,
#2203,#2204,#2205),.UNSPECIFIED.,.T.,.F.) B_SPLINE_CURVE_WITH_KNOTS((1,2
    ,2,2,2,1),(-2.094395102393,0.E+000,2.094395102393,4.188790204786,
6.28318530718,8.377580409573),.UNSPECIFIED.) CURVE() 
GEOMETRIC_REPRESENTATION_ITEM() RATIONAL_B_SPLINE_CURVE((1.,0.5,1.,0.5,
1.,0.5,1.)) REPRESENTATION_ITEM('') );
#2199 = CARTESIAN_POINT('',(-1.78199796,33.46304712));
#2200 = CARTESIAN_POINT('',(-1.78199796,34.372360976798));
#2201 = CARTESIAN_POINT('',(-0.99450906,33.917704048399));
#2202 = CARTESIAN_POINT('',(-0.20702016,33.46304712));
#2203 = CARTESIAN_POINT('',(-0.99450906,33.008390191601));
#2204 = CARTESIAN_POINT('',(-1.78199796,32.553733263202));
#2205 = CARTESIAN_POINT('',(-1.78199796,33.46304712));
#2206 = ( GEOMETRIC_REPRESENTATION_CONTEXT(2) 
PARAMETRIC_REPRESENTATION_CONTEXT() REPRESENTATION_CONTEXT('2D SPACE',''
  ) );
#2207 = ORIENTED_EDGE('',*,*,#2152,.F.);
#2208 = ORIENTED_EDGE('',*,*,#2209,.F.);
#2209 = EDGE_CURVE('',#2153,#2153,#2210,.T.);
#2210 = SURFACE_CURVE('',#2211,(#2216,#2223),.PCURVE_S1.);
#2211 = CIRCLE('',#2212,0.5249926);
#2212 = AXIS2_PLACEMENT_3D('',#2213,#2214,#2215);
#2213 = CARTESIAN_POINT('',(1.25700536,33.33604712,0.E+000));
#2214 = DIRECTION('',(0.E+000,0.E+000,1.));
#2215 = DIRECTION('',(1.,0.E+000,0.E+000));
#2216 = PCURVE('',#2163,#2217);
#2217 = DEFINITIONAL_REPRESENTATION('',(#2218),#2222);
#2218 = LINE('',#2219,#2220);
#2219 = CARTESIAN_POINT('',(0.E+000,0.E+000));
#2220 = VECTOR('',#2221,1.);
#2221 = DIRECTION('',(-1.,0.E+000));
#2222 = ( GEOMETRIC_REPRESENTATION_CONTEXT(2) 
PARAMETRIC_REPRESENTATION_CONTEXT() REPRESENTATION_CONTEXT('2D SPACE',''
  ) );
#2223 = PCURVE('',#137,#2224);
#2224 = DEFINITIONAL_REPRESENTATION('',(#2225),#2233);
#2225 = ( BOUNDED_CURVE() B_SPLINE_CURVE(2,(#2226,#2227,#2228,#2229,
#2230,#2231,#2232),.UNSPECIFIED.,.T.,.F.) B_SPLINE_CURVE_WITH_KNOTS((1,2
    ,2,2,2,1),(-2.094395102393,0.E+000,2.094395102393,4.188790204786,
6.28318530718,8.377580409573),.UNSPECIFIED.) CURVE() 
GEOMETRIC_REPRESENTATION_ITEM() RATIONAL_B_SPLINE_CURVE((1.,0.5,1.,0.5,
1.,0.5,1.)) REPRESENTATION_ITEM('') );
#2226 = CARTESIAN_POINT('',(-1.78199796,33.46304712));
#2227 = CARTESIAN_POINT('',(-1.78199796,34.372360976798));
#2228 = CARTESIAN_POINT('',(-0.99450906,33.917704048399));
#2229 = CARTESIAN_POINT('',(-0.20702016,33.46304712));
#2230 = CARTESIAN_POINT('',(-0.99450906,33.008390191601));
#2231 = CARTESIAN_POINT('',(-1.78199796,32.553733263202));
#2232 = CARTESIAN_POINT('',(-1.78199796,33.46304712));
#2233 = ( GEOMETRIC_REPRESENTATION_CONTEXT(2) 
PARAMETRIC_REPRESENTATION_CONTEXT() REPRESENTATION_CONTEXT('2D SPACE',''
  ) );
#2234 = ADVANCED_FACE('',(#2235),#2249,.F.);
#2235 = FACE_BOUND('',#2236,.T.);
#2236 = EDGE_LOOP('',(#2237,#2267,#2293,#2294));
#2237 = ORIENTED_EDGE('',*,*,#2238,.T.);
#2238 = EDGE_CURVE('',#2239,#2241,#2243,.T.);
#2239 = VERTEX_POINT('',#2240);
#2240 = CARTESIAN_POINT('',(1.78197256,43.33602712,0.E+000));
#2241 = VERTEX_POINT('',#2242);
#2242 = CARTESIAN_POINT('',(1.78197256,43.33602712,1.13284));
#2243 = SEAM_CURVE('',#2244,(#2248,#2260),.PCURVE_S1.);
#2244 = LINE('',#2245,#2246);
#2245 = CARTESIAN_POINT('',(1.78197256,43.33602712,0.E+000));
#2246 = VECTOR('',#2247,1.);
#2247 = DIRECTION('',(0.E+000,0.E+000,1.));
#2248 = PCURVE('',#2249,#2254);
#2249 = CYLINDRICAL_SURFACE('',#2250,0.5249926);
#2250 = AXIS2_PLACEMENT_3D('',#2251,#2252,#2253);
#2251 = CARTESIAN_POINT('',(1.25697996,43.33602712,0.E+000));
#2252 = DIRECTION('',(0.E+000,0.E+000,-1.));
#2253 = DIRECTION('',(1.,0.E+000,0.E+000));
#2254 = DEFINITIONAL_REPRESENTATION('',(#2255),#2259);
#2255 = LINE('',#2256,#2257);
#2256 = CARTESIAN_POINT('',(0.E+000,0.E+000));
#2257 = VECTOR('',#2258,1.);
#2258 = DIRECTION('',(0.E+000,-1.));
#2259 = ( GEOMETRIC_REPRESENTATION_CONTEXT(2) 
PARAMETRIC_REPRESENTATION_CONTEXT() REPRESENTATION_CONTEXT('2D SPACE',''
  ) );
#2260 = PCURVE('',#2249,#2261);
#2261 = DEFINITIONAL_REPRESENTATION('',(#2262),#2266);
#2262 = LINE('',#2263,#2264);
#2263 = CARTESIAN_POINT('',(-6.28318530718,0.E+000));
#2264 = VECTOR('',#2265,1.);
#2265 = DIRECTION('',(0.E+000,-1.));
#2266 = ( GEOMETRIC_REPRESENTATION_CONTEXT(2) 
PARAMETRIC_REPRESENTATION_CONTEXT() REPRESENTATION_CONTEXT('2D SPACE',''
  ) );
#2267 = ORIENTED_EDGE('',*,*,#2268,.T.);
#2268 = EDGE_CURVE('',#2241,#2241,#2269,.T.);
#2269 = SURFACE_CURVE('',#2270,(#2275,#2282),.PCURVE_S1.);
#2270 = CIRCLE('',#2271,0.5249926);
#2271 = AXIS2_PLACEMENT_3D('',#2272,#2273,#2274);
#2272 = CARTESIAN_POINT('',(1.25697996,43.33602712,1.13284));
#2273 = DIRECTION('',(0.E+000,0.E+000,1.));
#2274 = DIRECTION('',(1.,0.E+000,0.E+000));
#2275 = PCURVE('',#2249,#2276);
#2276 = DEFINITIONAL_REPRESENTATION('',(#2277),#2281);
#2277 = LINE('',#2278,#2279);
#2278 = CARTESIAN_POINT('',(0.E+000,-1.13284));
#2279 = VECTOR('',#2280,1.);
#2280 = DIRECTION('',(-1.,0.E+000));
#2281 = ( GEOMETRIC_REPRESENTATION_CONTEXT(2) 
PARAMETRIC_REPRESENTATION_CONTEXT() REPRESENTATION_CONTEXT('2D SPACE',''
  ) );
#2282 = PCURVE('',#83,#2283);
#2283 = DEFINITIONAL_REPRESENTATION('',(#2284),#2292);
#2284 = ( BOUNDED_CURVE() B_SPLINE_CURVE(2,(#2285,#2286,#2287,#2288,
#2289,#2290,#2291),.UNSPECIFIED.,.F.,.F.) B_SPLINE_CURVE_WITH_KNOTS((1,2
    ,2,2,2,1),(-2.094395102393,0.E+000,2.094395102393,4.188790204786,
6.28318530718,8.377580409573),.UNSPECIFIED.) CURVE() 
GEOMETRIC_REPRESENTATION_ITEM() RATIONAL_B_SPLINE_CURVE((1.,0.5,1.,0.5,
1.,0.5,1.)) REPRESENTATION_ITEM('') );
#2285 = CARTESIAN_POINT('',(-1.78197256,43.46302712));
#2286 = CARTESIAN_POINT('',(-1.78197256,44.372340976798));
#2287 = CARTESIAN_POINT('',(-0.99448366,43.917684048399));
#2288 = CARTESIAN_POINT('',(-0.20699476,43.46302712));
#2289 = CARTESIAN_POINT('',(-0.99448366,43.008370191601));
#2290 = CARTESIAN_POINT('',(-1.78197256,42.553713263202));
#2291 = CARTESIAN_POINT('',(-1.78197256,43.46302712));
#2292 = ( GEOMETRIC_REPRESENTATION_CONTEXT(2) 
PARAMETRIC_REPRESENTATION_CONTEXT() REPRESENTATION_CONTEXT('2D SPACE',''
  ) );
#2293 = ORIENTED_EDGE('',*,*,#2238,.F.);
#2294 = ORIENTED_EDGE('',*,*,#2295,.F.);
#2295 = EDGE_CURVE('',#2239,#2239,#2296,.T.);
#2296 = SURFACE_CURVE('',#2297,(#2302,#2309),.PCURVE_S1.);
#2297 = CIRCLE('',#2298,0.5249926);
#2298 = AXIS2_PLACEMENT_3D('',#2299,#2300,#2301);
#2299 = CARTESIAN_POINT('',(1.25697996,43.33602712,0.E+000));
#2300 = DIRECTION('',(0.E+000,0.E+000,1.));
#2301 = DIRECTION('',(1.,0.E+000,0.E+000));
#2302 = PCURVE('',#2249,#2303);
#2303 = DEFINITIONAL_REPRESENTATION('',(#2304),#2308);
#2304 = LINE('',#2305,#2306);
#2305 = CARTESIAN_POINT('',(0.E+000,0.E+000));
#2306 = VECTOR('',#2307,1.);
#2307 = DIRECTION('',(-1.,0.E+000));
#2308 = ( GEOMETRIC_REPRESENTATION_CONTEXT(2) 
PARAMETRIC_REPRESENTATION_CONTEXT() REPRESENTATION_CONTEXT('2D SPACE',''
  ) );
#2309 = PCURVE('',#137,#2310);
#2310 = DEFINITIONAL_REPRESENTATION('',(#2311),#2319);
#2311 = ( BOUNDED_CURVE() B_SPLINE_CURVE(2,(#2312,#2313,#2314,#2315,
#2316,#2317,#2318),.UNSPECIFIED.,.F.,.F.) B_SPLINE_CURVE_WITH_KNOTS((1,2
    ,2,2,2,1),(-2.094395102393,0.E+000,2.094395102393,4.188790204786,
6.28318530718,8.377580409573),.UNSPECIFIED.) CURVE() 
GEOMETRIC_REPRESENTATION_ITEM() RATIONAL_B_SPLINE_CURVE((1.,0.5,1.,0.5,
1.,0.5,1.)) REPRESENTATION_ITEM('') );
#2312 = CARTESIAN_POINT('',(-1.78197256,43.46302712));
#2313 = CARTESIAN_POINT('',(-1.78197256,44.372340976798));
#2314 = CARTESIAN_POINT('',(-0.99448366,43.917684048399));
#2315 = CARTESIAN_POINT('',(-0.20699476,43.46302712));
#2316 = CARTESIAN_POINT('',(-0.99448366,43.008370191601));
#2317 = CARTESIAN_POINT('',(-1.78197256,42.553713263202));
#2318 = CARTESIAN_POINT('',(-1.78197256,43.46302712));
#2319 = ( GEOMETRIC_REPRESENTATION_CONTEXT(2) 
PARAMETRIC_REPRESENTATION_CONTEXT() REPRESENTATION_CONTEXT('2D SPACE',''
  ) );
#2320 = ADVANCED_FACE('',(#2321),#2335,.F.);
#2321 = FACE_BOUND('',#2322,.T.);
#2322 = EDGE_LOOP('',(#2323,#2353,#2379,#2380));
#2323 = ORIENTED_EDGE('',*,*,#2324,.T.);
#2324 = EDGE_CURVE('',#2325,#2327,#2329,.T.);
#2325 = VERTEX_POINT('',#2326);
#2326 = CARTESIAN_POINT('',(1.73213776,35.83616912,0.E+000));
#2327 = VERTEX_POINT('',#2328);
#2328 = CARTESIAN_POINT('',(1.73213776,35.83616912,1.13284));
#2329 = SEAM_CURVE('',#2330,(#2334,#2346),.PCURVE_S1.);
#2330 = LINE('',#2331,#2332);
#2331 = CARTESIAN_POINT('',(1.73213776,35.83616912,0.E+000));
#2332 = VECTOR('',#2333,1.);
#2333 = DIRECTION('',(0.E+000,0.E+000,1.));
#2334 = PCURVE('',#2335,#2340);
#2335 = CYLINDRICAL_SURFACE('',#2336,0.4750054);
#2336 = AXIS2_PLACEMENT_3D('',#2337,#2338,#2339);
#2337 = CARTESIAN_POINT('',(1.25713236,35.83616912,0.E+000));
#2338 = DIRECTION('',(0.E+000,0.E+000,-1.));
#2339 = DIRECTION('',(1.,0.E+000,0.E+000));
#2340 = DEFINITIONAL_REPRESENTATION('',(#2341),#2345);
#2341 = LINE('',#2342,#2343);
#2342 = CARTESIAN_POINT('',(0.E+000,0.E+000));
#2343 = VECTOR('',#2344,1.);
#2344 = DIRECTION('',(0.E+000,-1.));
#2345 = ( GEOMETRIC_REPRESENTATION_CONTEXT(2) 
PARAMETRIC_REPRESENTATION_CONTEXT() REPRESENTATION_CONTEXT('2D SPACE',''
  ) );
#2346 = PCURVE('',#2335,#2347);
#2347 = DEFINITIONAL_REPRESENTATION('',(#2348),#2352);
#2348 = LINE('',#2349,#2350);
#2349 = CARTESIAN_POINT('',(-6.28318530718,0.E+000));
#2350 = VECTOR('',#2351,1.);
#2351 = DIRECTION('',(0.E+000,-1.));
#2352 = ( GEOMETRIC_REPRESENTATION_CONTEXT(2) 
PARAMETRIC_REPRESENTATION_CONTEXT() REPRESENTATION_CONTEXT('2D SPACE',''
  ) );
#2353 = ORIENTED_EDGE('',*,*,#2354,.T.);
#2354 = EDGE_CURVE('',#2327,#2327,#2355,.T.);
#2355 = SURFACE_CURVE('',#2356,(#2361,#2368),.PCURVE_S1.);
#2356 = CIRCLE('',#2357,0.4750054);
#2357 = AXIS2_PLACEMENT_3D('',#2358,#2359,#2360);
#2358 = CARTESIAN_POINT('',(1.25713236,35.83616912,1.13284));
#2359 = DIRECTION('',(0.E+000,0.E+000,1.));
#2360 = DIRECTION('',(1.,0.E+000,0.E+000));
#2361 = PCURVE('',#2335,#2362);
#2362 = DEFINITIONAL_REPRESENTATION('',(#2363),#2367);
#2363 = LINE('',#2364,#2365);
#2364 = CARTESIAN_POINT('',(0.E+000,-1.13284));
#2365 = VECTOR('',#2366,1.);
#2366 = DIRECTION('',(-1.,0.E+000));
#2367 = ( GEOMETRIC_REPRESENTATION_CONTEXT(2) 
PARAMETRIC_REPRESENTATION_CONTEXT() REPRESENTATION_CONTEXT('2D SPACE',''
  ) );
#2368 = PCURVE('',#83,#2369);
#2369 = DEFINITIONAL_REPRESENTATION('',(#2370),#2378);
#2370 = ( BOUNDED_CURVE() B_SPLINE_CURVE(2,(#2371,#2372,#2373,#2374,
#2375,#2376,#2377),.UNSPECIFIED.,.T.,.F.) B_SPLINE_CURVE_WITH_KNOTS((1,2
    ,2,2,2,1),(-2.094395102393,0.E+000,2.094395102393,4.188790204786,
6.28318530718,8.377580409573),.UNSPECIFIED.) CURVE() 
GEOMETRIC_REPRESENTATION_ITEM() RATIONAL_B_SPLINE_CURVE((1.,0.5,1.,0.5,
1.,0.5,1.)) REPRESENTATION_ITEM('') );
#2371 = CARTESIAN_POINT('',(-1.73213776,35.96316912));
#2372 = CARTESIAN_POINT('',(-1.73213776,36.78590260667));
#2373 = CARTESIAN_POINT('',(-1.01962966,36.374535863335));
#2374 = CARTESIAN_POINT('',(-0.30712156,35.96316912));
#2375 = CARTESIAN_POINT('',(-1.01962966,35.551802376665));
#2376 = CARTESIAN_POINT('',(-1.73213776,35.14043563333));
#2377 = CARTESIAN_POINT('',(-1.73213776,35.96316912));
#2378 = ( GEOMETRIC_REPRESENTATION_CONTEXT(2) 
PARAMETRIC_REPRESENTATION_CONTEXT() REPRESENTATION_CONTEXT('2D SPACE',''
  ) );
#2379 = ORIENTED_EDGE('',*,*,#2324,.F.);
#2380 = ORIENTED_EDGE('',*,*,#2381,.F.);
#2381 = EDGE_CURVE('',#2325,#2325,#2382,.T.);
#2382 = SURFACE_CURVE('',#2383,(#2388,#2395),.PCURVE_S1.);
#2383 = CIRCLE('',#2384,0.4750054);
#2384 = AXIS2_PLACEMENT_3D('',#2385,#2386,#2387);
#2385 = CARTESIAN_POINT('',(1.25713236,35.83616912,0.E+000));
#2386 = DIRECTION('',(0.E+000,0.E+000,1.));
#2387 = DIRECTION('',(1.,0.E+000,0.E+000));
#2388 = PCURVE('',#2335,#2389);
#2389 = DEFINITIONAL_REPRESENTATION('',(#2390),#2394);
#2390 = LINE('',#2391,#2392);
#2391 = CARTESIAN_POINT('',(0.E+000,0.E+000));
#2392 = VECTOR('',#2393,1.);
#2393 = DIRECTION('',(-1.,0.E+000));
#2394 = ( GEOMETRIC_REPRESENTATION_CONTEXT(2) 
PARAMETRIC_REPRESENTATION_CONTEXT() REPRESENTATION_CONTEXT('2D SPACE',''
  ) );
#2395 = PCURVE('',#137,#2396);
#2396 = DEFINITIONAL_REPRESENTATION('',(#2397),#2405);
#2397 = ( BOUNDED_CURVE() B_SPLINE_CURVE(2,(#2398,#2399,#2400,#2401,
#2402,#2403,#2404),.UNSPECIFIED.,.T.,.F.) B_SPLINE_CURVE_WITH_KNOTS((1,2
    ,2,2,2,1),(-2.094395102393,0.E+000,2.094395102393,4.188790204786,
6.28318530718,8.377580409573),.UNSPECIFIED.) CURVE() 
GEOMETRIC_REPRESENTATION_ITEM() RATIONAL_B_SPLINE_CURVE((1.,0.5,1.,0.5,
1.,0.5,1.)) REPRESENTATION_ITEM('') );
#2398 = CARTESIAN_POINT('',(-1.73213776,35.96316912));
#2399 = CARTESIAN_POINT('',(-1.73213776,36.78590260667));
#2400 = CARTESIAN_POINT('',(-1.01962966,36.374535863335));
#2401 = CARTESIAN_POINT('',(-0.30712156,35.96316912));
#2402 = CARTESIAN_POINT('',(-1.01962966,35.551802376665));
#2403 = CARTESIAN_POINT('',(-1.73213776,35.14043563333));
#2404 = CARTESIAN_POINT('',(-1.73213776,35.96316912));
#2405 = ( GEOMETRIC_REPRESENTATION_CONTEXT(2) 
PARAMETRIC_REPRESENTATION_CONTEXT() REPRESENTATION_CONTEXT('2D SPACE',''
  ) );
#2406 = ADVANCED_FACE('',(#2407),#2421,.F.);
#2407 = FACE_BOUND('',#2408,.T.);
#2408 = EDGE_LOOP('',(#2409,#2439,#2465,#2466));
#2409 = ORIENTED_EDGE('',*,*,#2410,.T.);
#2410 = EDGE_CURVE('',#2411,#2413,#2415,.T.);
#2411 = VERTEX_POINT('',#2412);
#2412 = CARTESIAN_POINT('',(1.73213776,45.53617512,0.E+000));
#2413 = VERTEX_POINT('',#2414);
#2414 = CARTESIAN_POINT('',(1.73213776,45.53617512,1.13284));
#2415 = SEAM_CURVE('',#2416,(#2420,#2432),.PCURVE_S1.);
#2416 = LINE('',#2417,#2418);
#2417 = CARTESIAN_POINT('',(1.73213776,45.53617512,0.E+000));
#2418 = VECTOR('',#2419,1.);
#2419 = DIRECTION('',(0.E+000,0.E+000,1.));
#2420 = PCURVE('',#2421,#2426);
#2421 = CYLINDRICAL_SURFACE('',#2422,0.4750054);
#2422 = AXIS2_PLACEMENT_3D('',#2423,#2424,#2425);
#2423 = CARTESIAN_POINT('',(1.25713236,45.53617512,0.E+000));
#2424 = DIRECTION('',(0.E+000,0.E+000,-1.));
#2425 = DIRECTION('',(1.,0.E+000,0.E+000));
#2426 = DEFINITIONAL_REPRESENTATION('',(#2427),#2431);
#2427 = LINE('',#2428,#2429);
#2428 = CARTESIAN_POINT('',(0.E+000,0.E+000));
#2429 = VECTOR('',#2430,1.);
#2430 = DIRECTION('',(0.E+000,-1.));
#2431 = ( GEOMETRIC_REPRESENTATION_CONTEXT(2) 
PARAMETRIC_REPRESENTATION_CONTEXT() REPRESENTATION_CONTEXT('2D SPACE',''
  ) );
#2432 = PCURVE('',#2421,#2433);
#2433 = DEFINITIONAL_REPRESENTATION('',(#2434),#2438);
#2434 = LINE('',#2435,#2436);
#2435 = CARTESIAN_POINT('',(-6.28318530718,0.E+000));
#2436 = VECTOR('',#2437,1.);
#2437 = DIRECTION('',(0.E+000,-1.));
#2438 = ( GEOMETRIC_REPRESENTATION_CONTEXT(2) 
PARAMETRIC_REPRESENTATION_CONTEXT() REPRESENTATION_CONTEXT('2D SPACE',''
  ) );
#2439 = ORIENTED_EDGE('',*,*,#2440,.T.);
#2440 = EDGE_CURVE('',#2413,#2413,#2441,.T.);
#2441 = SURFACE_CURVE('',#2442,(#2447,#2454),.PCURVE_S1.);
#2442 = CIRCLE('',#2443,0.4750054);
#2443 = AXIS2_PLACEMENT_3D('',#2444,#2445,#2446);
#2444 = CARTESIAN_POINT('',(1.25713236,45.53617512,1.13284));
#2445 = DIRECTION('',(0.E+000,0.E+000,1.));
#2446 = DIRECTION('',(1.,0.E+000,0.E+000));
#2447 = PCURVE('',#2421,#2448);
#2448 = DEFINITIONAL_REPRESENTATION('',(#2449),#2453);
#2449 = LINE('',#2450,#2451);
#2450 = CARTESIAN_POINT('',(0.E+000,-1.13284));
#2451 = VECTOR('',#2452,1.);
#2452 = DIRECTION('',(-1.,0.E+000));
#2453 = ( GEOMETRIC_REPRESENTATION_CONTEXT(2) 
PARAMETRIC_REPRESENTATION_CONTEXT() REPRESENTATION_CONTEXT('2D SPACE',''
  ) );
#2454 = PCURVE('',#83,#2455);
#2455 = DEFINITIONAL_REPRESENTATION('',(#2456),#2464);
#2456 = ( BOUNDED_CURVE() B_SPLINE_CURVE(2,(#2457,#2458,#2459,#2460,
#2461,#2462,#2463),.UNSPECIFIED.,.T.,.F.) B_SPLINE_CURVE_WITH_KNOTS((1,2
    ,2,2,2,1),(-2.094395102393,0.E+000,2.094395102393,4.188790204786,
6.28318530718,8.377580409573),.UNSPECIFIED.) CURVE() 
GEOMETRIC_REPRESENTATION_ITEM() RATIONAL_B_SPLINE_CURVE((1.,0.5,1.,0.5,
1.,0.5,1.)) REPRESENTATION_ITEM('') );
#2457 = CARTESIAN_POINT('',(-1.73213776,45.66317512));
#2458 = CARTESIAN_POINT('',(-1.73213776,46.48590860667));
#2459 = CARTESIAN_POINT('',(-1.01962966,46.074541863335));
#2460 = CARTESIAN_POINT('',(-0.30712156,45.66317512));
#2461 = CARTESIAN_POINT('',(-1.01962966,45.251808376665));
#2462 = CARTESIAN_POINT('',(-1.73213776,44.84044163333));
#2463 = CARTESIAN_POINT('',(-1.73213776,45.66317512));
#2464 = ( GEOMETRIC_REPRESENTATION_CONTEXT(2) 
PARAMETRIC_REPRESENTATION_CONTEXT() REPRESENTATION_CONTEXT('2D SPACE',''
  ) );
#2465 = ORIENTED_EDGE('',*,*,#2410,.F.);
#2466 = ORIENTED_EDGE('',*,*,#2467,.F.);
#2467 = EDGE_CURVE('',#2411,#2411,#2468,.T.);
#2468 = SURFACE_CURVE('',#2469,(#2474,#2481),.PCURVE_S1.);
#2469 = CIRCLE('',#2470,0.4750054);
#2470 = AXIS2_PLACEMENT_3D('',#2471,#2472,#2473);
#2471 = CARTESIAN_POINT('',(1.25713236,45.53617512,0.E+000));
#2472 = DIRECTION('',(0.E+000,0.E+000,1.));
#2473 = DIRECTION('',(1.,0.E+000,0.E+000));
#2474 = PCURVE('',#2421,#2475);
#2475 = DEFINITIONAL_REPRESENTATION('',(#2476),#2480);
#2476 = LINE('',#2477,#2478);
#2477 = CARTESIAN_POINT('',(0.E+000,0.E+000));
#2478 = VECTOR('',#2479,1.);
#2479 = DIRECTION('',(-1.,0.E+000));
#2480 = ( GEOMETRIC_REPRESENTATION_CONTEXT(2) 
PARAMETRIC_REPRESENTATION_CONTEXT() REPRESENTATION_CONTEXT('2D SPACE',''
  ) );
#2481 = PCURVE('',#137,#2482);
#2482 = DEFINITIONAL_REPRESENTATION('',(#2483),#2491);
#2483 = ( BOUNDED_CURVE() B_SPLINE_CURVE(2,(#2484,#2485,#2486,#2487,
#2488,#2489,#2490),.UNSPECIFIED.,.T.,.F.) B_SPLINE_CURVE_WITH_KNOTS((1,2
    ,2,2,2,1),(-2.094395102393,0.E+000,2.094395102393,4.188790204786,
6.28318530718,8.377580409573),.UNSPECIFIED.) CURVE() 
GEOMETRIC_REPRESENTATION_ITEM() RATIONAL_B_SPLINE_CURVE((1.,0.5,1.,0.5,
1.,0.5,1.)) REPRESENTATION_ITEM('') );
#2484 = CARTESIAN_POINT('',(-1.73213776,45.66317512));
#2485 = CARTESIAN_POINT('',(-1.73213776,46.48590860667));
#2486 = CARTESIAN_POINT('',(-1.01962966,46.074541863335));
#2487 = CARTESIAN_POINT('',(-0.30712156,45.66317512));
#2488 = CARTESIAN_POINT('',(-1.01962966,45.251808376665));
#2489 = CARTESIAN_POINT('',(-1.73213776,44.84044163333));
#2490 = CARTESIAN_POINT('',(-1.73213776,45.66317512));
#2491 = ( GEOMETRIC_REPRESENTATION_CONTEXT(2) 
PARAMETRIC_REPRESENTATION_CONTEXT() REPRESENTATION_CONTEXT('2D SPACE',''
  ) );
#2492 = ADVANCED_FACE('',(#2493),#2507,.F.);
#2493 = FACE_BOUND('',#2494,.T.);
#2494 = EDGE_LOOP('',(#2495,#2525,#2551,#2552));
#2495 = ORIENTED_EDGE('',*,*,#2496,.T.);
#2496 = EDGE_CURVE('',#2497,#2499,#2501,.T.);
#2497 = VERTEX_POINT('',#2498);
#2498 = CARTESIAN_POINT('',(1.73213776,40.83615912,0.E+000));
#2499 = VERTEX_POINT('',#2500);
#2500 = CARTESIAN_POINT('',(1.73213776,40.83615912,1.13284));
#2501 = SEAM_CURVE('',#2502,(#2506,#2518),.PCURVE_S1.);
#2502 = LINE('',#2503,#2504);
#2503 = CARTESIAN_POINT('',(1.73213776,40.83615912,0.E+000));
#2504 = VECTOR('',#2505,1.);
#2505 = DIRECTION('',(0.E+000,0.E+000,1.));
#2506 = PCURVE('',#2507,#2512);
#2507 = CYLINDRICAL_SURFACE('',#2508,0.4750054);
#2508 = AXIS2_PLACEMENT_3D('',#2509,#2510,#2511);
#2509 = CARTESIAN_POINT('',(1.25713236,40.83615912,0.E+000));
#2510 = DIRECTION('',(0.E+000,0.E+000,-1.));
#2511 = DIRECTION('',(1.,0.E+000,0.E+000));
#2512 = DEFINITIONAL_REPRESENTATION('',(#2513),#2517);
#2513 = LINE('',#2514,#2515);
#2514 = CARTESIAN_POINT('',(0.E+000,0.E+000));
#2515 = VECTOR('',#2516,1.);
#2516 = DIRECTION('',(0.E+000,-1.));
#2517 = ( GEOMETRIC_REPRESENTATION_CONTEXT(2) 
PARAMETRIC_REPRESENTATION_CONTEXT() REPRESENTATION_CONTEXT('2D SPACE',''
  ) );
#2518 = PCURVE('',#2507,#2519);
#2519 = DEFINITIONAL_REPRESENTATION('',(#2520),#2524);
#2520 = LINE('',#2521,#2522);
#2521 = CARTESIAN_POINT('',(-6.28318530718,0.E+000));
#2522 = VECTOR('',#2523,1.);
#2523 = DIRECTION('',(0.E+000,-1.));
#2524 = ( GEOMETRIC_REPRESENTATION_CONTEXT(2) 
PARAMETRIC_REPRESENTATION_CONTEXT() REPRESENTATION_CONTEXT('2D SPACE',''
  ) );
#2525 = ORIENTED_EDGE('',*,*,#2526,.T.);
#2526 = EDGE_CURVE('',#2499,#2499,#2527,.T.);
#2527 = SURFACE_CURVE('',#2528,(#2533,#2540),.PCURVE_S1.);
#2528 = CIRCLE('',#2529,0.4750054);
#2529 = AXIS2_PLACEMENT_3D('',#2530,#2531,#2532);
#2530 = CARTESIAN_POINT('',(1.25713236,40.83615912,1.13284));
#2531 = DIRECTION('',(0.E+000,0.E+000,1.));
#2532 = DIRECTION('',(1.,0.E+000,0.E+000));
#2533 = PCURVE('',#2507,#2534);
#2534 = DEFINITIONAL_REPRESENTATION('',(#2535),#2539);
#2535 = LINE('',#2536,#2537);
#2536 = CARTESIAN_POINT('',(0.E+000,-1.13284));
#2537 = VECTOR('',#2538,1.);
#2538 = DIRECTION('',(-1.,0.E+000));
#2539 = ( GEOMETRIC_REPRESENTATION_CONTEXT(2) 
PARAMETRIC_REPRESENTATION_CONTEXT() REPRESENTATION_CONTEXT('2D SPACE',''
  ) );
#2540 = PCURVE('',#83,#2541);
#2541 = DEFINITIONAL_REPRESENTATION('',(#2542),#2550);
#2542 = ( BOUNDED_CURVE() B_SPLINE_CURVE(2,(#2543,#2544,#2545,#2546,
#2547,#2548,#2549),.UNSPECIFIED.,.F.,.F.) B_SPLINE_CURVE_WITH_KNOTS((1,2
    ,2,2,2,1),(-2.094395102393,0.E+000,2.094395102393,4.188790204786,
6.28318530718,8.377580409573),.UNSPECIFIED.) CURVE() 
GEOMETRIC_REPRESENTATION_ITEM() RATIONAL_B_SPLINE_CURVE((1.,0.5,1.,0.5,
1.,0.5,1.)) REPRESENTATION_ITEM('') );
#2543 = CARTESIAN_POINT('',(-1.73213776,40.96315912));
#2544 = CARTESIAN_POINT('',(-1.73213776,41.78589260667));
#2545 = CARTESIAN_POINT('',(-1.01962966,41.374525863335));
#2546 = CARTESIAN_POINT('',(-0.30712156,40.96315912));
#2547 = CARTESIAN_POINT('',(-1.01962966,40.551792376665));
#2548 = CARTESIAN_POINT('',(-1.73213776,40.14042563333));
#2549 = CARTESIAN_POINT('',(-1.73213776,40.96315912));
#2550 = ( GEOMETRIC_REPRESENTATION_CONTEXT(2) 
PARAMETRIC_REPRESENTATION_CONTEXT() REPRESENTATION_CONTEXT('2D SPACE',''
  ) );
#2551 = ORIENTED_EDGE('',*,*,#2496,.F.);
#2552 = ORIENTED_EDGE('',*,*,#2553,.F.);
#2553 = EDGE_CURVE('',#2497,#2497,#2554,.T.);
#2554 = SURFACE_CURVE('',#2555,(#2560,#2567),.PCURVE_S1.);
#2555 = CIRCLE('',#2556,0.4750054);
#2556 = AXIS2_PLACEMENT_3D('',#2557,#2558,#2559);
#2557 = CARTESIAN_POINT('',(1.25713236,40.83615912,0.E+000));
#2558 = DIRECTION('',(0.E+000,0.E+000,1.));
#2559 = DIRECTION('',(1.,0.E+000,0.E+000));
#2560 = PCURVE('',#2507,#2561);
#2561 = DEFINITIONAL_REPRESENTATION('',(#2562),#2566);
#2562 = LINE('',#2563,#2564);
#2563 = CARTESIAN_POINT('',(0.E+000,0.E+000));
#2564 = VECTOR('',#2565,1.);
#2565 = DIRECTION('',(-1.,0.E+000));
#2566 = ( GEOMETRIC_REPRESENTATION_CONTEXT(2) 
PARAMETRIC_REPRESENTATION_CONTEXT() REPRESENTATION_CONTEXT('2D SPACE',''
  ) );
#2567 = PCURVE('',#137,#2568);
#2568 = DEFINITIONAL_REPRESENTATION('',(#2569),#2577);
#2569 = ( BOUNDED_CURVE() B_SPLINE_CURVE(2,(#2570,#2571,#2572,#2573,
#2574,#2575,#2576),.UNSPECIFIED.,.F.,.F.) B_SPLINE_CURVE_WITH_KNOTS((1,2
    ,2,2,2,1),(-2.094395102393,0.E+000,2.094395102393,4.188790204786,
6.28318530718,8.377580409573),.UNSPECIFIED.) CURVE() 
GEOMETRIC_REPRESENTATION_ITEM() RATIONAL_B_SPLINE_CURVE((1.,0.5,1.,0.5,
1.,0.5,1.)) REPRESENTATION_ITEM('') );
#2570 = CARTESIAN_POINT('',(-1.73213776,40.96315912));
#2571 = CARTESIAN_POINT('',(-1.73213776,41.78589260667));
#2572 = CARTESIAN_POINT('',(-1.01962966,41.374525863335));
#2573 = CARTESIAN_POINT('',(-0.30712156,40.96315912));
#2574 = CARTESIAN_POINT('',(-1.01962966,40.551792376665));
#2575 = CARTESIAN_POINT('',(-1.73213776,40.14042563333));
#2576 = CARTESIAN_POINT('',(-1.73213776,40.96315912));
#2577 = ( GEOMETRIC_REPRESENTATION_CONTEXT(2) 
PARAMETRIC_REPRESENTATION_CONTEXT() REPRESENTATION_CONTEXT('2D SPACE',''
  ) );
#2578 = ADVANCED_FACE('',(#2579),#2593,.F.);
#2579 = FACE_BOUND('',#2580,.T.);
#2580 = EDGE_LOOP('',(#2581,#2611,#2637,#2638));
#2581 = ORIENTED_EDGE('',*,*,#2582,.T.);
#2582 = EDGE_CURVE('',#2583,#2585,#2587,.T.);
#2583 = VERTEX_POINT('',#2584);
#2584 = CARTESIAN_POINT('',(1.78197256,53.33600712,0.E+000));
#2585 = VERTEX_POINT('',#2586);
#2586 = CARTESIAN_POINT('',(1.78197256,53.33600712,1.13284));
#2587 = SEAM_CURVE('',#2588,(#2592,#2604),.PCURVE_S1.);
#2588 = LINE('',#2589,#2590);
#2589 = CARTESIAN_POINT('',(1.78197256,53.33600712,0.E+000));
#2590 = VECTOR('',#2591,1.);
#2591 = DIRECTION('',(0.E+000,0.E+000,1.));
#2592 = PCURVE('',#2593,#2598);
#2593 = CYLINDRICAL_SURFACE('',#2594,0.5249926);
#2594 = AXIS2_PLACEMENT_3D('',#2595,#2596,#2597);
#2595 = CARTESIAN_POINT('',(1.25697996,53.33600712,0.E+000));
#2596 = DIRECTION('',(0.E+000,0.E+000,-1.));
#2597 = DIRECTION('',(1.,0.E+000,0.E+000));
#2598 = DEFINITIONAL_REPRESENTATION('',(#2599),#2603);
#2599 = LINE('',#2600,#2601);
#2600 = CARTESIAN_POINT('',(0.E+000,0.E+000));
#2601 = VECTOR('',#2602,1.);
#2602 = DIRECTION('',(0.E+000,-1.));
#2603 = ( GEOMETRIC_REPRESENTATION_CONTEXT(2) 
PARAMETRIC_REPRESENTATION_CONTEXT() REPRESENTATION_CONTEXT('2D SPACE',''
  ) );
#2604 = PCURVE('',#2593,#2605);
#2605 = DEFINITIONAL_REPRESENTATION('',(#2606),#2610);
#2606 = LINE('',#2607,#2608);
#2607 = CARTESIAN_POINT('',(-6.28318530718,0.E+000));
#2608 = VECTOR('',#2609,1.);
#2609 = DIRECTION('',(0.E+000,-1.));
#2610 = ( GEOMETRIC_REPRESENTATION_CONTEXT(2) 
PARAMETRIC_REPRESENTATION_CONTEXT() REPRESENTATION_CONTEXT('2D SPACE',''
  ) );
#2611 = ORIENTED_EDGE('',*,*,#2612,.T.);
#2612 = EDGE_CURVE('',#2585,#2585,#2613,.T.);
#2613 = SURFACE_CURVE('',#2614,(#2619,#2626),.PCURVE_S1.);
#2614 = CIRCLE('',#2615,0.5249926);
#2615 = AXIS2_PLACEMENT_3D('',#2616,#2617,#2618);
#2616 = CARTESIAN_POINT('',(1.25697996,53.33600712,1.13284));
#2617 = DIRECTION('',(0.E+000,0.E+000,1.));
#2618 = DIRECTION('',(1.,0.E+000,0.E+000));
#2619 = PCURVE('',#2593,#2620);
#2620 = DEFINITIONAL_REPRESENTATION('',(#2621),#2625);
#2621 = LINE('',#2622,#2623);
#2622 = CARTESIAN_POINT('',(0.E+000,-1.13284));
#2623 = VECTOR('',#2624,1.);
#2624 = DIRECTION('',(-1.,0.E+000));
#2625 = ( GEOMETRIC_REPRESENTATION_CONTEXT(2) 
PARAMETRIC_REPRESENTATION_CONTEXT() REPRESENTATION_CONTEXT('2D SPACE',''
  ) );
#2626 = PCURVE('',#83,#2627);
#2627 = DEFINITIONAL_REPRESENTATION('',(#2628),#2636);
#2628 = ( BOUNDED_CURVE() B_SPLINE_CURVE(2,(#2629,#2630,#2631,#2632,
#2633,#2634,#2635),.UNSPECIFIED.,.F.,.F.) B_SPLINE_CURVE_WITH_KNOTS((1,2
    ,2,2,2,1),(-2.094395102393,0.E+000,2.094395102393,4.188790204786,
6.28318530718,8.377580409573),.UNSPECIFIED.) CURVE() 
GEOMETRIC_REPRESENTATION_ITEM() RATIONAL_B_SPLINE_CURVE((1.,0.5,1.,0.5,
1.,0.5,1.)) REPRESENTATION_ITEM('') );
#2629 = CARTESIAN_POINT('',(-1.78197256,53.46300712));
#2630 = CARTESIAN_POINT('',(-1.78197256,54.372320976798));
#2631 = CARTESIAN_POINT('',(-0.99448366,53.917664048399));
#2632 = CARTESIAN_POINT('',(-0.20699476,53.46300712));
#2633 = CARTESIAN_POINT('',(-0.99448366,53.008350191601));
#2634 = CARTESIAN_POINT('',(-1.78197256,52.553693263202));
#2635 = CARTESIAN_POINT('',(-1.78197256,53.46300712));
#2636 = ( GEOMETRIC_REPRESENTATION_CONTEXT(2) 
PARAMETRIC_REPRESENTATION_CONTEXT() REPRESENTATION_CONTEXT('2D SPACE',''
  ) );
#2637 = ORIENTED_EDGE('',*,*,#2582,.F.);
#2638 = ORIENTED_EDGE('',*,*,#2639,.F.);
#2639 = EDGE_CURVE('',#2583,#2583,#2640,.T.);
#2640 = SURFACE_CURVE('',#2641,(#2646,#2653),.PCURVE_S1.);
#2641 = CIRCLE('',#2642,0.5249926);
#2642 = AXIS2_PLACEMENT_3D('',#2643,#2644,#2645);
#2643 = CARTESIAN_POINT('',(1.25697996,53.33600712,0.E+000));
#2644 = DIRECTION('',(0.E+000,0.E+000,1.));
#2645 = DIRECTION('',(1.,0.E+000,0.E+000));
#2646 = PCURVE('',#2593,#2647);
#2647 = DEFINITIONAL_REPRESENTATION('',(#2648),#2652);
#2648 = LINE('',#2649,#2650);
#2649 = CARTESIAN_POINT('',(0.E+000,0.E+000));
#2650 = VECTOR('',#2651,1.);
#2651 = DIRECTION('',(-1.,0.E+000));
#2652 = ( GEOMETRIC_REPRESENTATION_CONTEXT(2) 
PARAMETRIC_REPRESENTATION_CONTEXT() REPRESENTATION_CONTEXT('2D SPACE',''
  ) );
#2653 = PCURVE('',#137,#2654);
#2654 = DEFINITIONAL_REPRESENTATION('',(#2655),#2663);
#2655 = ( BOUNDED_CURVE() B_SPLINE_CURVE(2,(#2656,#2657,#2658,#2659,
#2660,#2661,#2662),.UNSPECIFIED.,.F.,.F.) B_SPLINE_CURVE_WITH_KNOTS((1,2
    ,2,2,2,1),(-2.094395102393,0.E+000,2.094395102393,4.188790204786,
6.28318530718,8.377580409573),.UNSPECIFIED.) CURVE() 
GEOMETRIC_REPRESENTATION_ITEM() RATIONAL_B_SPLINE_CURVE((1.,0.5,1.,0.5,
1.,0.5,1.)) REPRESENTATION_ITEM('') );
#2656 = CARTESIAN_POINT('',(-1.78197256,53.46300712));
#2657 = CARTESIAN_POINT('',(-1.78197256,54.372320976798));
#2658 = CARTESIAN_POINT('',(-0.99448366,53.917664048399));
#2659 = CARTESIAN_POINT('',(-0.20699476,53.46300712));
#2660 = CARTESIAN_POINT('',(-0.99448366,53.008350191601));
#2661 = CARTESIAN_POINT('',(-1.78197256,52.553693263202));
#2662 = CARTESIAN_POINT('',(-1.78197256,53.46300712));
#2663 = ( GEOMETRIC_REPRESENTATION_CONTEXT(2) 
PARAMETRIC_REPRESENTATION_CONTEXT() REPRESENTATION_CONTEXT('2D SPACE',''
  ) );
#2664 = ADVANCED_FACE('',(#2665),#2679,.F.);
#2665 = FACE_BOUND('',#2666,.T.);
#2666 = EDGE_LOOP('',(#2667,#2697,#2723,#2724));
#2667 = ORIENTED_EDGE('',*,*,#2668,.T.);
#2668 = EDGE_CURVE('',#2669,#2671,#2673,.T.);
#2669 = VERTEX_POINT('',#2670);
#2670 = CARTESIAN_POINT('',(1.78194716,63.33598712,0.E+000));
#2671 = VERTEX_POINT('',#2672);
#2672 = CARTESIAN_POINT('',(1.78194716,63.33598712,1.13284));
#2673 = SEAM_CURVE('',#2674,(#2678,#2690),.PCURVE_S1.);
#2674 = LINE('',#2675,#2676);
#2675 = CARTESIAN_POINT('',(1.78194716,63.33598712,0.E+000));
#2676 = VECTOR('',#2677,1.);
#2677 = DIRECTION('',(0.E+000,0.E+000,1.));
#2678 = PCURVE('',#2679,#2684);
#2679 = CYLINDRICAL_SURFACE('',#2680,0.5249926);
#2680 = AXIS2_PLACEMENT_3D('',#2681,#2682,#2683);
#2681 = CARTESIAN_POINT('',(1.25695456,63.33598712,0.E+000));
#2682 = DIRECTION('',(0.E+000,0.E+000,-1.));
#2683 = DIRECTION('',(1.,0.E+000,0.E+000));
#2684 = DEFINITIONAL_REPRESENTATION('',(#2685),#2689);
#2685 = LINE('',#2686,#2687);
#2686 = CARTESIAN_POINT('',(0.E+000,0.E+000));
#2687 = VECTOR('',#2688,1.);
#2688 = DIRECTION('',(0.E+000,-1.));
#2689 = ( GEOMETRIC_REPRESENTATION_CONTEXT(2) 
PARAMETRIC_REPRESENTATION_CONTEXT() REPRESENTATION_CONTEXT('2D SPACE',''
  ) );
#2690 = PCURVE('',#2679,#2691);
#2691 = DEFINITIONAL_REPRESENTATION('',(#2692),#2696);
#2692 = LINE('',#2693,#2694);
#2693 = CARTESIAN_POINT('',(-6.28318530718,0.E+000));
#2694 = VECTOR('',#2695,1.);
#2695 = DIRECTION('',(0.E+000,-1.));
#2696 = ( GEOMETRIC_REPRESENTATION_CONTEXT(2) 
PARAMETRIC_REPRESENTATION_CONTEXT() REPRESENTATION_CONTEXT('2D SPACE',''
  ) );
#2697 = ORIENTED_EDGE('',*,*,#2698,.T.);
#2698 = EDGE_CURVE('',#2671,#2671,#2699,.T.);
#2699 = SURFACE_CURVE('',#2700,(#2705,#2712),.PCURVE_S1.);
#2700 = CIRCLE('',#2701,0.5249926);
#2701 = AXIS2_PLACEMENT_3D('',#2702,#2703,#2704);
#2702 = CARTESIAN_POINT('',(1.25695456,63.33598712,1.13284));
#2703 = DIRECTION('',(0.E+000,0.E+000,1.));
#2704 = DIRECTION('',(1.,0.E+000,0.E+000));
#2705 = PCURVE('',#2679,#2706);
#2706 = DEFINITIONAL_REPRESENTATION('',(#2707),#2711);
#2707 = LINE('',#2708,#2709);
#2708 = CARTESIAN_POINT('',(0.E+000,-1.13284));
#2709 = VECTOR('',#2710,1.);
#2710 = DIRECTION('',(-1.,0.E+000));
#2711 = ( GEOMETRIC_REPRESENTATION_CONTEXT(2) 
PARAMETRIC_REPRESENTATION_CONTEXT() REPRESENTATION_CONTEXT('2D SPACE',''
  ) );
#2712 = PCURVE('',#83,#2713);
#2713 = DEFINITIONAL_REPRESENTATION('',(#2714),#2722);
#2714 = ( BOUNDED_CURVE() B_SPLINE_CURVE(2,(#2715,#2716,#2717,#2718,
#2719,#2720,#2721),.UNSPECIFIED.,.T.,.F.) B_SPLINE_CURVE_WITH_KNOTS((1,2
    ,2,2,2,1),(-2.094395102393,0.E+000,2.094395102393,4.188790204786,
6.28318530718,8.377580409573),.UNSPECIFIED.) CURVE() 
GEOMETRIC_REPRESENTATION_ITEM() RATIONAL_B_SPLINE_CURVE((1.,0.5,1.,0.5,
1.,0.5,1.)) REPRESENTATION_ITEM('') );
#2715 = CARTESIAN_POINT('',(-1.78194716,63.46298712));
#2716 = CARTESIAN_POINT('',(-1.78194716,64.372300976798));
#2717 = CARTESIAN_POINT('',(-0.99445826,63.917644048399));
#2718 = CARTESIAN_POINT('',(-0.20696936,63.46298712));
#2719 = CARTESIAN_POINT('',(-0.99445826,63.008330191601));
#2720 = CARTESIAN_POINT('',(-1.78194716,62.553673263202));
#2721 = CARTESIAN_POINT('',(-1.78194716,63.46298712));
#2722 = ( GEOMETRIC_REPRESENTATION_CONTEXT(2) 
PARAMETRIC_REPRESENTATION_CONTEXT() REPRESENTATION_CONTEXT('2D SPACE',''
  ) );
#2723 = ORIENTED_EDGE('',*,*,#2668,.F.);
#2724 = ORIENTED_EDGE('',*,*,#2725,.F.);
#2725 = EDGE_CURVE('',#2669,#2669,#2726,.T.);
#2726 = SURFACE_CURVE('',#2727,(#2732,#2739),.PCURVE_S1.);
#2727 = CIRCLE('',#2728,0.5249926);
#2728 = AXIS2_PLACEMENT_3D('',#2729,#2730,#2731);
#2729 = CARTESIAN_POINT('',(1.25695456,63.33598712,0.E+000));
#2730 = DIRECTION('',(0.E+000,0.E+000,1.));
#2731 = DIRECTION('',(1.,0.E+000,0.E+000));
#2732 = PCURVE('',#2679,#2733);
#2733 = DEFINITIONAL_REPRESENTATION('',(#2734),#2738);
#2734 = LINE('',#2735,#2736);
#2735 = CARTESIAN_POINT('',(0.E+000,0.E+000));
#2736 = VECTOR('',#2737,1.);
#2737 = DIRECTION('',(-1.,0.E+000));
#2738 = ( GEOMETRIC_REPRESENTATION_CONTEXT(2) 
PARAMETRIC_REPRESENTATION_CONTEXT() REPRESENTATION_CONTEXT('2D SPACE',''
  ) );
#2739 = PCURVE('',#137,#2740);
#2740 = DEFINITIONAL_REPRESENTATION('',(#2741),#2749);
#2741 = ( BOUNDED_CURVE() B_SPLINE_CURVE(2,(#2742,#2743,#2744,#2745,
#2746,#2747,#2748),.UNSPECIFIED.,.T.,.F.) B_SPLINE_CURVE_WITH_KNOTS((1,2
    ,2,2,2,1),(-2.094395102393,0.E+000,2.094395102393,4.188790204786,
6.28318530718,8.377580409573),.UNSPECIFIED.) CURVE() 
GEOMETRIC_REPRESENTATION_ITEM() RATIONAL_B_SPLINE_CURVE((1.,0.5,1.,0.5,
1.,0.5,1.)) REPRESENTATION_ITEM('') );
#2742 = CARTESIAN_POINT('',(-1.78194716,63.46298712));
#2743 = CARTESIAN_POINT('',(-1.78194716,64.372300976798));
#2744 = CARTESIAN_POINT('',(-0.99445826,63.917644048399));
#2745 = CARTESIAN_POINT('',(-0.20696936,63.46298712));
#2746 = CARTESIAN_POINT('',(-0.99445826,63.008330191601));
#2747 = CARTESIAN_POINT('',(-1.78194716,62.553673263202));
#2748 = CARTESIAN_POINT('',(-1.78194716,63.46298712));
#2749 = ( GEOMETRIC_REPRESENTATION_CONTEXT(2) 
PARAMETRIC_REPRESENTATION_CONTEXT() REPRESENTATION_CONTEXT('2D SPACE',''
  ) );
#2750 = ADVANCED_FACE('',(#2751),#2765,.F.);
#2751 = FACE_BOUND('',#2752,.T.);
#2752 = EDGE_LOOP('',(#2753,#2783,#2809,#2810));
#2753 = ORIENTED_EDGE('',*,*,#2754,.T.);
#2754 = EDGE_CURVE('',#2755,#2757,#2759,.T.);
#2755 = VERTEX_POINT('',#2756);
#2756 = CARTESIAN_POINT('',(10.35193256,48.33606792,0.E+000));
#2757 = VERTEX_POINT('',#2758);
#2758 = CARTESIAN_POINT('',(10.35193256,48.33606792,1.13284));
#2759 = SEAM_CURVE('',#2760,(#2764,#2776),.PCURVE_S1.);
#2760 = LINE('',#2761,#2762);
#2761 = CARTESIAN_POINT('',(10.35193256,48.33606792,0.E+000));
#2762 = VECTOR('',#2763,1.);
#2763 = DIRECTION('',(0.E+000,0.E+000,1.));
#2764 = PCURVE('',#2765,#2770);
#2765 = CYLINDRICAL_SURFACE('',#2766,0.5249926);
#2766 = AXIS2_PLACEMENT_3D('',#2767,#2768,#2769);
#2767 = CARTESIAN_POINT('',(9.82693996,48.33606792,0.E+000));
#2768 = DIRECTION('',(0.E+000,0.E+000,-1.));
#2769 = DIRECTION('',(1.,0.E+000,0.E+000));
#2770 = DEFINITIONAL_REPRESENTATION('',(#2771),#2775);
#2771 = LINE('',#2772,#2773);
#2772 = CARTESIAN_POINT('',(0.E+000,0.E+000));
#2773 = VECTOR('',#2774,1.);
#2774 = DIRECTION('',(0.E+000,-1.));
#2775 = ( GEOMETRIC_REPRESENTATION_CONTEXT(2) 
PARAMETRIC_REPRESENTATION_CONTEXT() REPRESENTATION_CONTEXT('2D SPACE',''
  ) );
#2776 = PCURVE('',#2765,#2777);
#2777 = DEFINITIONAL_REPRESENTATION('',(#2778),#2782);
#2778 = LINE('',#2779,#2780);
#2779 = CARTESIAN_POINT('',(-6.28318530718,0.E+000));
#2780 = VECTOR('',#2781,1.);
#2781 = DIRECTION('',(0.E+000,-1.));
#2782 = ( GEOMETRIC_REPRESENTATION_CONTEXT(2) 
PARAMETRIC_REPRESENTATION_CONTEXT() REPRESENTATION_CONTEXT('2D SPACE',''
  ) );
#2783 = ORIENTED_EDGE('',*,*,#2784,.T.);
#2784 = EDGE_CURVE('',#2757,#2757,#2785,.T.);
#2785 = SURFACE_CURVE('',#2786,(#2791,#2798),.PCURVE_S1.);
#2786 = CIRCLE('',#2787,0.5249926);
#2787 = AXIS2_PLACEMENT_3D('',#2788,#2789,#2790);
#2788 = CARTESIAN_POINT('',(9.82693996,48.33606792,1.13284));
#2789 = DIRECTION('',(0.E+000,0.E+000,1.));
#2790 = DIRECTION('',(1.,0.E+000,0.E+000));
#2791 = PCURVE('',#2765,#2792);
#2792 = DEFINITIONAL_REPRESENTATION('',(#2793),#2797);
#2793 = LINE('',#2794,#2795);
#2794 = CARTESIAN_POINT('',(0.E+000,-1.13284));
#2795 = VECTOR('',#2796,1.);
#2796 = DIRECTION('',(-1.,0.E+000));
#2797 = ( GEOMETRIC_REPRESENTATION_CONTEXT(2) 
PARAMETRIC_REPRESENTATION_CONTEXT() REPRESENTATION_CONTEXT('2D SPACE',''
  ) );
#2798 = PCURVE('',#83,#2799);
#2799 = DEFINITIONAL_REPRESENTATION('',(#2800),#2808);
#2800 = ( BOUNDED_CURVE() B_SPLINE_CURVE(2,(#2801,#2802,#2803,#2804,
#2805,#2806,#2807),.UNSPECIFIED.,.F.,.F.) B_SPLINE_CURVE_WITH_KNOTS((1,2
    ,2,2,2,1),(-2.094395102393,0.E+000,2.094395102393,4.188790204786,
6.28318530718,8.377580409573),.UNSPECIFIED.) CURVE() 
GEOMETRIC_REPRESENTATION_ITEM() RATIONAL_B_SPLINE_CURVE((1.,0.5,1.,0.5,
1.,0.5,1.)) REPRESENTATION_ITEM('') );
#2801 = CARTESIAN_POINT('',(-10.35193256,48.46306792));
#2802 = CARTESIAN_POINT('',(-10.35193256,49.372381776798));
#2803 = CARTESIAN_POINT('',(-9.56444366,48.917724848399));
#2804 = CARTESIAN_POINT('',(-8.77695476,48.46306792));
#2805 = CARTESIAN_POINT('',(-9.56444366,48.008410991601));
#2806 = CARTESIAN_POINT('',(-10.35193256,47.553754063202));
#2807 = CARTESIAN_POINT('',(-10.35193256,48.46306792));
#2808 = ( GEOMETRIC_REPRESENTATION_CONTEXT(2) 
PARAMETRIC_REPRESENTATION_CONTEXT() REPRESENTATION_CONTEXT('2D SPACE',''
  ) );
#2809 = ORIENTED_EDGE('',*,*,#2754,.F.);
#2810 = ORIENTED_EDGE('',*,*,#2811,.F.);
#2811 = EDGE_CURVE('',#2755,#2755,#2812,.T.);
#2812 = SURFACE_CURVE('',#2813,(#2818,#2825),.PCURVE_S1.);
#2813 = CIRCLE('',#2814,0.5249926);
#2814 = AXIS2_PLACEMENT_3D('',#2815,#2816,#2817);
#2815 = CARTESIAN_POINT('',(9.82693996,48.33606792,0.E+000));
#2816 = DIRECTION('',(0.E+000,0.E+000,1.));
#2817 = DIRECTION('',(1.,0.E+000,0.E+000));
#2818 = PCURVE('',#2765,#2819);
#2819 = DEFINITIONAL_REPRESENTATION('',(#2820),#2824);
#2820 = LINE('',#2821,#2822);
#2821 = CARTESIAN_POINT('',(0.E+000,0.E+000));
#2822 = VECTOR('',#2823,1.);
#2823 = DIRECTION('',(-1.,0.E+000));
#2824 = ( GEOMETRIC_REPRESENTATION_CONTEXT(2) 
PARAMETRIC_REPRESENTATION_CONTEXT() REPRESENTATION_CONTEXT('2D SPACE',''
  ) );
#2825 = PCURVE('',#137,#2826);
#2826 = DEFINITIONAL_REPRESENTATION('',(#2827),#2835);
#2827 = ( BOUNDED_CURVE() B_SPLINE_CURVE(2,(#2828,#2829,#2830,#2831,
#2832,#2833,#2834),.UNSPECIFIED.,.F.,.F.) B_SPLINE_CURVE_WITH_KNOTS((1,2
    ,2,2,2,1),(-2.094395102393,0.E+000,2.094395102393,4.188790204786,
6.28318530718,8.377580409573),.UNSPECIFIED.) CURVE() 
GEOMETRIC_REPRESENTATION_ITEM() RATIONAL_B_SPLINE_CURVE((1.,0.5,1.,0.5,
1.,0.5,1.)) REPRESENTATION_ITEM('') );
#2828 = CARTESIAN_POINT('',(-10.35193256,48.46306792));
#2829 = CARTESIAN_POINT('',(-10.35193256,49.372381776798));
#2830 = CARTESIAN_POINT('',(-9.56444366,48.917724848399));
#2831 = CARTESIAN_POINT('',(-8.77695476,48.46306792));
#2832 = CARTESIAN_POINT('',(-9.56444366,48.008410991601));
#2833 = CARTESIAN_POINT('',(-10.35193256,47.553754063202));
#2834 = CARTESIAN_POINT('',(-10.35193256,48.46306792));
#2835 = ( GEOMETRIC_REPRESENTATION_CONTEXT(2) 
PARAMETRIC_REPRESENTATION_CONTEXT() REPRESENTATION_CONTEXT('2D SPACE',''
  ) );
#2836 = ADVANCED_FACE('',(#2837),#2851,.F.);
#2837 = FACE_BOUND('',#2838,.T.);
#2838 = EDGE_LOOP('',(#2839,#2869,#2895,#2896));
#2839 = ORIENTED_EDGE('',*,*,#2840,.T.);
#2840 = EDGE_CURVE('',#2841,#2843,#2845,.T.);
#2841 = VERTEX_POINT('',#2842);
#2842 = CARTESIAN_POINT('',(4.95189256,48.33611872,0.E+000));
#2843 = VERTEX_POINT('',#2844);
#2844 = CARTESIAN_POINT('',(4.95189256,48.33611872,1.13284));
#2845 = SEAM_CURVE('',#2846,(#2850,#2862),.PCURVE_S1.);
#2846 = LINE('',#2847,#2848);
#2847 = CARTESIAN_POINT('',(4.95189256,48.33611872,0.E+000));
#2848 = VECTOR('',#2849,1.);
#2849 = DIRECTION('',(0.E+000,0.E+000,1.));
#2850 = PCURVE('',#2851,#2856);
#2851 = CYLINDRICAL_SURFACE('',#2852,0.5249926);
#2852 = AXIS2_PLACEMENT_3D('',#2853,#2854,#2855);
#2853 = CARTESIAN_POINT('',(4.42689996,48.33611872,0.E+000));
#2854 = DIRECTION('',(0.E+000,0.E+000,-1.));
#2855 = DIRECTION('',(1.,0.E+000,0.E+000));
#2856 = DEFINITIONAL_REPRESENTATION('',(#2857),#2861);
#2857 = LINE('',#2858,#2859);
#2858 = CARTESIAN_POINT('',(0.E+000,0.E+000));
#2859 = VECTOR('',#2860,1.);
#2860 = DIRECTION('',(0.E+000,-1.));
#2861 = ( GEOMETRIC_REPRESENTATION_CONTEXT(2) 
PARAMETRIC_REPRESENTATION_CONTEXT() REPRESENTATION_CONTEXT('2D SPACE',''
  ) );
#2862 = PCURVE('',#2851,#2863);
#2863 = DEFINITIONAL_REPRESENTATION('',(#2864),#2868);
#2864 = LINE('',#2865,#2866);
#2865 = CARTESIAN_POINT('',(-6.28318530718,0.E+000));
#2866 = VECTOR('',#2867,1.);
#2867 = DIRECTION('',(0.E+000,-1.));
#2868 = ( GEOMETRIC_REPRESENTATION_CONTEXT(2) 
PARAMETRIC_REPRESENTATION_CONTEXT() REPRESENTATION_CONTEXT('2D SPACE',''
  ) );
#2869 = ORIENTED_EDGE('',*,*,#2870,.T.);
#2870 = EDGE_CURVE('',#2843,#2843,#2871,.T.);
#2871 = SURFACE_CURVE('',#2872,(#2877,#2884),.PCURVE_S1.);
#2872 = CIRCLE('',#2873,0.5249926);
#2873 = AXIS2_PLACEMENT_3D('',#2874,#2875,#2876);
#2874 = CARTESIAN_POINT('',(4.42689996,48.33611872,1.13284));
#2875 = DIRECTION('',(0.E+000,0.E+000,1.));
#2876 = DIRECTION('',(1.,0.E+000,0.E+000));
#2877 = PCURVE('',#2851,#2878);
#2878 = DEFINITIONAL_REPRESENTATION('',(#2879),#2883);
#2879 = LINE('',#2880,#2881);
#2880 = CARTESIAN_POINT('',(0.E+000,-1.13284));
#2881 = VECTOR('',#2882,1.);
#2882 = DIRECTION('',(-1.,0.E+000));
#2883 = ( GEOMETRIC_REPRESENTATION_CONTEXT(2) 
PARAMETRIC_REPRESENTATION_CONTEXT() REPRESENTATION_CONTEXT('2D SPACE',''
  ) );
#2884 = PCURVE('',#83,#2885);
#2885 = DEFINITIONAL_REPRESENTATION('',(#2886),#2894);
#2886 = ( BOUNDED_CURVE() B_SPLINE_CURVE(2,(#2887,#2888,#2889,#2890,
#2891,#2892,#2893),.UNSPECIFIED.,.T.,.F.) B_SPLINE_CURVE_WITH_KNOTS((1,2
    ,2,2,2,1),(-2.094395102393,0.E+000,2.094395102393,4.188790204786,
6.28318530718,8.377580409573),.UNSPECIFIED.) CURVE() 
GEOMETRIC_REPRESENTATION_ITEM() RATIONAL_B_SPLINE_CURVE((1.,0.5,1.,0.5,
1.,0.5,1.)) REPRESENTATION_ITEM('') );
#2887 = CARTESIAN_POINT('',(-4.95189256,48.46311872));
#2888 = CARTESIAN_POINT('',(-4.95189256,49.372432576798));
#2889 = CARTESIAN_POINT('',(-4.16440366,48.917775648399));
#2890 = CARTESIAN_POINT('',(-3.37691476,48.46311872));
#2891 = CARTESIAN_POINT('',(-4.16440366,48.008461791601));
#2892 = CARTESIAN_POINT('',(-4.95189256,47.553804863202));
#2893 = CARTESIAN_POINT('',(-4.95189256,48.46311872));
#2894 = ( GEOMETRIC_REPRESENTATION_CONTEXT(2) 
PARAMETRIC_REPRESENTATION_CONTEXT() REPRESENTATION_CONTEXT('2D SPACE',''
  ) );
#2895 = ORIENTED_EDGE('',*,*,#2840,.F.);
#2896 = ORIENTED_EDGE('',*,*,#2897,.F.);
#2897 = EDGE_CURVE('',#2841,#2841,#2898,.T.);
#2898 = SURFACE_CURVE('',#2899,(#2904,#2911),.PCURVE_S1.);
#2899 = CIRCLE('',#2900,0.5249926);
#2900 = AXIS2_PLACEMENT_3D('',#2901,#2902,#2903);
#2901 = CARTESIAN_POINT('',(4.42689996,48.33611872,0.E+000));
#2902 = DIRECTION('',(0.E+000,0.E+000,1.));
#2903 = DIRECTION('',(1.,0.E+000,0.E+000));
#2904 = PCURVE('',#2851,#2905);
#2905 = DEFINITIONAL_REPRESENTATION('',(#2906),#2910);
#2906 = LINE('',#2907,#2908);
#2907 = CARTESIAN_POINT('',(0.E+000,0.E+000));
#2908 = VECTOR('',#2909,1.);
#2909 = DIRECTION('',(-1.,0.E+000));
#2910 = ( GEOMETRIC_REPRESENTATION_CONTEXT(2) 
PARAMETRIC_REPRESENTATION_CONTEXT() REPRESENTATION_CONTEXT('2D SPACE',''
  ) );
#2911 = PCURVE('',#137,#2912);
#2912 = DEFINITIONAL_REPRESENTATION('',(#2913),#2921);
#2913 = ( BOUNDED_CURVE() B_SPLINE_CURVE(2,(#2914,#2915,#2916,#2917,
#2918,#2919,#2920),.UNSPECIFIED.,.T.,.F.) B_SPLINE_CURVE_WITH_KNOTS((1,2
    ,2,2,2,1),(-2.094395102393,0.E+000,2.094395102393,4.188790204786,
6.28318530718,8.377580409573),.UNSPECIFIED.) CURVE() 
GEOMETRIC_REPRESENTATION_ITEM() RATIONAL_B_SPLINE_CURVE((1.,0.5,1.,0.5,
1.,0.5,1.)) REPRESENTATION_ITEM('') );
#2914 = CARTESIAN_POINT('',(-4.95189256,48.46311872));
#2915 = CARTESIAN_POINT('',(-4.95189256,49.372432576798));
#2916 = CARTESIAN_POINT('',(-4.16440366,48.917775648399));
#2917 = CARTESIAN_POINT('',(-3.37691476,48.46311872));
#2918 = CARTESIAN_POINT('',(-4.16440366,48.008461791601));
#2919 = CARTESIAN_POINT('',(-4.95189256,47.553804863202));
#2920 = CARTESIAN_POINT('',(-4.95189256,48.46311872));
#2921 = ( GEOMETRIC_REPRESENTATION_CONTEXT(2) 
PARAMETRIC_REPRESENTATION_CONTEXT() REPRESENTATION_CONTEXT('2D SPACE',''
  ) );
#2922 = ADVANCED_FACE('',(#2923),#2937,.F.);
#2923 = FACE_BOUND('',#2924,.T.);
#2924 = EDGE_LOOP('',(#2925,#2955,#2981,#2982));
#2925 = ORIENTED_EDGE('',*,*,#2926,.T.);
#2926 = EDGE_CURVE('',#2927,#2929,#2931,.T.);
#2927 = VERTEX_POINT('',#2928);
#2928 = CARTESIAN_POINT('',(7.45170976,68.33620572,0.E+000));
#2929 = VERTEX_POINT('',#2930);
#2930 = CARTESIAN_POINT('',(7.45170976,68.33620572,1.13284));
#2931 = SEAM_CURVE('',#2932,(#2936,#2948),.PCURVE_S1.);
#2932 = LINE('',#2933,#2934);
#2933 = CARTESIAN_POINT('',(7.45170976,68.33620572,0.E+000));
#2934 = VECTOR('',#2935,1.);
#2935 = DIRECTION('',(0.E+000,0.E+000,1.));
#2936 = PCURVE('',#2937,#2942);
#2937 = CYLINDRICAL_SURFACE('',#2938,0.5249926);
#2938 = AXIS2_PLACEMENT_3D('',#2939,#2940,#2941);
#2939 = CARTESIAN_POINT('',(6.92671716,68.33620572,0.E+000));
#2940 = DIRECTION('',(0.E+000,0.E+000,-1.));
#2941 = DIRECTION('',(1.,0.E+000,0.E+000));
#2942 = DEFINITIONAL_REPRESENTATION('',(#2943),#2947);
#2943 = LINE('',#2944,#2945);
#2944 = CARTESIAN_POINT('',(0.E+000,0.E+000));
#2945 = VECTOR('',#2946,1.);
#2946 = DIRECTION('',(0.E+000,-1.));
#2947 = ( GEOMETRIC_REPRESENTATION_CONTEXT(2) 
PARAMETRIC_REPRESENTATION_CONTEXT() REPRESENTATION_CONTEXT('2D SPACE',''
  ) );
#2948 = PCURVE('',#2937,#2949);
#2949 = DEFINITIONAL_REPRESENTATION('',(#2950),#2954);
#2950 = LINE('',#2951,#2952);
#2951 = CARTESIAN_POINT('',(-6.28318530718,0.E+000));
#2952 = VECTOR('',#2953,1.);
#2953 = DIRECTION('',(0.E+000,-1.));
#2954 = ( GEOMETRIC_REPRESENTATION_CONTEXT(2) 
PARAMETRIC_REPRESENTATION_CONTEXT() REPRESENTATION_CONTEXT('2D SPACE',''
  ) );
#2955 = ORIENTED_EDGE('',*,*,#2956,.T.);
#2956 = EDGE_CURVE('',#2929,#2929,#2957,.T.);
#2957 = SURFACE_CURVE('',#2958,(#2963,#2970),.PCURVE_S1.);
#2958 = CIRCLE('',#2959,0.5249926);
#2959 = AXIS2_PLACEMENT_3D('',#2960,#2961,#2962);
#2960 = CARTESIAN_POINT('',(6.92671716,68.33620572,1.13284));
#2961 = DIRECTION('',(0.E+000,0.E+000,1.));
#2962 = DIRECTION('',(1.,0.E+000,0.E+000));
#2963 = PCURVE('',#2937,#2964);
#2964 = DEFINITIONAL_REPRESENTATION('',(#2965),#2969);
#2965 = LINE('',#2966,#2967);
#2966 = CARTESIAN_POINT('',(0.E+000,-1.13284));
#2967 = VECTOR('',#2968,1.);
#2968 = DIRECTION('',(-1.,0.E+000));
#2969 = ( GEOMETRIC_REPRESENTATION_CONTEXT(2) 
PARAMETRIC_REPRESENTATION_CONTEXT() REPRESENTATION_CONTEXT('2D SPACE',''
  ) );
#2970 = PCURVE('',#83,#2971);
#2971 = DEFINITIONAL_REPRESENTATION('',(#2972),#2980);
#2972 = ( BOUNDED_CURVE() B_SPLINE_CURVE(2,(#2973,#2974,#2975,#2976,
#2977,#2978,#2979),.UNSPECIFIED.,.F.,.F.) B_SPLINE_CURVE_WITH_KNOTS((1,2
    ,2,2,2,1),(-2.094395102393,0.E+000,2.094395102393,4.188790204786,
6.28318530718,8.377580409573),.UNSPECIFIED.) CURVE() 
GEOMETRIC_REPRESENTATION_ITEM() RATIONAL_B_SPLINE_CURVE((1.,0.5,1.,0.5,
1.,0.5,1.)) REPRESENTATION_ITEM('') );
#2973 = CARTESIAN_POINT('',(-7.45170976,68.46320572));
#2974 = CARTESIAN_POINT('',(-7.45170976,69.372519576798));
#2975 = CARTESIAN_POINT('',(-6.66422086,68.917862648399));
#2976 = CARTESIAN_POINT('',(-5.87673196,68.46320572));
#2977 = CARTESIAN_POINT('',(-6.66422086,68.008548791601));
#2978 = CARTESIAN_POINT('',(-7.45170976,67.553891863202));
#2979 = CARTESIAN_POINT('',(-7.45170976,68.46320572));
#2980 = ( GEOMETRIC_REPRESENTATION_CONTEXT(2) 
PARAMETRIC_REPRESENTATION_CONTEXT() REPRESENTATION_CONTEXT('2D SPACE',''
  ) );
#2981 = ORIENTED_EDGE('',*,*,#2926,.F.);
#2982 = ORIENTED_EDGE('',*,*,#2983,.F.);
#2983 = EDGE_CURVE('',#2927,#2927,#2984,.T.);
#2984 = SURFACE_CURVE('',#2985,(#2990,#2997),.PCURVE_S1.);
#2985 = CIRCLE('',#2986,0.5249926);
#2986 = AXIS2_PLACEMENT_3D('',#2987,#2988,#2989);
#2987 = CARTESIAN_POINT('',(6.92671716,68.33620572,0.E+000));
#2988 = DIRECTION('',(0.E+000,0.E+000,1.));
#2989 = DIRECTION('',(1.,0.E+000,0.E+000));
#2990 = PCURVE('',#2937,#2991);
#2991 = DEFINITIONAL_REPRESENTATION('',(#2992),#2996);
#2992 = LINE('',#2993,#2994);
#2993 = CARTESIAN_POINT('',(0.E+000,0.E+000));
#2994 = VECTOR('',#2995,1.);
#2995 = DIRECTION('',(-1.,0.E+000));
#2996 = ( GEOMETRIC_REPRESENTATION_CONTEXT(2) 
PARAMETRIC_REPRESENTATION_CONTEXT() REPRESENTATION_CONTEXT('2D SPACE',''
  ) );
#2997 = PCURVE('',#137,#2998);
#2998 = DEFINITIONAL_REPRESENTATION('',(#2999),#3007);
#2999 = ( BOUNDED_CURVE() B_SPLINE_CURVE(2,(#3000,#3001,#3002,#3003,
#3004,#3005,#3006),.UNSPECIFIED.,.F.,.F.) B_SPLINE_CURVE_WITH_KNOTS((1,2
    ,2,2,2,1),(-2.094395102393,0.E+000,2.094395102393,4.188790204786,
6.28318530718,8.377580409573),.UNSPECIFIED.) CURVE() 
GEOMETRIC_REPRESENTATION_ITEM() RATIONAL_B_SPLINE_CURVE((1.,0.5,1.,0.5,
1.,0.5,1.)) REPRESENTATION_ITEM('') );
#3000 = CARTESIAN_POINT('',(-7.45170976,68.46320572));
#3001 = CARTESIAN_POINT('',(-7.45170976,69.372519576798));
#3002 = CARTESIAN_POINT('',(-6.66422086,68.917862648399));
#3003 = CARTESIAN_POINT('',(-5.87673196,68.46320572));
#3004 = CARTESIAN_POINT('',(-6.66422086,68.008548791601));
#3005 = CARTESIAN_POINT('',(-7.45170976,67.553891863202));
#3006 = CARTESIAN_POINT('',(-7.45170976,68.46320572));
#3007 = ( GEOMETRIC_REPRESENTATION_CONTEXT(2) 
PARAMETRIC_REPRESENTATION_CONTEXT() REPRESENTATION_CONTEXT('2D SPACE',''
  ) );
#3008 = ADVANCED_FACE('',(#3009),#3023,.F.);
#3009 = FACE_BOUND('',#3010,.T.);
#3010 = EDGE_LOOP('',(#3011,#3041,#3067,#3068));
#3011 = ORIENTED_EDGE('',*,*,#3012,.T.);
#3012 = EDGE_CURVE('',#3013,#3015,#3017,.T.);
#3013 = VERTEX_POINT('',#3014);
#3014 = CARTESIAN_POINT('',(15.98204576,35.83627072,0.E+000));
#3015 = VERTEX_POINT('',#3016);
#3016 = CARTESIAN_POINT('',(15.98204576,35.83627072,1.13284));
#3017 = SEAM_CURVE('',#3018,(#3022,#3034),.PCURVE_S1.);
#3018 = LINE('',#3019,#3020);
#3019 = CARTESIAN_POINT('',(15.98204576,35.83627072,0.E+000));
#3020 = VECTOR('',#3021,1.);
#3021 = DIRECTION('',(0.E+000,0.E+000,1.));
#3022 = PCURVE('',#3023,#3028);
#3023 = CYLINDRICAL_SURFACE('',#3024,0.4750054);
#3024 = AXIS2_PLACEMENT_3D('',#3025,#3026,#3027);
#3025 = CARTESIAN_POINT('',(15.50704036,35.83627072,0.E+000));
#3026 = DIRECTION('',(0.E+000,0.E+000,-1.));
#3027 = DIRECTION('',(1.,0.E+000,0.E+000));
#3028 = DEFINITIONAL_REPRESENTATION('',(#3029),#3033);
#3029 = LINE('',#3030,#3031);
#3030 = CARTESIAN_POINT('',(0.E+000,0.E+000));
#3031 = VECTOR('',#3032,1.);
#3032 = DIRECTION('',(0.E+000,-1.));
#3033 = ( GEOMETRIC_REPRESENTATION_CONTEXT(2) 
PARAMETRIC_REPRESENTATION_CONTEXT() REPRESENTATION_CONTEXT('2D SPACE',''
  ) );
#3034 = PCURVE('',#3023,#3035);
#3035 = DEFINITIONAL_REPRESENTATION('',(#3036),#3040);
#3036 = LINE('',#3037,#3038);
#3037 = CARTESIAN_POINT('',(-6.28318530718,0.E+000));
#3038 = VECTOR('',#3039,1.);
#3039 = DIRECTION('',(0.E+000,-1.));
#3040 = ( GEOMETRIC_REPRESENTATION_CONTEXT(2) 
PARAMETRIC_REPRESENTATION_CONTEXT() REPRESENTATION_CONTEXT('2D SPACE',''
  ) );
#3041 = ORIENTED_EDGE('',*,*,#3042,.T.);
#3042 = EDGE_CURVE('',#3015,#3015,#3043,.T.);
#3043 = SURFACE_CURVE('',#3044,(#3049,#3056),.PCURVE_S1.);
#3044 = CIRCLE('',#3045,0.4750054);
#3045 = AXIS2_PLACEMENT_3D('',#3046,#3047,#3048);
#3046 = CARTESIAN_POINT('',(15.50704036,35.83627072,1.13284));
#3047 = DIRECTION('',(0.E+000,0.E+000,1.));
#3048 = DIRECTION('',(1.,0.E+000,0.E+000));
#3049 = PCURVE('',#3023,#3050);
#3050 = DEFINITIONAL_REPRESENTATION('',(#3051),#3055);
#3051 = LINE('',#3052,#3053);
#3052 = CARTESIAN_POINT('',(0.E+000,-1.13284));
#3053 = VECTOR('',#3054,1.);
#3054 = DIRECTION('',(-1.,0.E+000));
#3055 = ( GEOMETRIC_REPRESENTATION_CONTEXT(2) 
PARAMETRIC_REPRESENTATION_CONTEXT() REPRESENTATION_CONTEXT('2D SPACE',''
  ) );
#3056 = PCURVE('',#83,#3057);
#3057 = DEFINITIONAL_REPRESENTATION('',(#3058),#3066);
#3058 = ( BOUNDED_CURVE() B_SPLINE_CURVE(2,(#3059,#3060,#3061,#3062,
#3063,#3064,#3065),.UNSPECIFIED.,.T.,.F.) B_SPLINE_CURVE_WITH_KNOTS((1,2
    ,2,2,2,1),(-2.094395102393,0.E+000,2.094395102393,4.188790204786,
6.28318530718,8.377580409573),.UNSPECIFIED.) CURVE() 
GEOMETRIC_REPRESENTATION_ITEM() RATIONAL_B_SPLINE_CURVE((1.,0.5,1.,0.5,
1.,0.5,1.)) REPRESENTATION_ITEM('') );
#3059 = CARTESIAN_POINT('',(-15.98204576,35.96327072));
#3060 = CARTESIAN_POINT('',(-15.98204576,36.78600420667));
#3061 = CARTESIAN_POINT('',(-15.26953766,36.374637463335));
#3062 = CARTESIAN_POINT('',(-14.55702956,35.96327072));
#3063 = CARTESIAN_POINT('',(-15.26953766,35.551903976665));
#3064 = CARTESIAN_POINT('',(-15.98204576,35.14053723333));
#3065 = CARTESIAN_POINT('',(-15.98204576,35.96327072));
#3066 = ( GEOMETRIC_REPRESENTATION_CONTEXT(2) 
PARAMETRIC_REPRESENTATION_CONTEXT() REPRESENTATION_CONTEXT('2D SPACE',''
  ) );
#3067 = ORIENTED_EDGE('',*,*,#3012,.F.);
#3068 = ORIENTED_EDGE('',*,*,#3069,.F.);
#3069 = EDGE_CURVE('',#3013,#3013,#3070,.T.);
#3070 = SURFACE_CURVE('',#3071,(#3076,#3083),.PCURVE_S1.);
#3071 = CIRCLE('',#3072,0.4750054);
#3072 = AXIS2_PLACEMENT_3D('',#3073,#3074,#3075);
#3073 = CARTESIAN_POINT('',(15.50704036,35.83627072,0.E+000));
#3074 = DIRECTION('',(0.E+000,0.E+000,1.));
#3075 = DIRECTION('',(1.,0.E+000,0.E+000));
#3076 = PCURVE('',#3023,#3077);
#3077 = DEFINITIONAL_REPRESENTATION('',(#3078),#3082);
#3078 = LINE('',#3079,#3080);
#3079 = CARTESIAN_POINT('',(0.E+000,0.E+000));
#3080 = VECTOR('',#3081,1.);
#3081 = DIRECTION('',(-1.,0.E+000));
#3082 = ( GEOMETRIC_REPRESENTATION_CONTEXT(2) 
PARAMETRIC_REPRESENTATION_CONTEXT() REPRESENTATION_CONTEXT('2D SPACE',''
  ) );
#3083 = PCURVE('',#137,#3084);
#3084 = DEFINITIONAL_REPRESENTATION('',(#3085),#3093);
#3085 = ( BOUNDED_CURVE() B_SPLINE_CURVE(2,(#3086,#3087,#3088,#3089,
#3090,#3091,#3092),.UNSPECIFIED.,.T.,.F.) B_SPLINE_CURVE_WITH_KNOTS((1,2
    ,2,2,2,1),(-2.094395102393,0.E+000,2.094395102393,4.188790204786,
6.28318530718,8.377580409573),.UNSPECIFIED.) CURVE() 
GEOMETRIC_REPRESENTATION_ITEM() RATIONAL_B_SPLINE_CURVE((1.,0.5,1.,0.5,
1.,0.5,1.)) REPRESENTATION_ITEM('') );
#3086 = CARTESIAN_POINT('',(-15.98204576,35.96327072));
#3087 = CARTESIAN_POINT('',(-15.98204576,36.78600420667));
#3088 = CARTESIAN_POINT('',(-15.26953766,36.374637463335));
#3089 = CARTESIAN_POINT('',(-14.55702956,35.96327072));
#3090 = CARTESIAN_POINT('',(-15.26953766,35.551903976665));
#3091 = CARTESIAN_POINT('',(-15.98204576,35.14053723333));
#3092 = CARTESIAN_POINT('',(-15.98204576,35.96327072));
#3093 = ( GEOMETRIC_REPRESENTATION_CONTEXT(2) 
PARAMETRIC_REPRESENTATION_CONTEXT() REPRESENTATION_CONTEXT('2D SPACE',''
  ) );
#3094 = ADVANCED_FACE('',(#3095),#3109,.F.);
#3095 = FACE_BOUND('',#3096,.T.);
#3096 = EDGE_LOOP('',(#3097,#3127,#3153,#3154));
#3097 = ORIENTED_EDGE('',*,*,#3098,.T.);
#3098 = EDGE_CURVE('',#3099,#3101,#3103,.T.);
#3099 = VERTEX_POINT('',#3100);
#3100 = CARTESIAN_POINT('',(15.98202036,40.83626072,0.E+000));
#3101 = VERTEX_POINT('',#3102);
#3102 = CARTESIAN_POINT('',(15.98202036,40.83626072,1.13284));
#3103 = SEAM_CURVE('',#3104,(#3108,#3120),.PCURVE_S1.);
#3104 = LINE('',#3105,#3106);
#3105 = CARTESIAN_POINT('',(15.98202036,40.83626072,0.E+000));
#3106 = VECTOR('',#3107,1.);
#3107 = DIRECTION('',(0.E+000,0.E+000,1.));
#3108 = PCURVE('',#3109,#3114);
#3109 = CYLINDRICAL_SURFACE('',#3110,0.4750054);
#3110 = AXIS2_PLACEMENT_3D('',#3111,#3112,#3113);
#3111 = CARTESIAN_POINT('',(15.50701496,40.83626072,0.E+000));
#3112 = DIRECTION('',(0.E+000,0.E+000,-1.));
#3113 = DIRECTION('',(1.,0.E+000,0.E+000));
#3114 = DEFINITIONAL_REPRESENTATION('',(#3115),#3119);
#3115 = LINE('',#3116,#3117);
#3116 = CARTESIAN_POINT('',(0.E+000,0.E+000));
#3117 = VECTOR('',#3118,1.);
#3118 = DIRECTION('',(0.E+000,-1.));
#3119 = ( GEOMETRIC_REPRESENTATION_CONTEXT(2) 
PARAMETRIC_REPRESENTATION_CONTEXT() REPRESENTATION_CONTEXT('2D SPACE',''
  ) );
#3120 = PCURVE('',#3109,#3121);
#3121 = DEFINITIONAL_REPRESENTATION('',(#3122),#3126);
#3122 = LINE('',#3123,#3124);
#3123 = CARTESIAN_POINT('',(-6.28318530718,0.E+000));
#3124 = VECTOR('',#3125,1.);
#3125 = DIRECTION('',(0.E+000,-1.));
#3126 = ( GEOMETRIC_REPRESENTATION_CONTEXT(2) 
PARAMETRIC_REPRESENTATION_CONTEXT() REPRESENTATION_CONTEXT('2D SPACE',''
  ) );
#3127 = ORIENTED_EDGE('',*,*,#3128,.T.);
#3128 = EDGE_CURVE('',#3101,#3101,#3129,.T.);
#3129 = SURFACE_CURVE('',#3130,(#3135,#3142),.PCURVE_S1.);
#3130 = CIRCLE('',#3131,0.4750054);
#3131 = AXIS2_PLACEMENT_3D('',#3132,#3133,#3134);
#3132 = CARTESIAN_POINT('',(15.50701496,40.83626072,1.13284));
#3133 = DIRECTION('',(0.E+000,0.E+000,1.));
#3134 = DIRECTION('',(1.,0.E+000,0.E+000));
#3135 = PCURVE('',#3109,#3136);
#3136 = DEFINITIONAL_REPRESENTATION('',(#3137),#3141);
#3137 = LINE('',#3138,#3139);
#3138 = CARTESIAN_POINT('',(0.E+000,-1.13284));
#3139 = VECTOR('',#3140,1.);
#3140 = DIRECTION('',(-1.,0.E+000));
#3141 = ( GEOMETRIC_REPRESENTATION_CONTEXT(2) 
PARAMETRIC_REPRESENTATION_CONTEXT() REPRESENTATION_CONTEXT('2D SPACE',''
  ) );
#3142 = PCURVE('',#83,#3143);
#3143 = DEFINITIONAL_REPRESENTATION('',(#3144),#3152);
#3144 = ( BOUNDED_CURVE() B_SPLINE_CURVE(2,(#3145,#3146,#3147,#3148,
#3149,#3150,#3151),.UNSPECIFIED.,.T.,.F.) B_SPLINE_CURVE_WITH_KNOTS((1,2
    ,2,2,2,1),(-2.094395102393,0.E+000,2.094395102393,4.188790204786,
6.28318530718,8.377580409573),.UNSPECIFIED.) CURVE() 
GEOMETRIC_REPRESENTATION_ITEM() RATIONAL_B_SPLINE_CURVE((1.,0.5,1.,0.5,
1.,0.5,1.)) REPRESENTATION_ITEM('') );
#3145 = CARTESIAN_POINT('',(-15.98202036,40.96326072));
#3146 = CARTESIAN_POINT('',(-15.98202036,41.78599420667));
#3147 = CARTESIAN_POINT('',(-15.26951226,41.374627463335));
#3148 = CARTESIAN_POINT('',(-14.55700416,40.96326072));
#3149 = CARTESIAN_POINT('',(-15.26951226,40.551893976665));
#3150 = CARTESIAN_POINT('',(-15.98202036,40.14052723333));
#3151 = CARTESIAN_POINT('',(-15.98202036,40.96326072));
#3152 = ( GEOMETRIC_REPRESENTATION_CONTEXT(2) 
PARAMETRIC_REPRESENTATION_CONTEXT() REPRESENTATION_CONTEXT('2D SPACE',''
  ) );
#3153 = ORIENTED_EDGE('',*,*,#3098,.F.);
#3154 = ORIENTED_EDGE('',*,*,#3155,.F.);
#3155 = EDGE_CURVE('',#3099,#3099,#3156,.T.);
#3156 = SURFACE_CURVE('',#3157,(#3162,#3169),.PCURVE_S1.);
#3157 = CIRCLE('',#3158,0.4750054);
#3158 = AXIS2_PLACEMENT_3D('',#3159,#3160,#3161);
#3159 = CARTESIAN_POINT('',(15.50701496,40.83626072,0.E+000));
#3160 = DIRECTION('',(0.E+000,0.E+000,1.));
#3161 = DIRECTION('',(1.,0.E+000,0.E+000));
#3162 = PCURVE('',#3109,#3163);
#3163 = DEFINITIONAL_REPRESENTATION('',(#3164),#3168);
#3164 = LINE('',#3165,#3166);
#3165 = CARTESIAN_POINT('',(0.E+000,0.E+000));
#3166 = VECTOR('',#3167,1.);
#3167 = DIRECTION('',(-1.,0.E+000));
#3168 = ( GEOMETRIC_REPRESENTATION_CONTEXT(2) 
PARAMETRIC_REPRESENTATION_CONTEXT() REPRESENTATION_CONTEXT('2D SPACE',''
  ) );
#3169 = PCURVE('',#137,#3170);
#3170 = DEFINITIONAL_REPRESENTATION('',(#3171),#3179);
#3171 = ( BOUNDED_CURVE() B_SPLINE_CURVE(2,(#3172,#3173,#3174,#3175,
#3176,#3177,#3178),.UNSPECIFIED.,.T.,.F.) B_SPLINE_CURVE_WITH_KNOTS((1,2
    ,2,2,2,1),(-2.094395102393,0.E+000,2.094395102393,4.188790204786,
6.28318530718,8.377580409573),.UNSPECIFIED.) CURVE() 
GEOMETRIC_REPRESENTATION_ITEM() RATIONAL_B_SPLINE_CURVE((1.,0.5,1.,0.5,
1.,0.5,1.)) REPRESENTATION_ITEM('') );
#3172 = CARTESIAN_POINT('',(-15.98202036,40.96326072));
#3173 = CARTESIAN_POINT('',(-15.98202036,41.78599420667));
#3174 = CARTESIAN_POINT('',(-15.26951226,41.374627463335));
#3175 = CARTESIAN_POINT('',(-14.55700416,40.96326072));
#3176 = CARTESIAN_POINT('',(-15.26951226,40.551893976665));
#3177 = CARTESIAN_POINT('',(-15.98202036,40.14052723333));
#3178 = CARTESIAN_POINT('',(-15.98202036,40.96326072));
#3179 = ( GEOMETRIC_REPRESENTATION_CONTEXT(2) 
PARAMETRIC_REPRESENTATION_CONTEXT() REPRESENTATION_CONTEXT('2D SPACE',''
  ) );
#3180 = ADVANCED_FACE('',(#3181),#3195,.F.);
#3181 = FACE_BOUND('',#3182,.T.);
#3182 = EDGE_LOOP('',(#3183,#3213,#3239,#3240));
#3183 = ORIENTED_EDGE('',*,*,#3184,.T.);
#3184 = EDGE_CURVE('',#3185,#3187,#3189,.T.);
#3185 = VERTEX_POINT('',#3186);
#3186 = CARTESIAN_POINT('',(15.93188076,38.33613872,0.E+000));
#3187 = VERTEX_POINT('',#3188);
#3188 = CARTESIAN_POINT('',(15.93188076,38.33613872,1.13284));
#3189 = SEAM_CURVE('',#3190,(#3194,#3206),.PCURVE_S1.);
#3190 = LINE('',#3191,#3192);
#3191 = CARTESIAN_POINT('',(15.93188076,38.33613872,0.E+000));
#3192 = VECTOR('',#3193,1.);
#3193 = DIRECTION('',(0.E+000,0.E+000,1.));
#3194 = PCURVE('',#3195,#3200);
#3195 = CYLINDRICAL_SURFACE('',#3196,0.4249928);
#3196 = AXIS2_PLACEMENT_3D('',#3197,#3198,#3199);
#3197 = CARTESIAN_POINT('',(15.50688796,38.33613872,0.E+000));
#3198 = DIRECTION('',(0.E+000,0.E+000,-1.));
#3199 = DIRECTION('',(1.,0.E+000,0.E+000));
#3200 = DEFINITIONAL_REPRESENTATION('',(#3201),#3205);
#3201 = LINE('',#3202,#3203);
#3202 = CARTESIAN_POINT('',(0.E+000,0.E+000));
#3203 = VECTOR('',#3204,1.);
#3204 = DIRECTION('',(0.E+000,-1.));
#3205 = ( GEOMETRIC_REPRESENTATION_CONTEXT(2) 
PARAMETRIC_REPRESENTATION_CONTEXT() REPRESENTATION_CONTEXT('2D SPACE',''
  ) );
#3206 = PCURVE('',#3195,#3207);
#3207 = DEFINITIONAL_REPRESENTATION('',(#3208),#3212);
#3208 = LINE('',#3209,#3210);
#3209 = CARTESIAN_POINT('',(-6.28318530718,0.E+000));
#3210 = VECTOR('',#3211,1.);
#3211 = DIRECTION('',(0.E+000,-1.));
#3212 = ( GEOMETRIC_REPRESENTATION_CONTEXT(2) 
PARAMETRIC_REPRESENTATION_CONTEXT() REPRESENTATION_CONTEXT('2D SPACE',''
  ) );
#3213 = ORIENTED_EDGE('',*,*,#3214,.T.);
#3214 = EDGE_CURVE('',#3187,#3187,#3215,.T.);
#3215 = SURFACE_CURVE('',#3216,(#3221,#3228),.PCURVE_S1.);
#3216 = CIRCLE('',#3217,0.4249928);
#3217 = AXIS2_PLACEMENT_3D('',#3218,#3219,#3220);
#3218 = CARTESIAN_POINT('',(15.50688796,38.33613872,1.13284));
#3219 = DIRECTION('',(0.E+000,0.E+000,1.));
#3220 = DIRECTION('',(1.,0.E+000,0.E+000));
#3221 = PCURVE('',#3195,#3222);
#3222 = DEFINITIONAL_REPRESENTATION('',(#3223),#3227);
#3223 = LINE('',#3224,#3225);
#3224 = CARTESIAN_POINT('',(0.E+000,-1.13284));
#3225 = VECTOR('',#3226,1.);
#3226 = DIRECTION('',(-1.,0.E+000));
#3227 = ( GEOMETRIC_REPRESENTATION_CONTEXT(2) 
PARAMETRIC_REPRESENTATION_CONTEXT() REPRESENTATION_CONTEXT('2D SPACE',''
  ) );
#3228 = PCURVE('',#83,#3229);
#3229 = DEFINITIONAL_REPRESENTATION('',(#3230),#3238);
#3230 = ( BOUNDED_CURVE() B_SPLINE_CURVE(2,(#3231,#3232,#3233,#3234,
#3235,#3236,#3237),.UNSPECIFIED.,.F.,.F.) B_SPLINE_CURVE_WITH_KNOTS((1,2
    ,2,2,2,1),(-2.094395102393,0.E+000,2.094395102393,4.188790204786,
6.28318530718,8.377580409573),.UNSPECIFIED.) CURVE() 
GEOMETRIC_REPRESENTATION_ITEM() RATIONAL_B_SPLINE_CURVE((1.,0.5,1.,0.5,
1.,0.5,1.)) REPRESENTATION_ITEM('') );
#3231 = CARTESIAN_POINT('',(-15.93188076,38.46313872));
#3232 = CARTESIAN_POINT('',(-15.93188076,39.199247842451));
#3233 = CARTESIAN_POINT('',(-15.29439156,38.831193281225));
#3234 = CARTESIAN_POINT('',(-14.65690236,38.46313872));
#3235 = CARTESIAN_POINT('',(-15.29439156,38.095084158775));
#3236 = CARTESIAN_POINT('',(-15.93188076,37.727029597549));
#3237 = CARTESIAN_POINT('',(-15.93188076,38.46313872));
#3238 = ( GEOMETRIC_REPRESENTATION_CONTEXT(2) 
PARAMETRIC_REPRESENTATION_CONTEXT() REPRESENTATION_CONTEXT('2D SPACE',''
  ) );
#3239 = ORIENTED_EDGE('',*,*,#3184,.F.);
#3240 = ORIENTED_EDGE('',*,*,#3241,.F.);
#3241 = EDGE_CURVE('',#3185,#3185,#3242,.T.);
#3242 = SURFACE_CURVE('',#3243,(#3248,#3255),.PCURVE_S1.);
#3243 = CIRCLE('',#3244,0.4249928);
#3244 = AXIS2_PLACEMENT_3D('',#3245,#3246,#3247);
#3245 = CARTESIAN_POINT('',(15.50688796,38.33613872,0.E+000));
#3246 = DIRECTION('',(0.E+000,0.E+000,1.));
#3247 = DIRECTION('',(1.,0.E+000,0.E+000));
#3248 = PCURVE('',#3195,#3249);
#3249 = DEFINITIONAL_REPRESENTATION('',(#3250),#3254);
#3250 = LINE('',#3251,#3252);
#3251 = CARTESIAN_POINT('',(0.E+000,0.E+000));
#3252 = VECTOR('',#3253,1.);
#3253 = DIRECTION('',(-1.,0.E+000));
#3254 = ( GEOMETRIC_REPRESENTATION_CONTEXT(2) 
PARAMETRIC_REPRESENTATION_CONTEXT() REPRESENTATION_CONTEXT('2D SPACE',''
  ) );
#3255 = PCURVE('',#137,#3256);
#3256 = DEFINITIONAL_REPRESENTATION('',(#3257),#3265);
#3257 = ( BOUNDED_CURVE() B_SPLINE_CURVE(2,(#3258,#3259,#3260,#3261,
#3262,#3263,#3264),.UNSPECIFIED.,.F.,.F.) B_SPLINE_CURVE_WITH_KNOTS((1,2
    ,2,2,2,1),(-2.094395102393,0.E+000,2.094395102393,4.188790204786,
6.28318530718,8.377580409573),.UNSPECIFIED.) CURVE() 
GEOMETRIC_REPRESENTATION_ITEM() RATIONAL_B_SPLINE_CURVE((1.,0.5,1.,0.5,
1.,0.5,1.)) REPRESENTATION_ITEM('') );
#3258 = CARTESIAN_POINT('',(-15.93188076,38.46313872));
#3259 = CARTESIAN_POINT('',(-15.93188076,39.199247842451));
#3260 = CARTESIAN_POINT('',(-15.29439156,38.831193281225));
#3261 = CARTESIAN_POINT('',(-14.65690236,38.46313872));
#3262 = CARTESIAN_POINT('',(-15.29439156,38.095084158775));
#3263 = CARTESIAN_POINT('',(-15.93188076,37.727029597549));
#3264 = CARTESIAN_POINT('',(-15.93188076,38.46313872));
#3265 = ( GEOMETRIC_REPRESENTATION_CONTEXT(2) 
PARAMETRIC_REPRESENTATION_CONTEXT() REPRESENTATION_CONTEXT('2D SPACE',''
  ) );
#3266 = ADVANCED_FACE('',(#3267),#3281,.F.);
#3267 = FACE_BOUND('',#3268,.T.);
#3268 = EDGE_LOOP('',(#3269,#3299,#3325,#3326));
#3269 = ORIENTED_EDGE('',*,*,#3270,.T.);
#3270 = EDGE_CURVE('',#3271,#3273,#3275,.T.);
#3271 = VERTEX_POINT('',#3272);
#3272 = CARTESIAN_POINT('',(15.98204576,45.53627672,0.E+000));
#3273 = VERTEX_POINT('',#3274);
#3274 = CARTESIAN_POINT('',(15.98204576,45.53627672,1.13284));
#3275 = SEAM_CURVE('',#3276,(#3280,#3292),.PCURVE_S1.);
#3276 = LINE('',#3277,#3278);
#3277 = CARTESIAN_POINT('',(15.98204576,45.53627672,0.E+000));
#3278 = VECTOR('',#3279,1.);
#3279 = DIRECTION('',(0.E+000,0.E+000,1.));
#3280 = PCURVE('',#3281,#3286);
#3281 = CYLINDRICAL_SURFACE('',#3282,0.4750054);
#3282 = AXIS2_PLACEMENT_3D('',#3283,#3284,#3285);
#3283 = CARTESIAN_POINT('',(15.50704036,45.53627672,0.E+000));
#3284 = DIRECTION('',(0.E+000,0.E+000,-1.));
#3285 = DIRECTION('',(1.,0.E+000,0.E+000));
#3286 = DEFINITIONAL_REPRESENTATION('',(#3287),#3291);
#3287 = LINE('',#3288,#3289);
#3288 = CARTESIAN_POINT('',(0.E+000,0.E+000));
#3289 = VECTOR('',#3290,1.);
#3290 = DIRECTION('',(0.E+000,-1.));
#3291 = ( GEOMETRIC_REPRESENTATION_CONTEXT(2) 
PARAMETRIC_REPRESENTATION_CONTEXT() REPRESENTATION_CONTEXT('2D SPACE',''
  ) );
#3292 = PCURVE('',#3281,#3293);
#3293 = DEFINITIONAL_REPRESENTATION('',(#3294),#3298);
#3294 = LINE('',#3295,#3296);
#3295 = CARTESIAN_POINT('',(-6.28318530718,0.E+000));
#3296 = VECTOR('',#3297,1.);
#3297 = DIRECTION('',(0.E+000,-1.));
#3298 = ( GEOMETRIC_REPRESENTATION_CONTEXT(2) 
PARAMETRIC_REPRESENTATION_CONTEXT() REPRESENTATION_CONTEXT('2D SPACE',''
  ) );
#3299 = ORIENTED_EDGE('',*,*,#3300,.T.);
#3300 = EDGE_CURVE('',#3273,#3273,#3301,.T.);
#3301 = SURFACE_CURVE('',#3302,(#3307,#3314),.PCURVE_S1.);
#3302 = CIRCLE('',#3303,0.4750054);
#3303 = AXIS2_PLACEMENT_3D('',#3304,#3305,#3306);
#3304 = CARTESIAN_POINT('',(15.50704036,45.53627672,1.13284));
#3305 = DIRECTION('',(0.E+000,0.E+000,1.));
#3306 = DIRECTION('',(1.,0.E+000,0.E+000));
#3307 = PCURVE('',#3281,#3308);
#3308 = DEFINITIONAL_REPRESENTATION('',(#3309),#3313);
#3309 = LINE('',#3310,#3311);
#3310 = CARTESIAN_POINT('',(0.E+000,-1.13284));
#3311 = VECTOR('',#3312,1.);
#3312 = DIRECTION('',(-1.,0.E+000));
#3313 = ( GEOMETRIC_REPRESENTATION_CONTEXT(2) 
PARAMETRIC_REPRESENTATION_CONTEXT() REPRESENTATION_CONTEXT('2D SPACE',''
  ) );
#3314 = PCURVE('',#83,#3315);
#3315 = DEFINITIONAL_REPRESENTATION('',(#3316),#3324);
#3316 = ( BOUNDED_CURVE() B_SPLINE_CURVE(2,(#3317,#3318,#3319,#3320,
#3321,#3322,#3323),.UNSPECIFIED.,.F.,.F.) B_SPLINE_CURVE_WITH_KNOTS((1,2
    ,2,2,2,1),(-2.094395102393,0.E+000,2.094395102393,4.188790204786,
6.28318530718,8.377580409573),.UNSPECIFIED.) CURVE() 
GEOMETRIC_REPRESENTATION_ITEM() RATIONAL_B_SPLINE_CURVE((1.,0.5,1.,0.5,
1.,0.5,1.)) REPRESENTATION_ITEM('') );
#3317 = CARTESIAN_POINT('',(-15.98204576,45.66327672));
#3318 = CARTESIAN_POINT('',(-15.98204576,46.48601020667));
#3319 = CARTESIAN_POINT('',(-15.26953766,46.074643463335));
#3320 = CARTESIAN_POINT('',(-14.55702956,45.66327672));
#3321 = CARTESIAN_POINT('',(-15.26953766,45.251909976665));
#3322 = CARTESIAN_POINT('',(-15.98204576,44.84054323333));
#3323 = CARTESIAN_POINT('',(-15.98204576,45.66327672));
#3324 = ( GEOMETRIC_REPRESENTATION_CONTEXT(2) 
PARAMETRIC_REPRESENTATION_CONTEXT() REPRESENTATION_CONTEXT('2D SPACE',''
  ) );
#3325 = ORIENTED_EDGE('',*,*,#3270,.F.);
#3326 = ORIENTED_EDGE('',*,*,#3327,.F.);
#3327 = EDGE_CURVE('',#3271,#3271,#3328,.T.);
#3328 = SURFACE_CURVE('',#3329,(#3334,#3341),.PCURVE_S1.);
#3329 = CIRCLE('',#3330,0.4750054);
#3330 = AXIS2_PLACEMENT_3D('',#3331,#3332,#3333);
#3331 = CARTESIAN_POINT('',(15.50704036,45.53627672,0.E+000));
#3332 = DIRECTION('',(0.E+000,0.E+000,1.));
#3333 = DIRECTION('',(1.,0.E+000,0.E+000));
#3334 = PCURVE('',#3281,#3335);
#3335 = DEFINITIONAL_REPRESENTATION('',(#3336),#3340);
#3336 = LINE('',#3337,#3338);
#3337 = CARTESIAN_POINT('',(0.E+000,0.E+000));
#3338 = VECTOR('',#3339,1.);
#3339 = DIRECTION('',(-1.,0.E+000));
#3340 = ( GEOMETRIC_REPRESENTATION_CONTEXT(2) 
PARAMETRIC_REPRESENTATION_CONTEXT() REPRESENTATION_CONTEXT('2D SPACE',''
  ) );
#3341 = PCURVE('',#137,#3342);
#3342 = DEFINITIONAL_REPRESENTATION('',(#3343),#3351);
#3343 = ( BOUNDED_CURVE() B_SPLINE_CURVE(2,(#3344,#3345,#3346,#3347,
#3348,#3349,#3350),.UNSPECIFIED.,.F.,.F.) B_SPLINE_CURVE_WITH_KNOTS((1,2
    ,2,2,2,1),(-2.094395102393,0.E+000,2.094395102393,4.188790204786,
6.28318530718,8.377580409573),.UNSPECIFIED.) CURVE() 
GEOMETRIC_REPRESENTATION_ITEM() RATIONAL_B_SPLINE_CURVE((1.,0.5,1.,0.5,
1.,0.5,1.)) REPRESENTATION_ITEM('') );
#3344 = CARTESIAN_POINT('',(-15.98204576,45.66327672));
#3345 = CARTESIAN_POINT('',(-15.98204576,46.48601020667));
#3346 = CARTESIAN_POINT('',(-15.26953766,46.074643463335));
#3347 = CARTESIAN_POINT('',(-14.55702956,45.66327672));
#3348 = CARTESIAN_POINT('',(-15.26953766,45.251909976665));
#3349 = CARTESIAN_POINT('',(-15.98204576,44.84054323333));
#3350 = CARTESIAN_POINT('',(-15.98204576,45.66327672));
#3351 = ( GEOMETRIC_REPRESENTATION_CONTEXT(2) 
PARAMETRIC_REPRESENTATION_CONTEXT() REPRESENTATION_CONTEXT('2D SPACE',''
  ) );
#3352 = ADVANCED_FACE('',(#3353),#3367,.F.);
#3353 = FACE_BOUND('',#3354,.T.);
#3354 = EDGE_LOOP('',(#3355,#3385,#3411,#3412));
#3355 = ORIENTED_EDGE('',*,*,#3356,.T.);
#3356 = EDGE_CURVE('',#3357,#3359,#3361,.T.);
#3357 = VERTEX_POINT('',#3358);
#3358 = CARTESIAN_POINT('',(20.08650034,43.33602712,0.E+000));
#3359 = VERTEX_POINT('',#3360);
#3360 = CARTESIAN_POINT('',(20.08650034,43.33602712,1.13284));
#3361 = SEAM_CURVE('',#3362,(#3366,#3378),.PCURVE_S1.);
#3362 = LINE('',#3363,#3364);
#3363 = CARTESIAN_POINT('',(20.08650034,43.33602712,0.E+000));
#3364 = VECTOR('',#3365,1.);
#3365 = DIRECTION('',(0.E+000,0.E+000,1.));
#3366 = PCURVE('',#3367,#3372);
#3367 = CYLINDRICAL_SURFACE('',#3368,1.10000034);
#3368 = AXIS2_PLACEMENT_3D('',#3369,#3370,#3371);
#3369 = CARTESIAN_POINT('',(18.9865,43.33602712,0.E+000));
#3370 = DIRECTION('',(0.E+000,0.E+000,-1.));
#3371 = DIRECTION('',(1.,0.E+000,0.E+000));
#3372 = DEFINITIONAL_REPRESENTATION('',(#3373),#3377);
#3373 = LINE('',#3374,#3375);
#3374 = CARTESIAN_POINT('',(0.E+000,0.E+000));
#3375 = VECTOR('',#3376,1.);
#3376 = DIRECTION('',(0.E+000,-1.));
#3377 = ( GEOMETRIC_REPRESENTATION_CONTEXT(2) 
PARAMETRIC_REPRESENTATION_CONTEXT() REPRESENTATION_CONTEXT('2D SPACE',''
  ) );
#3378 = PCURVE('',#3367,#3379);
#3379 = DEFINITIONAL_REPRESENTATION('',(#3380),#3384);
#3380 = LINE('',#3381,#3382);
#3381 = CARTESIAN_POINT('',(-6.28318530718,0.E+000));
#3382 = VECTOR('',#3383,1.);
#3383 = DIRECTION('',(0.E+000,-1.));
#3384 = ( GEOMETRIC_REPRESENTATION_CONTEXT(2) 
PARAMETRIC_REPRESENTATION_CONTEXT() REPRESENTATION_CONTEXT('2D SPACE',''
  ) );
#3385 = ORIENTED_EDGE('',*,*,#3386,.T.);
#3386 = EDGE_CURVE('',#3359,#3359,#3387,.T.);
#3387 = SURFACE_CURVE('',#3388,(#3393,#3400),.PCURVE_S1.);
#3388 = CIRCLE('',#3389,1.10000034);
#3389 = AXIS2_PLACEMENT_3D('',#3390,#3391,#3392);
#3390 = CARTESIAN_POINT('',(18.9865,43.33602712,1.13284));
#3391 = DIRECTION('',(0.E+000,0.E+000,1.));
#3392 = DIRECTION('',(1.,0.E+000,0.E+000));
#3393 = PCURVE('',#3367,#3394);
#3394 = DEFINITIONAL_REPRESENTATION('',(#3395),#3399);
#3395 = LINE('',#3396,#3397);
#3396 = CARTESIAN_POINT('',(0.E+000,-1.13284));
#3397 = VECTOR('',#3398,1.);
#3398 = DIRECTION('',(-1.,0.E+000));
#3399 = ( GEOMETRIC_REPRESENTATION_CONTEXT(2) 
PARAMETRIC_REPRESENTATION_CONTEXT() REPRESENTATION_CONTEXT('2D SPACE',''
  ) );
#3400 = PCURVE('',#83,#3401);
#3401 = DEFINITIONAL_REPRESENTATION('',(#3402),#3410);
#3402 = ( BOUNDED_CURVE() B_SPLINE_CURVE(2,(#3403,#3404,#3405,#3406,
#3407,#3408,#3409),.UNSPECIFIED.,.T.,.F.) B_SPLINE_CURVE_WITH_KNOTS((1,2
    ,2,2,2,1),(-2.094395102393,0.E+000,2.094395102393,4.188790204786,
6.28318530718,8.377580409573),.UNSPECIFIED.) CURVE() 
GEOMETRIC_REPRESENTATION_ITEM() RATIONAL_B_SPLINE_CURVE((1.,0.5,1.,0.5,
1.,0.5,1.)) REPRESENTATION_ITEM('') );
#3403 = CARTESIAN_POINT('',(-20.08650034,43.46302712));
#3404 = CARTESIAN_POINT('',(-20.08650034,45.368283597223));
#3405 = CARTESIAN_POINT('',(-18.43649983,44.415655358612));
#3406 = CARTESIAN_POINT('',(-16.78649932,43.46302712));
#3407 = CARTESIAN_POINT('',(-18.43649983,42.510398881388));
#3408 = CARTESIAN_POINT('',(-20.08650034,41.557770642777));
#3409 = CARTESIAN_POINT('',(-20.08650034,43.46302712));
#3410 = ( GEOMETRIC_REPRESENTATION_CONTEXT(2) 
PARAMETRIC_REPRESENTATION_CONTEXT() REPRESENTATION_CONTEXT('2D SPACE',''
  ) );
#3411 = ORIENTED_EDGE('',*,*,#3356,.F.);
#3412 = ORIENTED_EDGE('',*,*,#3413,.F.);
#3413 = EDGE_CURVE('',#3357,#3357,#3414,.T.);
#3414 = SURFACE_CURVE('',#3415,(#3420,#3427),.PCURVE_S1.);
#3415 = CIRCLE('',#3416,1.10000034);
#3416 = AXIS2_PLACEMENT_3D('',#3417,#3418,#3419);
#3417 = CARTESIAN_POINT('',(18.9865,43.33602712,0.E+000));
#3418 = DIRECTION('',(0.E+000,0.E+000,1.));
#3419 = DIRECTION('',(1.,0.E+000,0.E+000));
#3420 = PCURVE('',#3367,#3421);
#3421 = DEFINITIONAL_REPRESENTATION('',(#3422),#3426);
#3422 = LINE('',#3423,#3424);
#3423 = CARTESIAN_POINT('',(0.E+000,0.E+000));
#3424 = VECTOR('',#3425,1.);
#3425 = DIRECTION('',(-1.,0.E+000));
#3426 = ( GEOMETRIC_REPRESENTATION_CONTEXT(2) 
PARAMETRIC_REPRESENTATION_CONTEXT() REPRESENTATION_CONTEXT('2D SPACE',''
  ) );
#3427 = PCURVE('',#137,#3428);
#3428 = DEFINITIONAL_REPRESENTATION('',(#3429),#3437);
#3429 = ( BOUNDED_CURVE() B_SPLINE_CURVE(2,(#3430,#3431,#3432,#3433,
#3434,#3435,#3436),.UNSPECIFIED.,.T.,.F.) B_SPLINE_CURVE_WITH_KNOTS((1,2
    ,2,2,2,1),(-2.094395102393,0.E+000,2.094395102393,4.188790204786,
6.28318530718,8.377580409573),.UNSPECIFIED.) CURVE() 
GEOMETRIC_REPRESENTATION_ITEM() RATIONAL_B_SPLINE_CURVE((1.,0.5,1.,0.5,
1.,0.5,1.)) REPRESENTATION_ITEM('') );
#3430 = CARTESIAN_POINT('',(-20.08650034,43.46302712));
#3431 = CARTESIAN_POINT('',(-20.08650034,45.368283597223));
#3432 = CARTESIAN_POINT('',(-18.43649983,44.415655358612));
#3433 = CARTESIAN_POINT('',(-16.78649932,43.46302712));
#3434 = CARTESIAN_POINT('',(-18.43649983,42.510398881388));
#3435 = CARTESIAN_POINT('',(-20.08650034,41.557770642777));
#3436 = CARTESIAN_POINT('',(-20.08650034,43.46302712));
#3437 = ( GEOMETRIC_REPRESENTATION_CONTEXT(2) 
PARAMETRIC_REPRESENTATION_CONTEXT() REPRESENTATION_CONTEXT('2D SPACE',''
  ) );
#3438 = ADVANCED_FACE('',(#3439),#3453,.F.);
#3439 = FACE_BOUND('',#3440,.T.);
#3440 = EDGE_LOOP('',(#3441,#3471,#3497,#3498));
#3441 = ORIENTED_EDGE('',*,*,#3442,.T.);
#3442 = EDGE_CURVE('',#3443,#3445,#3447,.T.);
#3443 = VERTEX_POINT('',#3444);
#3444 = CARTESIAN_POINT('',(16.03188056,48.33611872,0.E+000));
#3445 = VERTEX_POINT('',#3446);
#3446 = CARTESIAN_POINT('',(16.03188056,48.33611872,1.13284));
#3447 = SEAM_CURVE('',#3448,(#3452,#3464),.PCURVE_S1.);
#3448 = LINE('',#3449,#3450);
#3449 = CARTESIAN_POINT('',(16.03188056,48.33611872,0.E+000));
#3450 = VECTOR('',#3451,1.);
#3451 = DIRECTION('',(0.E+000,0.E+000,1.));
#3452 = PCURVE('',#3453,#3458);
#3453 = CYLINDRICAL_SURFACE('',#3454,0.5249926);
#3454 = AXIS2_PLACEMENT_3D('',#3455,#3456,#3457);
#3455 = CARTESIAN_POINT('',(15.50688796,48.33611872,0.E+000));
#3456 = DIRECTION('',(0.E+000,0.E+000,-1.));
#3457 = DIRECTION('',(1.,0.E+000,0.E+000));
#3458 = DEFINITIONAL_REPRESENTATION('',(#3459),#3463);
#3459 = LINE('',#3460,#3461);
#3460 = CARTESIAN_POINT('',(0.E+000,0.E+000));
#3461 = VECTOR('',#3462,1.);
#3462 = DIRECTION('',(0.E+000,-1.));
#3463 = ( GEOMETRIC_REPRESENTATION_CONTEXT(2) 
PARAMETRIC_REPRESENTATION_CONTEXT() REPRESENTATION_CONTEXT('2D SPACE',''
  ) );
#3464 = PCURVE('',#3453,#3465);
#3465 = DEFINITIONAL_REPRESENTATION('',(#3466),#3470);
#3466 = LINE('',#3467,#3468);
#3467 = CARTESIAN_POINT('',(-6.28318530718,0.E+000));
#3468 = VECTOR('',#3469,1.);
#3469 = DIRECTION('',(0.E+000,-1.));
#3470 = ( GEOMETRIC_REPRESENTATION_CONTEXT(2) 
PARAMETRIC_REPRESENTATION_CONTEXT() REPRESENTATION_CONTEXT('2D SPACE',''
  ) );
#3471 = ORIENTED_EDGE('',*,*,#3472,.T.);
#3472 = EDGE_CURVE('',#3445,#3445,#3473,.T.);
#3473 = SURFACE_CURVE('',#3474,(#3479,#3486),.PCURVE_S1.);
#3474 = CIRCLE('',#3475,0.5249926);
#3475 = AXIS2_PLACEMENT_3D('',#3476,#3477,#3478);
#3476 = CARTESIAN_POINT('',(15.50688796,48.33611872,1.13284));
#3477 = DIRECTION('',(0.E+000,0.E+000,1.));
#3478 = DIRECTION('',(1.,0.E+000,0.E+000));
#3479 = PCURVE('',#3453,#3480);
#3480 = DEFINITIONAL_REPRESENTATION('',(#3481),#3485);
#3481 = LINE('',#3482,#3483);
#3482 = CARTESIAN_POINT('',(0.E+000,-1.13284));
#3483 = VECTOR('',#3484,1.);
#3484 = DIRECTION('',(-1.,0.E+000));
#3485 = ( GEOMETRIC_REPRESENTATION_CONTEXT(2) 
PARAMETRIC_REPRESENTATION_CONTEXT() REPRESENTATION_CONTEXT('2D SPACE',''
  ) );
#3486 = PCURVE('',#83,#3487);
#3487 = DEFINITIONAL_REPRESENTATION('',(#3488),#3496);
#3488 = ( BOUNDED_CURVE() B_SPLINE_CURVE(2,(#3489,#3490,#3491,#3492,
#3493,#3494,#3495),.UNSPECIFIED.,.T.,.F.) B_SPLINE_CURVE_WITH_KNOTS((1,2
    ,2,2,2,1),(-2.094395102393,0.E+000,2.094395102393,4.188790204786,
6.28318530718,8.377580409573),.UNSPECIFIED.) CURVE() 
GEOMETRIC_REPRESENTATION_ITEM() RATIONAL_B_SPLINE_CURVE((1.,0.5,1.,0.5,
1.,0.5,1.)) REPRESENTATION_ITEM('') );
#3489 = CARTESIAN_POINT('',(-16.03188056,48.46311872));
#3490 = CARTESIAN_POINT('',(-16.03188056,49.372432576798));
#3491 = CARTESIAN_POINT('',(-15.24439166,48.917775648399));
#3492 = CARTESIAN_POINT('',(-14.45690276,48.46311872));
#3493 = CARTESIAN_POINT('',(-15.24439166,48.008461791601));
#3494 = CARTESIAN_POINT('',(-16.03188056,47.553804863202));
#3495 = CARTESIAN_POINT('',(-16.03188056,48.46311872));
#3496 = ( GEOMETRIC_REPRESENTATION_CONTEXT(2) 
PARAMETRIC_REPRESENTATION_CONTEXT() REPRESENTATION_CONTEXT('2D SPACE',''
  ) );
#3497 = ORIENTED_EDGE('',*,*,#3442,.F.);
#3498 = ORIENTED_EDGE('',*,*,#3499,.F.);
#3499 = EDGE_CURVE('',#3443,#3443,#3500,.T.);
#3500 = SURFACE_CURVE('',#3501,(#3506,#3513),.PCURVE_S1.);
#3501 = CIRCLE('',#3502,0.5249926);
#3502 = AXIS2_PLACEMENT_3D('',#3503,#3504,#3505);
#3503 = CARTESIAN_POINT('',(15.50688796,48.33611872,0.E+000));
#3504 = DIRECTION('',(0.E+000,0.E+000,1.));
#3505 = DIRECTION('',(1.,0.E+000,0.E+000));
#3506 = PCURVE('',#3453,#3507);
#3507 = DEFINITIONAL_REPRESENTATION('',(#3508),#3512);
#3508 = LINE('',#3509,#3510);
#3509 = CARTESIAN_POINT('',(0.E+000,0.E+000));
#3510 = VECTOR('',#3511,1.);
#3511 = DIRECTION('',(-1.,0.E+000));
#3512 = ( GEOMETRIC_REPRESENTATION_CONTEXT(2) 
PARAMETRIC_REPRESENTATION_CONTEXT() REPRESENTATION_CONTEXT('2D SPACE',''
  ) );
#3513 = PCURVE('',#137,#3514);
#3514 = DEFINITIONAL_REPRESENTATION('',(#3515),#3523);
#3515 = ( BOUNDED_CURVE() B_SPLINE_CURVE(2,(#3516,#3517,#3518,#3519,
#3520,#3521,#3522),.UNSPECIFIED.,.T.,.F.) B_SPLINE_CURVE_WITH_KNOTS((1,2
    ,2,2,2,1),(-2.094395102393,0.E+000,2.094395102393,4.188790204786,
6.28318530718,8.377580409573),.UNSPECIFIED.) CURVE() 
GEOMETRIC_REPRESENTATION_ITEM() RATIONAL_B_SPLINE_CURVE((1.,0.5,1.,0.5,
1.,0.5,1.)) REPRESENTATION_ITEM('') );
#3516 = CARTESIAN_POINT('',(-16.03188056,48.46311872));
#3517 = CARTESIAN_POINT('',(-16.03188056,49.372432576798));
#3518 = CARTESIAN_POINT('',(-15.24439166,48.917775648399));
#3519 = CARTESIAN_POINT('',(-14.45690276,48.46311872));
#3520 = CARTESIAN_POINT('',(-15.24439166,48.008461791601));
#3521 = CARTESIAN_POINT('',(-16.03188056,47.553804863202));
#3522 = CARTESIAN_POINT('',(-16.03188056,48.46311872));
#3523 = ( GEOMETRIC_REPRESENTATION_CONTEXT(2) 
PARAMETRIC_REPRESENTATION_CONTEXT() REPRESENTATION_CONTEXT('2D SPACE',''
  ) );
#3524 = ADVANCED_FACE('',(#3525),#3539,.F.);
#3525 = FACE_BOUND('',#3526,.T.);
#3526 = EDGE_LOOP('',(#3527,#3557,#3583,#3584));
#3527 = ORIENTED_EDGE('',*,*,#3528,.T.);
#3528 = EDGE_CURVE('',#3529,#3531,#3533,.T.);
#3529 = VERTEX_POINT('',#3530);
#3530 = CARTESIAN_POINT('',(16.03182976,68.33607872,0.E+000));
#3531 = VERTEX_POINT('',#3532);
#3532 = CARTESIAN_POINT('',(16.03182976,68.33607872,1.13284));
#3533 = SEAM_CURVE('',#3534,(#3538,#3550),.PCURVE_S1.);
#3534 = LINE('',#3535,#3536);
#3535 = CARTESIAN_POINT('',(16.03182976,68.33607872,0.E+000));
#3536 = VECTOR('',#3537,1.);
#3537 = DIRECTION('',(0.E+000,0.E+000,1.));
#3538 = PCURVE('',#3539,#3544);
#3539 = CYLINDRICAL_SURFACE('',#3540,0.5249926);
#3540 = AXIS2_PLACEMENT_3D('',#3541,#3542,#3543);
#3541 = CARTESIAN_POINT('',(15.50683716,68.33607872,0.E+000));
#3542 = DIRECTION('',(0.E+000,0.E+000,-1.));
#3543 = DIRECTION('',(1.,0.E+000,0.E+000));
#3544 = DEFINITIONAL_REPRESENTATION('',(#3545),#3549);
#3545 = LINE('',#3546,#3547);
#3546 = CARTESIAN_POINT('',(0.E+000,0.E+000));
#3547 = VECTOR('',#3548,1.);
#3548 = DIRECTION('',(0.E+000,-1.));
#3549 = ( GEOMETRIC_REPRESENTATION_CONTEXT(2) 
PARAMETRIC_REPRESENTATION_CONTEXT() REPRESENTATION_CONTEXT('2D SPACE',''
  ) );
#3550 = PCURVE('',#3539,#3551);
#3551 = DEFINITIONAL_REPRESENTATION('',(#3552),#3556);
#3552 = LINE('',#3553,#3554);
#3553 = CARTESIAN_POINT('',(-6.28318530718,0.E+000));
#3554 = VECTOR('',#3555,1.);
#3555 = DIRECTION('',(0.E+000,-1.));
#3556 = ( GEOMETRIC_REPRESENTATION_CONTEXT(2) 
PARAMETRIC_REPRESENTATION_CONTEXT() REPRESENTATION_CONTEXT('2D SPACE',''
  ) );
#3557 = ORIENTED_EDGE('',*,*,#3558,.T.);
#3558 = EDGE_CURVE('',#3531,#3531,#3559,.T.);
#3559 = SURFACE_CURVE('',#3560,(#3565,#3572),.PCURVE_S1.);
#3560 = CIRCLE('',#3561,0.5249926);
#3561 = AXIS2_PLACEMENT_3D('',#3562,#3563,#3564);
#3562 = CARTESIAN_POINT('',(15.50683716,68.33607872,1.13284));
#3563 = DIRECTION('',(0.E+000,0.E+000,1.));
#3564 = DIRECTION('',(1.,0.E+000,0.E+000));
#3565 = PCURVE('',#3539,#3566);
#3566 = DEFINITIONAL_REPRESENTATION('',(#3567),#3571);
#3567 = LINE('',#3568,#3569);
#3568 = CARTESIAN_POINT('',(0.E+000,-1.13284));
#3569 = VECTOR('',#3570,1.);
#3570 = DIRECTION('',(-1.,0.E+000));
#3571 = ( GEOMETRIC_REPRESENTATION_CONTEXT(2) 
PARAMETRIC_REPRESENTATION_CONTEXT() REPRESENTATION_CONTEXT('2D SPACE',''
  ) );
#3572 = PCURVE('',#83,#3573);
#3573 = DEFINITIONAL_REPRESENTATION('',(#3574),#3582);
#3574 = ( BOUNDED_CURVE() B_SPLINE_CURVE(2,(#3575,#3576,#3577,#3578,
#3579,#3580,#3581),.UNSPECIFIED.,.T.,.F.) B_SPLINE_CURVE_WITH_KNOTS((1,2
    ,2,2,2,1),(-2.094395102393,0.E+000,2.094395102393,4.188790204786,
6.28318530718,8.377580409573),.UNSPECIFIED.) CURVE() 
GEOMETRIC_REPRESENTATION_ITEM() RATIONAL_B_SPLINE_CURVE((1.,0.5,1.,0.5,
1.,0.5,1.)) REPRESENTATION_ITEM('') );
#3575 = CARTESIAN_POINT('',(-16.03182976,68.46307872));
#3576 = CARTESIAN_POINT('',(-16.03182976,69.372392576798));
#3577 = CARTESIAN_POINT('',(-15.24434086,68.917735648399));
#3578 = CARTESIAN_POINT('',(-14.45685196,68.46307872));
#3579 = CARTESIAN_POINT('',(-15.24434086,68.008421791601));
#3580 = CARTESIAN_POINT('',(-16.03182976,67.553764863202));
#3581 = CARTESIAN_POINT('',(-16.03182976,68.46307872));
#3582 = ( GEOMETRIC_REPRESENTATION_CONTEXT(2) 
PARAMETRIC_REPRESENTATION_CONTEXT() REPRESENTATION_CONTEXT('2D SPACE',''
  ) );
#3583 = ORIENTED_EDGE('',*,*,#3528,.F.);
#3584 = ORIENTED_EDGE('',*,*,#3585,.F.);
#3585 = EDGE_CURVE('',#3529,#3529,#3586,.T.);
#3586 = SURFACE_CURVE('',#3587,(#3592,#3599),.PCURVE_S1.);
#3587 = CIRCLE('',#3588,0.5249926);
#3588 = AXIS2_PLACEMENT_3D('',#3589,#3590,#3591);
#3589 = CARTESIAN_POINT('',(15.50683716,68.33607872,0.E+000));
#3590 = DIRECTION('',(0.E+000,0.E+000,1.));
#3591 = DIRECTION('',(1.,0.E+000,0.E+000));
#3592 = PCURVE('',#3539,#3593);
#3593 = DEFINITIONAL_REPRESENTATION('',(#3594),#3598);
#3594 = LINE('',#3595,#3596);
#3595 = CARTESIAN_POINT('',(0.E+000,0.E+000));
#3596 = VECTOR('',#3597,1.);
#3597 = DIRECTION('',(-1.,0.E+000));
#3598 = ( GEOMETRIC_REPRESENTATION_CONTEXT(2) 
PARAMETRIC_REPRESENTATION_CONTEXT() REPRESENTATION_CONTEXT('2D SPACE',''
  ) );
#3599 = PCURVE('',#137,#3600);
#3600 = DEFINITIONAL_REPRESENTATION('',(#3601),#3609);
#3601 = ( BOUNDED_CURVE() B_SPLINE_CURVE(2,(#3602,#3603,#3604,#3605,
#3606,#3607,#3608),.UNSPECIFIED.,.T.,.F.) B_SPLINE_CURVE_WITH_KNOTS((1,2
    ,2,2,2,1),(-2.094395102393,0.E+000,2.094395102393,4.188790204786,
6.28318530718,8.377580409573),.UNSPECIFIED.) CURVE() 
GEOMETRIC_REPRESENTATION_ITEM() RATIONAL_B_SPLINE_CURVE((1.,0.5,1.,0.5,
1.,0.5,1.)) REPRESENTATION_ITEM('') );
#3602 = CARTESIAN_POINT('',(-16.03182976,68.46307872));
#3603 = CARTESIAN_POINT('',(-16.03182976,69.372392576798));
#3604 = CARTESIAN_POINT('',(-15.24434086,68.917735648399));
#3605 = CARTESIAN_POINT('',(-14.45685196,68.46307872));
#3606 = CARTESIAN_POINT('',(-15.24434086,68.008421791601));
#3607 = CARTESIAN_POINT('',(-16.03182976,67.553764863202));
#3608 = CARTESIAN_POINT('',(-16.03182976,68.46307872));
#3609 = ( GEOMETRIC_REPRESENTATION_CONTEXT(2) 
PARAMETRIC_REPRESENTATION_CONTEXT() REPRESENTATION_CONTEXT('2D SPACE',''
  ) );
#3610 = ADVANCED_FACE('',(#3611),#3625,.F.);
#3611 = FACE_BOUND('',#3612,.T.);
#3612 = EDGE_LOOP('',(#3613,#3643,#3669,#3670));
#3613 = ORIENTED_EDGE('',*,*,#3614,.T.);
#3614 = EDGE_CURVE('',#3615,#3617,#3619,.T.);
#3615 = VERTEX_POINT('',#3616);
#3616 = CARTESIAN_POINT('',(16.03185516,58.33609872,0.E+000));
#3617 = VERTEX_POINT('',#3618);
#3618 = CARTESIAN_POINT('',(16.03185516,58.33609872,1.13284));
#3619 = SEAM_CURVE('',#3620,(#3624,#3636),.PCURVE_S1.);
#3620 = LINE('',#3621,#3622);
#3621 = CARTESIAN_POINT('',(16.03185516,58.33609872,0.E+000));
#3622 = VECTOR('',#3623,1.);
#3623 = DIRECTION('',(0.E+000,0.E+000,1.));
#3624 = PCURVE('',#3625,#3630);
#3625 = CYLINDRICAL_SURFACE('',#3626,0.5249926);
#3626 = AXIS2_PLACEMENT_3D('',#3627,#3628,#3629);
#3627 = CARTESIAN_POINT('',(15.50686256,58.33609872,0.E+000));
#3628 = DIRECTION('',(0.E+000,0.E+000,-1.));
#3629 = DIRECTION('',(1.,0.E+000,0.E+000));
#3630 = DEFINITIONAL_REPRESENTATION('',(#3631),#3635);
#3631 = LINE('',#3632,#3633);
#3632 = CARTESIAN_POINT('',(0.E+000,0.E+000));
#3633 = VECTOR('',#3634,1.);
#3634 = DIRECTION('',(0.E+000,-1.));
#3635 = ( GEOMETRIC_REPRESENTATION_CONTEXT(2) 
PARAMETRIC_REPRESENTATION_CONTEXT() REPRESENTATION_CONTEXT('2D SPACE',''
  ) );
#3636 = PCURVE('',#3625,#3637);
#3637 = DEFINITIONAL_REPRESENTATION('',(#3638),#3642);
#3638 = LINE('',#3639,#3640);
#3639 = CARTESIAN_POINT('',(-6.28318530718,0.E+000));
#3640 = VECTOR('',#3641,1.);
#3641 = DIRECTION('',(0.E+000,-1.));
#3642 = ( GEOMETRIC_REPRESENTATION_CONTEXT(2) 
PARAMETRIC_REPRESENTATION_CONTEXT() REPRESENTATION_CONTEXT('2D SPACE',''
  ) );
#3643 = ORIENTED_EDGE('',*,*,#3644,.T.);
#3644 = EDGE_CURVE('',#3617,#3617,#3645,.T.);
#3645 = SURFACE_CURVE('',#3646,(#3651,#3658),.PCURVE_S1.);
#3646 = CIRCLE('',#3647,0.5249926);
#3647 = AXIS2_PLACEMENT_3D('',#3648,#3649,#3650);
#3648 = CARTESIAN_POINT('',(15.50686256,58.33609872,1.13284));
#3649 = DIRECTION('',(0.E+000,0.E+000,1.));
#3650 = DIRECTION('',(1.,0.E+000,0.E+000));
#3651 = PCURVE('',#3625,#3652);
#3652 = DEFINITIONAL_REPRESENTATION('',(#3653),#3657);
#3653 = LINE('',#3654,#3655);
#3654 = CARTESIAN_POINT('',(0.E+000,-1.13284));
#3655 = VECTOR('',#3656,1.);
#3656 = DIRECTION('',(-1.,0.E+000));
#3657 = ( GEOMETRIC_REPRESENTATION_CONTEXT(2) 
PARAMETRIC_REPRESENTATION_CONTEXT() REPRESENTATION_CONTEXT('2D SPACE',''
  ) );
#3658 = PCURVE('',#83,#3659);
#3659 = DEFINITIONAL_REPRESENTATION('',(#3660),#3668);
#3660 = ( BOUNDED_CURVE() B_SPLINE_CURVE(2,(#3661,#3662,#3663,#3664,
#3665,#3666,#3667),.UNSPECIFIED.,.F.,.F.) B_SPLINE_CURVE_WITH_KNOTS((1,2
    ,2,2,2,1),(-2.094395102393,0.E+000,2.094395102393,4.188790204786,
6.28318530718,8.377580409573),.UNSPECIFIED.) CURVE() 
GEOMETRIC_REPRESENTATION_ITEM() RATIONAL_B_SPLINE_CURVE((1.,0.5,1.,0.5,
1.,0.5,1.)) REPRESENTATION_ITEM('') );
#3661 = CARTESIAN_POINT('',(-16.03185516,58.46309872));
#3662 = CARTESIAN_POINT('',(-16.03185516,59.372412576798));
#3663 = CARTESIAN_POINT('',(-15.24436626,58.917755648399));
#3664 = CARTESIAN_POINT('',(-14.45687736,58.46309872));
#3665 = CARTESIAN_POINT('',(-15.24436626,58.008441791601));
#3666 = CARTESIAN_POINT('',(-16.03185516,57.553784863202));
#3667 = CARTESIAN_POINT('',(-16.03185516,58.46309872));
#3668 = ( GEOMETRIC_REPRESENTATION_CONTEXT(2) 
PARAMETRIC_REPRESENTATION_CONTEXT() REPRESENTATION_CONTEXT('2D SPACE',''
  ) );
#3669 = ORIENTED_EDGE('',*,*,#3614,.F.);
#3670 = ORIENTED_EDGE('',*,*,#3671,.F.);
#3671 = EDGE_CURVE('',#3615,#3615,#3672,.T.);
#3672 = SURFACE_CURVE('',#3673,(#3678,#3685),.PCURVE_S1.);
#3673 = CIRCLE('',#3674,0.5249926);
#3674 = AXIS2_PLACEMENT_3D('',#3675,#3676,#3677);
#3675 = CARTESIAN_POINT('',(15.50686256,58.33609872,0.E+000));
#3676 = DIRECTION('',(0.E+000,0.E+000,1.));
#3677 = DIRECTION('',(1.,0.E+000,0.E+000));
#3678 = PCURVE('',#3625,#3679);
#3679 = DEFINITIONAL_REPRESENTATION('',(#3680),#3684);
#3680 = LINE('',#3681,#3682);
#3681 = CARTESIAN_POINT('',(0.E+000,0.E+000));
#3682 = VECTOR('',#3683,1.);
#3683 = DIRECTION('',(-1.,0.E+000));
#3684 = ( GEOMETRIC_REPRESENTATION_CONTEXT(2) 
PARAMETRIC_REPRESENTATION_CONTEXT() REPRESENTATION_CONTEXT('2D SPACE',''
  ) );
#3685 = PCURVE('',#137,#3686);
#3686 = DEFINITIONAL_REPRESENTATION('',(#3687),#3695);
#3687 = ( BOUNDED_CURVE() B_SPLINE_CURVE(2,(#3688,#3689,#3690,#3691,
#3692,#3693,#3694),.UNSPECIFIED.,.F.,.F.) B_SPLINE_CURVE_WITH_KNOTS((1,2
    ,2,2,2,1),(-2.094395102393,0.E+000,2.094395102393,4.188790204786,
6.28318530718,8.377580409573),.UNSPECIFIED.) CURVE() 
GEOMETRIC_REPRESENTATION_ITEM() RATIONAL_B_SPLINE_CURVE((1.,0.5,1.,0.5,
1.,0.5,1.)) REPRESENTATION_ITEM('') );
#3688 = CARTESIAN_POINT('',(-16.03185516,58.46309872));
#3689 = CARTESIAN_POINT('',(-16.03185516,59.372412576798));
#3690 = CARTESIAN_POINT('',(-15.24436626,58.917755648399));
#3691 = CARTESIAN_POINT('',(-14.45687736,58.46309872));
#3692 = CARTESIAN_POINT('',(-15.24436626,58.008441791601));
#3693 = CARTESIAN_POINT('',(-16.03185516,57.553784863202));
#3694 = CARTESIAN_POINT('',(-16.03185516,58.46309872));
#3695 = ( GEOMETRIC_REPRESENTATION_CONTEXT(2) 
PARAMETRIC_REPRESENTATION_CONTEXT() REPRESENTATION_CONTEXT('2D SPACE',''
  ) );
#3696 = ADVANCED_FACE('',(#3697),#3711,.F.);
#3697 = FACE_BOUND('',#3698,.T.);
#3698 = EDGE_LOOP('',(#3699,#3729,#3755,#3756));
#3699 = ORIENTED_EDGE('',*,*,#3700,.T.);
#3700 = EDGE_CURVE('',#3701,#3703,#3705,.T.);
#3701 = VERTEX_POINT('',#3702);
#3702 = CARTESIAN_POINT('',(20.08650034,70.231,0.E+000));
#3703 = VERTEX_POINT('',#3704);
#3704 = CARTESIAN_POINT('',(20.08650034,70.231,1.13284));
#3705 = SEAM_CURVE('',#3706,(#3710,#3722),.PCURVE_S1.);
#3706 = LINE('',#3707,#3708);
#3707 = CARTESIAN_POINT('',(20.08650034,70.231,0.E+000));
#3708 = VECTOR('',#3709,1.);
#3709 = DIRECTION('',(0.E+000,0.E+000,1.));
#3710 = PCURVE('',#3711,#3716);
#3711 = CYLINDRICAL_SURFACE('',#3712,1.10000034);
#3712 = AXIS2_PLACEMENT_3D('',#3713,#3714,#3715);
#3713 = CARTESIAN_POINT('',(18.9865,70.231,0.E+000));
#3714 = DIRECTION('',(0.E+000,0.E+000,-1.));
#3715 = DIRECTION('',(1.,0.E+000,0.E+000));
#3716 = DEFINITIONAL_REPRESENTATION('',(#3717),#3721);
#3717 = LINE('',#3718,#3719);
#3718 = CARTESIAN_POINT('',(0.E+000,0.E+000));
#3719 = VECTOR('',#3720,1.);
#3720 = DIRECTION('',(0.E+000,-1.));
#3721 = ( GEOMETRIC_REPRESENTATION_CONTEXT(2) 
PARAMETRIC_REPRESENTATION_CONTEXT() REPRESENTATION_CONTEXT('2D SPACE',''
  ) );
#3722 = PCURVE('',#3711,#3723);
#3723 = DEFINITIONAL_REPRESENTATION('',(#3724),#3728);
#3724 = LINE('',#3725,#3726);
#3725 = CARTESIAN_POINT('',(-6.28318530718,0.E+000));
#3726 = VECTOR('',#3727,1.);
#3727 = DIRECTION('',(0.E+000,-1.));
#3728 = ( GEOMETRIC_REPRESENTATION_CONTEXT(2) 
PARAMETRIC_REPRESENTATION_CONTEXT() REPRESENTATION_CONTEXT('2D SPACE',''
  ) );
#3729 = ORIENTED_EDGE('',*,*,#3730,.T.);
#3730 = EDGE_CURVE('',#3703,#3703,#3731,.T.);
#3731 = SURFACE_CURVE('',#3732,(#3737,#3744),.PCURVE_S1.);
#3732 = CIRCLE('',#3733,1.10000034);
#3733 = AXIS2_PLACEMENT_3D('',#3734,#3735,#3736);
#3734 = CARTESIAN_POINT('',(18.9865,70.231,1.13284));
#3735 = DIRECTION('',(0.E+000,0.E+000,1.));
#3736 = DIRECTION('',(1.,0.E+000,0.E+000));
#3737 = PCURVE('',#3711,#3738);
#3738 = DEFINITIONAL_REPRESENTATION('',(#3739),#3743);
#3739 = LINE('',#3740,#3741);
#3740 = CARTESIAN_POINT('',(0.E+000,-1.13284));
#3741 = VECTOR('',#3742,1.);
#3742 = DIRECTION('',(-1.,0.E+000));
#3743 = ( GEOMETRIC_REPRESENTATION_CONTEXT(2) 
PARAMETRIC_REPRESENTATION_CONTEXT() REPRESENTATION_CONTEXT('2D SPACE',''
  ) );
#3744 = PCURVE('',#83,#3745);
#3745 = DEFINITIONAL_REPRESENTATION('',(#3746),#3754);
#3746 = ( BOUNDED_CURVE() B_SPLINE_CURVE(2,(#3747,#3748,#3749,#3750,
#3751,#3752,#3753),.UNSPECIFIED.,.T.,.F.) B_SPLINE_CURVE_WITH_KNOTS((1,2
    ,2,2,2,1),(-2.094395102393,0.E+000,2.094395102393,4.188790204786,
6.28318530718,8.377580409573),.UNSPECIFIED.) CURVE() 
GEOMETRIC_REPRESENTATION_ITEM() RATIONAL_B_SPLINE_CURVE((1.,0.5,1.,0.5,
1.,0.5,1.)) REPRESENTATION_ITEM('') );
#3747 = CARTESIAN_POINT('',(-20.08650034,70.358));
#3748 = CARTESIAN_POINT('',(-20.08650034,72.263256477223));
#3749 = CARTESIAN_POINT('',(-18.43649983,71.310628238612));
#3750 = CARTESIAN_POINT('',(-16.78649932,70.358));
#3751 = CARTESIAN_POINT('',(-18.43649983,69.405371761388));
#3752 = CARTESIAN_POINT('',(-20.08650034,68.452743522777));
#3753 = CARTESIAN_POINT('',(-20.08650034,70.358));
#3754 = ( GEOMETRIC_REPRESENTATION_CONTEXT(2) 
PARAMETRIC_REPRESENTATION_CONTEXT() REPRESENTATION_CONTEXT('2D SPACE',''
  ) );
#3755 = ORIENTED_EDGE('',*,*,#3700,.F.);
#3756 = ORIENTED_EDGE('',*,*,#3757,.F.);
#3757 = EDGE_CURVE('',#3701,#3701,#3758,.T.);
#3758 = SURFACE_CURVE('',#3759,(#3764,#3771),.PCURVE_S1.);
#3759 = CIRCLE('',#3760,1.10000034);
#3760 = AXIS2_PLACEMENT_3D('',#3761,#3762,#3763);
#3761 = CARTESIAN_POINT('',(18.9865,70.231,0.E+000));
#3762 = DIRECTION('',(0.E+000,0.E+000,1.));
#3763 = DIRECTION('',(1.,0.E+000,0.E+000));
#3764 = PCURVE('',#3711,#3765);
#3765 = DEFINITIONAL_REPRESENTATION('',(#3766),#3770);
#3766 = LINE('',#3767,#3768);
#3767 = CARTESIAN_POINT('',(0.E+000,0.E+000));
#3768 = VECTOR('',#3769,1.);
#3769 = DIRECTION('',(-1.,0.E+000));
#3770 = ( GEOMETRIC_REPRESENTATION_CONTEXT(2) 
PARAMETRIC_REPRESENTATION_CONTEXT() REPRESENTATION_CONTEXT('2D SPACE',''
  ) );
#3771 = PCURVE('',#137,#3772);
#3772 = DEFINITIONAL_REPRESENTATION('',(#3773),#3781);
#3773 = ( BOUNDED_CURVE() B_SPLINE_CURVE(2,(#3774,#3775,#3776,#3777,
#3778,#3779,#3780),.UNSPECIFIED.,.T.,.F.) B_SPLINE_CURVE_WITH_KNOTS((1,2
    ,2,2,2,1),(-2.094395102393,0.E+000,2.094395102393,4.188790204786,
6.28318530718,8.377580409573),.UNSPECIFIED.) CURVE() 
GEOMETRIC_REPRESENTATION_ITEM() RATIONAL_B_SPLINE_CURVE((1.,0.5,1.,0.5,
1.,0.5,1.)) REPRESENTATION_ITEM('') );
#3774 = CARTESIAN_POINT('',(-20.08650034,70.358));
#3775 = CARTESIAN_POINT('',(-20.08650034,72.263256477223));
#3776 = CARTESIAN_POINT('',(-18.43649983,71.310628238612));
#3777 = CARTESIAN_POINT('',(-16.78649932,70.358));
#3778 = CARTESIAN_POINT('',(-18.43649983,69.405371761388));
#3779 = CARTESIAN_POINT('',(-20.08650034,68.452743522777));
#3780 = CARTESIAN_POINT('',(-20.08650034,70.358));
#3781 = ( GEOMETRIC_REPRESENTATION_CONTEXT(2) 
PARAMETRIC_REPRESENTATION_CONTEXT() REPRESENTATION_CONTEXT('2D SPACE',''
  ) );
#3782 = ADVANCED_FACE('',(#3783),#3797,.F.);
#3783 = FACE_BOUND('',#3784,.T.);
#3784 = EDGE_LOOP('',(#3785,#3815,#3841,#3842));
#3785 = ORIENTED_EDGE('',*,*,#3786,.T.);
#3786 = EDGE_CURVE('',#3787,#3789,#3791,.T.);
#3787 = VERTEX_POINT('',#3788);
#3788 = CARTESIAN_POINT('',(20.0039986,75.946,0.E+000));
#3789 = VERTEX_POINT('',#3790);
#3790 = CARTESIAN_POINT('',(20.0039986,75.946,1.13284));
#3791 = SEAM_CURVE('',#3792,(#3796,#3808),.PCURVE_S1.);
#3792 = LINE('',#3793,#3794);
#3793 = CARTESIAN_POINT('',(20.0039986,75.946,0.E+000));
#3794 = VECTOR('',#3795,1.);
#3795 = DIRECTION('',(0.E+000,0.E+000,1.));
#3796 = PCURVE('',#3797,#3802);
#3797 = CYLINDRICAL_SURFACE('',#3798,0.6999986);
#3798 = AXIS2_PLACEMENT_3D('',#3799,#3800,#3801);
#3799 = CARTESIAN_POINT('',(19.304,75.946,0.E+000));
#3800 = DIRECTION('',(0.E+000,0.E+000,-1.));
#3801 = DIRECTION('',(1.,0.E+000,0.E+000));
#3802 = DEFINITIONAL_REPRESENTATION('',(#3803),#3807);
#3803 = LINE('',#3804,#3805);
#3804 = CARTESIAN_POINT('',(0.E+000,0.E+000));
#3805 = VECTOR('',#3806,1.);
#3806 = DIRECTION('',(0.E+000,-1.));
#3807 = ( GEOMETRIC_REPRESENTATION_CONTEXT(2) 
PARAMETRIC_REPRESENTATION_CONTEXT() REPRESENTATION_CONTEXT('2D SPACE',''
  ) );
#3808 = PCURVE('',#3797,#3809);
#3809 = DEFINITIONAL_REPRESENTATION('',(#3810),#3814);
#3810 = LINE('',#3811,#3812);
#3811 = CARTESIAN_POINT('',(-6.28318530718,0.E+000));
#3812 = VECTOR('',#3813,1.);
#3813 = DIRECTION('',(0.E+000,-1.));
#3814 = ( GEOMETRIC_REPRESENTATION_CONTEXT(2) 
PARAMETRIC_REPRESENTATION_CONTEXT() REPRESENTATION_CONTEXT('2D SPACE',''
  ) );
#3815 = ORIENTED_EDGE('',*,*,#3816,.T.);
#3816 = EDGE_CURVE('',#3789,#3789,#3817,.T.);
#3817 = SURFACE_CURVE('',#3818,(#3823,#3830),.PCURVE_S1.);
#3818 = CIRCLE('',#3819,0.6999986);
#3819 = AXIS2_PLACEMENT_3D('',#3820,#3821,#3822);
#3820 = CARTESIAN_POINT('',(19.304,75.946,1.13284));
#3821 = DIRECTION('',(0.E+000,0.E+000,1.));
#3822 = DIRECTION('',(1.,0.E+000,0.E+000));
#3823 = PCURVE('',#3797,#3824);
#3824 = DEFINITIONAL_REPRESENTATION('',(#3825),#3829);
#3825 = LINE('',#3826,#3827);
#3826 = CARTESIAN_POINT('',(0.E+000,-1.13284));
#3827 = VECTOR('',#3828,1.);
#3828 = DIRECTION('',(-1.,0.E+000));
#3829 = ( GEOMETRIC_REPRESENTATION_CONTEXT(2) 
PARAMETRIC_REPRESENTATION_CONTEXT() REPRESENTATION_CONTEXT('2D SPACE',''
  ) );
#3830 = PCURVE('',#83,#3831);
#3831 = DEFINITIONAL_REPRESENTATION('',(#3832),#3840);
#3832 = ( BOUNDED_CURVE() B_SPLINE_CURVE(2,(#3833,#3834,#3835,#3836,
#3837,#3838,#3839),.UNSPECIFIED.,.T.,.F.) B_SPLINE_CURVE_WITH_KNOTS((1,2
    ,2,2,2,1),(-2.094395102393,0.E+000,2.094395102393,4.188790204786,
6.28318530718,8.377580409573),.UNSPECIFIED.) CURVE() 
GEOMETRIC_REPRESENTATION_ITEM() RATIONAL_B_SPLINE_CURVE((1.,0.5,1.,0.5,
1.,0.5,1.)) REPRESENTATION_ITEM('') );
#3833 = CARTESIAN_POINT('',(-20.0039986,76.073));
#3834 = CARTESIAN_POINT('',(-20.0039986,77.285433140427));
#3835 = CARTESIAN_POINT('',(-18.9540007,76.679216570214));
#3836 = CARTESIAN_POINT('',(-17.9040028,76.073));
#3837 = CARTESIAN_POINT('',(-18.9540007,75.466783429786));
#3838 = CARTESIAN_POINT('',(-20.0039986,74.860566859573));
#3839 = CARTESIAN_POINT('',(-20.0039986,76.073));
#3840 = ( GEOMETRIC_REPRESENTATION_CONTEXT(2) 
PARAMETRIC_REPRESENTATION_CONTEXT() REPRESENTATION_CONTEXT('2D SPACE',''
  ) );
#3841 = ORIENTED_EDGE('',*,*,#3786,.F.);
#3842 = ORIENTED_EDGE('',*,*,#3843,.F.);
#3843 = EDGE_CURVE('',#3787,#3787,#3844,.T.);
#3844 = SURFACE_CURVE('',#3845,(#3850,#3857),.PCURVE_S1.);
#3845 = CIRCLE('',#3846,0.6999986);
#3846 = AXIS2_PLACEMENT_3D('',#3847,#3848,#3849);
#3847 = CARTESIAN_POINT('',(19.304,75.946,0.E+000));
#3848 = DIRECTION('',(0.E+000,0.E+000,1.));
#3849 = DIRECTION('',(1.,0.E+000,0.E+000));
#3850 = PCURVE('',#3797,#3851);
#3851 = DEFINITIONAL_REPRESENTATION('',(#3852),#3856);
#3852 = LINE('',#3853,#3854);
#3853 = CARTESIAN_POINT('',(0.E+000,0.E+000));
#3854 = VECTOR('',#3855,1.);
#3855 = DIRECTION('',(-1.,0.E+000));
#3856 = ( GEOMETRIC_REPRESENTATION_CONTEXT(2) 
PARAMETRIC_REPRESENTATION_CONTEXT() REPRESENTATION_CONTEXT('2D SPACE',''
  ) );
#3857 = PCURVE('',#137,#3858);
#3858 = DEFINITIONAL_REPRESENTATION('',(#3859),#3867);
#3859 = ( BOUNDED_CURVE() B_SPLINE_CURVE(2,(#3860,#3861,#3862,#3863,
#3864,#3865,#3866),.UNSPECIFIED.,.T.,.F.) B_SPLINE_CURVE_WITH_KNOTS((1,2
    ,2,2,2,1),(-2.094395102393,0.E+000,2.094395102393,4.188790204786,
6.28318530718,8.377580409573),.UNSPECIFIED.) CURVE() 
GEOMETRIC_REPRESENTATION_ITEM() RATIONAL_B_SPLINE_CURVE((1.,0.5,1.,0.5,
1.,0.5,1.)) REPRESENTATION_ITEM('') );
#3860 = CARTESIAN_POINT('',(-20.0039986,76.073));
#3861 = CARTESIAN_POINT('',(-20.0039986,77.285433140427));
#3862 = CARTESIAN_POINT('',(-18.9540007,76.679216570214));
#3863 = CARTESIAN_POINT('',(-17.9040028,76.073));
#3864 = CARTESIAN_POINT('',(-18.9540007,75.466783429786));
#3865 = CARTESIAN_POINT('',(-20.0039986,74.860566859573));
#3866 = CARTESIAN_POINT('',(-20.0039986,76.073));
#3867 = ( GEOMETRIC_REPRESENTATION_CONTEXT(2) 
PARAMETRIC_REPRESENTATION_CONTEXT() REPRESENTATION_CONTEXT('2D SPACE',''
  ) );
#3868 = ADVANCED_FACE('',(#3869),#3883,.F.);
#3869 = FACE_BOUND('',#3870,.T.);
#3870 = EDGE_LOOP('',(#3871,#3901,#3927,#3928));
#3871 = ORIENTED_EDGE('',*,*,#3872,.T.);
#3872 = EDGE_CURVE('',#3873,#3875,#3877,.T.);
#3873 = VERTEX_POINT('',#3874);
#3874 = CARTESIAN_POINT('',(23.8139986,75.946,0.E+000));
#3875 = VERTEX_POINT('',#3876);
#3876 = CARTESIAN_POINT('',(23.8139986,75.946,1.13284));
#3877 = SEAM_CURVE('',#3878,(#3882,#3894),.PCURVE_S1.);
#3878 = LINE('',#3879,#3880);
#3879 = CARTESIAN_POINT('',(23.8139986,75.946,0.E+000));
#3880 = VECTOR('',#3881,1.);
#3881 = DIRECTION('',(0.E+000,0.E+000,1.));
#3882 = PCURVE('',#3883,#3888);
#3883 = CYLINDRICAL_SURFACE('',#3884,0.6999986);
#3884 = AXIS2_PLACEMENT_3D('',#3885,#3886,#3887);
#3885 = CARTESIAN_POINT('',(23.114,75.946,0.E+000));
#3886 = DIRECTION('',(0.E+000,0.E+000,-1.));
#3887 = DIRECTION('',(1.,0.E+000,0.E+000));
#3888 = DEFINITIONAL_REPRESENTATION('',(#3889),#3893);
#3889 = LINE('',#3890,#3891);
#3890 = CARTESIAN_POINT('',(0.E+000,0.E+000));
#3891 = VECTOR('',#3892,1.);
#3892 = DIRECTION('',(0.E+000,-1.));
#3893 = ( GEOMETRIC_REPRESENTATION_CONTEXT(2) 
PARAMETRIC_REPRESENTATION_CONTEXT() REPRESENTATION_CONTEXT('2D SPACE',''
  ) );
#3894 = PCURVE('',#3883,#3895);
#3895 = DEFINITIONAL_REPRESENTATION('',(#3896),#3900);
#3896 = LINE('',#3897,#3898);
#3897 = CARTESIAN_POINT('',(-6.28318530718,0.E+000));
#3898 = VECTOR('',#3899,1.);
#3899 = DIRECTION('',(0.E+000,-1.));
#3900 = ( GEOMETRIC_REPRESENTATION_CONTEXT(2) 
PARAMETRIC_REPRESENTATION_CONTEXT() REPRESENTATION_CONTEXT('2D SPACE',''
  ) );
#3901 = ORIENTED_EDGE('',*,*,#3902,.T.);
#3902 = EDGE_CURVE('',#3875,#3875,#3903,.T.);
#3903 = SURFACE_CURVE('',#3904,(#3909,#3916),.PCURVE_S1.);
#3904 = CIRCLE('',#3905,0.6999986);
#3905 = AXIS2_PLACEMENT_3D('',#3906,#3907,#3908);
#3906 = CARTESIAN_POINT('',(23.114,75.946,1.13284));
#3907 = DIRECTION('',(0.E+000,0.E+000,1.));
#3908 = DIRECTION('',(1.,0.E+000,0.E+000));
#3909 = PCURVE('',#3883,#3910);
#3910 = DEFINITIONAL_REPRESENTATION('',(#3911),#3915);
#3911 = LINE('',#3912,#3913);
#3912 = CARTESIAN_POINT('',(0.E+000,-1.13284));
#3913 = VECTOR('',#3914,1.);
#3914 = DIRECTION('',(-1.,0.E+000));
#3915 = ( GEOMETRIC_REPRESENTATION_CONTEXT(2) 
PARAMETRIC_REPRESENTATION_CONTEXT() REPRESENTATION_CONTEXT('2D SPACE',''
  ) );
#3916 = PCURVE('',#83,#3917);
#3917 = DEFINITIONAL_REPRESENTATION('',(#3918),#3926);
#3918 = ( BOUNDED_CURVE() B_SPLINE_CURVE(2,(#3919,#3920,#3921,#3922,
#3923,#3924,#3925),.UNSPECIFIED.,.T.,.F.) B_SPLINE_CURVE_WITH_KNOTS((1,2
    ,2,2,2,1),(-2.094395102393,0.E+000,2.094395102393,4.188790204786,
6.28318530718,8.377580409573),.UNSPECIFIED.) CURVE() 
GEOMETRIC_REPRESENTATION_ITEM() RATIONAL_B_SPLINE_CURVE((1.,0.5,1.,0.5,
1.,0.5,1.)) REPRESENTATION_ITEM('') );
#3919 = CARTESIAN_POINT('',(-23.8139986,76.073));
#3920 = CARTESIAN_POINT('',(-23.8139986,77.285433140427));
#3921 = CARTESIAN_POINT('',(-22.7640007,76.679216570214));
#3922 = CARTESIAN_POINT('',(-21.7140028,76.073));
#3923 = CARTESIAN_POINT('',(-22.7640007,75.466783429786));
#3924 = CARTESIAN_POINT('',(-23.8139986,74.860566859573));
#3925 = CARTESIAN_POINT('',(-23.8139986,76.073));
#3926 = ( GEOMETRIC_REPRESENTATION_CONTEXT(2) 
PARAMETRIC_REPRESENTATION_CONTEXT() REPRESENTATION_CONTEXT('2D SPACE',''
  ) );
#3927 = ORIENTED_EDGE('',*,*,#3872,.F.);
#3928 = ORIENTED_EDGE('',*,*,#3929,.F.);
#3929 = EDGE_CURVE('',#3873,#3873,#3930,.T.);
#3930 = SURFACE_CURVE('',#3931,(#3936,#3943),.PCURVE_S1.);
#3931 = CIRCLE('',#3932,0.6999986);
#3932 = AXIS2_PLACEMENT_3D('',#3933,#3934,#3935);
#3933 = CARTESIAN_POINT('',(23.114,75.946,0.E+000));
#3934 = DIRECTION('',(0.E+000,0.E+000,1.));
#3935 = DIRECTION('',(1.,0.E+000,0.E+000));
#3936 = PCURVE('',#3883,#3937);
#3937 = DEFINITIONAL_REPRESENTATION('',(#3938),#3942);
#3938 = LINE('',#3939,#3940);
#3939 = CARTESIAN_POINT('',(0.E+000,0.E+000));
#3940 = VECTOR('',#3941,1.);
#3941 = DIRECTION('',(-1.,0.E+000));
#3942 = ( GEOMETRIC_REPRESENTATION_CONTEXT(2) 
PARAMETRIC_REPRESENTATION_CONTEXT() REPRESENTATION_CONTEXT('2D SPACE',''
  ) );
#3943 = PCURVE('',#137,#3944);
#3944 = DEFINITIONAL_REPRESENTATION('',(#3945),#3953);
#3945 = ( BOUNDED_CURVE() B_SPLINE_CURVE(2,(#3946,#3947,#3948,#3949,
#3950,#3951,#3952),.UNSPECIFIED.,.T.,.F.) B_SPLINE_CURVE_WITH_KNOTS((1,2
    ,2,2,2,1),(-2.094395102393,0.E+000,2.094395102393,4.188790204786,
6.28318530718,8.377580409573),.UNSPECIFIED.) CURVE() 
GEOMETRIC_REPRESENTATION_ITEM() RATIONAL_B_SPLINE_CURVE((1.,0.5,1.,0.5,
1.,0.5,1.)) REPRESENTATION_ITEM('') );
#3946 = CARTESIAN_POINT('',(-23.8139986,76.073));
#3947 = CARTESIAN_POINT('',(-23.8139986,77.285433140427));
#3948 = CARTESIAN_POINT('',(-22.7640007,76.679216570214));
#3949 = CARTESIAN_POINT('',(-21.7140028,76.073));
#3950 = CARTESIAN_POINT('',(-22.7640007,75.466783429786));
#3951 = CARTESIAN_POINT('',(-23.8139986,74.860566859573));
#3952 = CARTESIAN_POINT('',(-23.8139986,76.073));
#3953 = ( GEOMETRIC_REPRESENTATION_CONTEXT(2) 
PARAMETRIC_REPRESENTATION_CONTEXT() REPRESENTATION_CONTEXT('2D SPACE',''
  ) );
#3954 = ADVANCED_FACE('',(#3955),#3969,.F.);
#3955 = FACE_BOUND('',#3956,.T.);
#3956 = EDGE_LOOP('',(#3957,#3987,#4013,#4014));
#3957 = ORIENTED_EDGE('',*,*,#3958,.T.);
#3958 = EDGE_CURVE('',#3959,#3961,#3963,.T.);
#3959 = VERTEX_POINT('',#3960);
#3960 = CARTESIAN_POINT('',(30.75399996,8.82299988,0.E+000));
#3961 = VERTEX_POINT('',#3962);
#3962 = CARTESIAN_POINT('',(30.75399996,8.82299988,1.13284));
#3963 = SEAM_CURVE('',#3964,(#3968,#3980),.PCURVE_S1.);
#3964 = LINE('',#3965,#3966);
#3965 = CARTESIAN_POINT('',(30.75399996,8.82299988,0.E+000));
#3966 = VECTOR('',#3967,1.);
#3967 = DIRECTION('',(0.E+000,0.E+000,1.));
#3968 = PCURVE('',#3969,#3974);
#3969 = CYLINDRICAL_SURFACE('',#3970,0.635);
#3970 = AXIS2_PLACEMENT_3D('',#3971,#3972,#3973);
#3971 = CARTESIAN_POINT('',(30.11899996,8.82299988,0.E+000));
#3972 = DIRECTION('',(0.E+000,0.E+000,-1.));
#3973 = DIRECTION('',(1.,0.E+000,0.E+000));
#3974 = DEFINITIONAL_REPRESENTATION('',(#3975),#3979);
#3975 = LINE('',#3976,#3977);
#3976 = CARTESIAN_POINT('',(0.E+000,0.E+000));
#3977 = VECTOR('',#3978,1.);
#3978 = DIRECTION('',(0.E+000,-1.));
#3979 = ( GEOMETRIC_REPRESENTATION_CONTEXT(2) 
PARAMETRIC_REPRESENTATION_CONTEXT() REPRESENTATION_CONTEXT('2D SPACE',''
  ) );
#3980 = PCURVE('',#3969,#3981);
#3981 = DEFINITIONAL_REPRESENTATION('',(#3982),#3986);
#3982 = LINE('',#3983,#3984);
#3983 = CARTESIAN_POINT('',(-6.28318530718,0.E+000));
#3984 = VECTOR('',#3985,1.);
#3985 = DIRECTION('',(0.E+000,-1.));
#3986 = ( GEOMETRIC_REPRESENTATION_CONTEXT(2) 
PARAMETRIC_REPRESENTATION_CONTEXT() REPRESENTATION_CONTEXT('2D SPACE',''
  ) );
#3987 = ORIENTED_EDGE('',*,*,#3988,.T.);
#3988 = EDGE_CURVE('',#3961,#3961,#3989,.T.);
#3989 = SURFACE_CURVE('',#3990,(#3995,#4002),.PCURVE_S1.);
#3990 = CIRCLE('',#3991,0.635);
#3991 = AXIS2_PLACEMENT_3D('',#3992,#3993,#3994);
#3992 = CARTESIAN_POINT('',(30.11899996,8.82299988,1.13284));
#3993 = DIRECTION('',(0.E+000,0.E+000,1.));
#3994 = DIRECTION('',(1.,0.E+000,0.E+000));
#3995 = PCURVE('',#3969,#3996);
#3996 = DEFINITIONAL_REPRESENTATION('',(#3997),#4001);
#3997 = LINE('',#3998,#3999);
#3998 = CARTESIAN_POINT('',(0.E+000,-1.13284));
#3999 = VECTOR('',#4000,1.);
#4000 = DIRECTION('',(-1.,0.E+000));
#4001 = ( GEOMETRIC_REPRESENTATION_CONTEXT(2) 
PARAMETRIC_REPRESENTATION_CONTEXT() REPRESENTATION_CONTEXT('2D SPACE',''
  ) );
#4002 = PCURVE('',#83,#4003);
#4003 = DEFINITIONAL_REPRESENTATION('',(#4004),#4012);
#4004 = ( BOUNDED_CURVE() B_SPLINE_CURVE(2,(#4005,#4006,#4007,#4008,
#4009,#4010,#4011),.UNSPECIFIED.,.F.,.F.) B_SPLINE_CURVE_WITH_KNOTS((1,2
    ,2,2,2,1),(-2.094395102393,0.E+000,2.094395102393,4.188790204786,
6.28318530718,8.377580409573),.UNSPECIFIED.) CURVE() 
GEOMETRIC_REPRESENTATION_ITEM() RATIONAL_B_SPLINE_CURVE((1.,0.5,1.,0.5,
1.,0.5,1.)) REPRESENTATION_ITEM('') );
#4005 = CARTESIAN_POINT('',(-30.75399996,8.94999988));
#4006 = CARTESIAN_POINT('',(-30.75399996,10.049852142806));
#4007 = CARTESIAN_POINT('',(-29.80149996,9.499926011403));
#4008 = CARTESIAN_POINT('',(-28.84899996,8.94999988));
#4009 = CARTESIAN_POINT('',(-29.80149996,8.400073748597));
#4010 = CARTESIAN_POINT('',(-30.75399996,7.850147617194));
#4011 = CARTESIAN_POINT('',(-30.75399996,8.94999988));
#4012 = ( GEOMETRIC_REPRESENTATION_CONTEXT(2) 
PARAMETRIC_REPRESENTATION_CONTEXT() REPRESENTATION_CONTEXT('2D SPACE',''
  ) );
#4013 = ORIENTED_EDGE('',*,*,#3958,.F.);
#4014 = ORIENTED_EDGE('',*,*,#4015,.F.);
#4015 = EDGE_CURVE('',#3959,#3959,#4016,.T.);
#4016 = SURFACE_CURVE('',#4017,(#4022,#4029),.PCURVE_S1.);
#4017 = CIRCLE('',#4018,0.635);
#4018 = AXIS2_PLACEMENT_3D('',#4019,#4020,#4021);
#4019 = CARTESIAN_POINT('',(30.11899996,8.82299988,0.E+000));
#4020 = DIRECTION('',(0.E+000,0.E+000,1.));
#4021 = DIRECTION('',(1.,0.E+000,0.E+000));
#4022 = PCURVE('',#3969,#4023);
#4023 = DEFINITIONAL_REPRESENTATION('',(#4024),#4028);
#4024 = LINE('',#4025,#4026);
#4025 = CARTESIAN_POINT('',(0.E+000,0.E+000));
#4026 = VECTOR('',#4027,1.);
#4027 = DIRECTION('',(-1.,0.E+000));
#4028 = ( GEOMETRIC_REPRESENTATION_CONTEXT(2) 
PARAMETRIC_REPRESENTATION_CONTEXT() REPRESENTATION_CONTEXT('2D SPACE',''
  ) );
#4029 = PCURVE('',#137,#4030);
#4030 = DEFINITIONAL_REPRESENTATION('',(#4031),#4039);
#4031 = ( BOUNDED_CURVE() B_SPLINE_CURVE(2,(#4032,#4033,#4034,#4035,
#4036,#4037,#4038),.UNSPECIFIED.,.F.,.F.) B_SPLINE_CURVE_WITH_KNOTS((1,2
    ,2,2,2,1),(-2.094395102393,0.E+000,2.094395102393,4.188790204786,
6.28318530718,8.377580409573),.UNSPECIFIED.) CURVE() 
GEOMETRIC_REPRESENTATION_ITEM() RATIONAL_B_SPLINE_CURVE((1.,0.5,1.,0.5,
1.,0.5,1.)) REPRESENTATION_ITEM('') );
#4032 = CARTESIAN_POINT('',(-30.75399996,8.94999988));
#4033 = CARTESIAN_POINT('',(-30.75399996,10.049852142806));
#4034 = CARTESIAN_POINT('',(-29.80149996,9.499926011403));
#4035 = CARTESIAN_POINT('',(-28.84899996,8.94999988));
#4036 = CARTESIAN_POINT('',(-29.80149996,8.400073748597));
#4037 = CARTESIAN_POINT('',(-30.75399996,7.850147617194));
#4038 = CARTESIAN_POINT('',(-30.75399996,8.94999988));
#4039 = ( GEOMETRIC_REPRESENTATION_CONTEXT(2) 
PARAMETRIC_REPRESENTATION_CONTEXT() REPRESENTATION_CONTEXT('2D SPACE',''
  ) );
#4040 = ADVANCED_FACE('',(#4041),#4055,.F.);
#4041 = FACE_BOUND('',#4042,.T.);
#4042 = EDGE_LOOP('',(#4043,#4073,#4099,#4100));
#4043 = ORIENTED_EDGE('',*,*,#4044,.T.);
#4044 = EDGE_CURVE('',#4045,#4047,#4049,.T.);
#4045 = VERTEX_POINT('',#4046);
#4046 = CARTESIAN_POINT('',(28.25399988,8.82299988,0.E+000));
#4047 = VERTEX_POINT('',#4048);
#4048 = CARTESIAN_POINT('',(28.25399988,8.82299988,1.13284));
#4049 = SEAM_CURVE('',#4050,(#4054,#4066),.PCURVE_S1.);
#4050 = LINE('',#4051,#4052);
#4051 = CARTESIAN_POINT('',(28.25399988,8.82299988,0.E+000));
#4052 = VECTOR('',#4053,1.);
#4053 = DIRECTION('',(0.E+000,0.E+000,1.));
#4054 = PCURVE('',#4055,#4060);
#4055 = CYLINDRICAL_SURFACE('',#4056,0.635);
#4056 = AXIS2_PLACEMENT_3D('',#4057,#4058,#4059);
#4057 = CARTESIAN_POINT('',(27.61899988,8.82299988,0.E+000));
#4058 = DIRECTION('',(0.E+000,0.E+000,-1.));
#4059 = DIRECTION('',(1.,0.E+000,0.E+000));
#4060 = DEFINITIONAL_REPRESENTATION('',(#4061),#4065);
#4061 = LINE('',#4062,#4063);
#4062 = CARTESIAN_POINT('',(0.E+000,0.E+000));
#4063 = VECTOR('',#4064,1.);
#4064 = DIRECTION('',(0.E+000,-1.));
#4065 = ( GEOMETRIC_REPRESENTATION_CONTEXT(2) 
PARAMETRIC_REPRESENTATION_CONTEXT() REPRESENTATION_CONTEXT('2D SPACE',''
  ) );
#4066 = PCURVE('',#4055,#4067);
#4067 = DEFINITIONAL_REPRESENTATION('',(#4068),#4072);
#4068 = LINE('',#4069,#4070);
#4069 = CARTESIAN_POINT('',(-6.28318530718,0.E+000));
#4070 = VECTOR('',#4071,1.);
#4071 = DIRECTION('',(0.E+000,-1.));
#4072 = ( GEOMETRIC_REPRESENTATION_CONTEXT(2) 
PARAMETRIC_REPRESENTATION_CONTEXT() REPRESENTATION_CONTEXT('2D SPACE',''
  ) );
#4073 = ORIENTED_EDGE('',*,*,#4074,.T.);
#4074 = EDGE_CURVE('',#4047,#4047,#4075,.T.);
#4075 = SURFACE_CURVE('',#4076,(#4081,#4088),.PCURVE_S1.);
#4076 = CIRCLE('',#4077,0.635);
#4077 = AXIS2_PLACEMENT_3D('',#4078,#4079,#4080);
#4078 = CARTESIAN_POINT('',(27.61899988,8.82299988,1.13284));
#4079 = DIRECTION('',(0.E+000,0.E+000,1.));
#4080 = DIRECTION('',(1.,0.E+000,0.E+000));
#4081 = PCURVE('',#4055,#4082);
#4082 = DEFINITIONAL_REPRESENTATION('',(#4083),#4087);
#4083 = LINE('',#4084,#4085);
#4084 = CARTESIAN_POINT('',(0.E+000,-1.13284));
#4085 = VECTOR('',#4086,1.);
#4086 = DIRECTION('',(-1.,0.E+000));
#4087 = ( GEOMETRIC_REPRESENTATION_CONTEXT(2) 
PARAMETRIC_REPRESENTATION_CONTEXT() REPRESENTATION_CONTEXT('2D SPACE',''
  ) );
#4088 = PCURVE('',#83,#4089);
#4089 = DEFINITIONAL_REPRESENTATION('',(#4090),#4098);
#4090 = ( BOUNDED_CURVE() B_SPLINE_CURVE(2,(#4091,#4092,#4093,#4094,
#4095,#4096,#4097),.UNSPECIFIED.,.T.,.F.) B_SPLINE_CURVE_WITH_KNOTS((1,2
    ,2,2,2,1),(-2.094395102393,0.E+000,2.094395102393,4.188790204786,
6.28318530718,8.377580409573),.UNSPECIFIED.) CURVE() 
GEOMETRIC_REPRESENTATION_ITEM() RATIONAL_B_SPLINE_CURVE((1.,0.5,1.,0.5,
1.,0.5,1.)) REPRESENTATION_ITEM('') );
#4091 = CARTESIAN_POINT('',(-28.25399988,8.94999988));
#4092 = CARTESIAN_POINT('',(-28.25399988,10.049852142806));
#4093 = CARTESIAN_POINT('',(-27.30149988,9.499926011403));
#4094 = CARTESIAN_POINT('',(-26.34899988,8.94999988));
#4095 = CARTESIAN_POINT('',(-27.30149988,8.400073748597));
#4096 = CARTESIAN_POINT('',(-28.25399988,7.850147617194));
#4097 = CARTESIAN_POINT('',(-28.25399988,8.94999988));
#4098 = ( GEOMETRIC_REPRESENTATION_CONTEXT(2) 
PARAMETRIC_REPRESENTATION_CONTEXT() REPRESENTATION_CONTEXT('2D SPACE',''
  ) );
#4099 = ORIENTED_EDGE('',*,*,#4044,.F.);
#4100 = ORIENTED_EDGE('',*,*,#4101,.F.);
#4101 = EDGE_CURVE('',#4045,#4045,#4102,.T.);
#4102 = SURFACE_CURVE('',#4103,(#4108,#4115),.PCURVE_S1.);
#4103 = CIRCLE('',#4104,0.635);
#4104 = AXIS2_PLACEMENT_3D('',#4105,#4106,#4107);
#4105 = CARTESIAN_POINT('',(27.61899988,8.82299988,0.E+000));
#4106 = DIRECTION('',(0.E+000,0.E+000,1.));
#4107 = DIRECTION('',(1.,0.E+000,0.E+000));
#4108 = PCURVE('',#4055,#4109);
#4109 = DEFINITIONAL_REPRESENTATION('',(#4110),#4114);
#4110 = LINE('',#4111,#4112);
#4111 = CARTESIAN_POINT('',(0.E+000,0.E+000));
#4112 = VECTOR('',#4113,1.);
#4113 = DIRECTION('',(-1.,0.E+000));
#4114 = ( GEOMETRIC_REPRESENTATION_CONTEXT(2) 
PARAMETRIC_REPRESENTATION_CONTEXT() REPRESENTATION_CONTEXT('2D SPACE',''
  ) );
#4115 = PCURVE('',#137,#4116);
#4116 = DEFINITIONAL_REPRESENTATION('',(#4117),#4125);
#4117 = ( BOUNDED_CURVE() B_SPLINE_CURVE(2,(#4118,#4119,#4120,#4121,
#4122,#4123,#4124),.UNSPECIFIED.,.T.,.F.) B_SPLINE_CURVE_WITH_KNOTS((1,2
    ,2,2,2,1),(-2.094395102393,0.E+000,2.094395102393,4.188790204786,
6.28318530718,8.377580409573),.UNSPECIFIED.) CURVE() 
GEOMETRIC_REPRESENTATION_ITEM() RATIONAL_B_SPLINE_CURVE((1.,0.5,1.,0.5,
1.,0.5,1.)) REPRESENTATION_ITEM('') );
#4118 = CARTESIAN_POINT('',(-28.25399988,8.94999988));
#4119 = CARTESIAN_POINT('',(-28.25399988,10.049852142806));
#4120 = CARTESIAN_POINT('',(-27.30149988,9.499926011403));
#4121 = CARTESIAN_POINT('',(-26.34899988,8.94999988));
#4122 = CARTESIAN_POINT('',(-27.30149988,8.400073748597));
#4123 = CARTESIAN_POINT('',(-28.25399988,7.850147617194));
#4124 = CARTESIAN_POINT('',(-28.25399988,8.94999988));
#4125 = ( GEOMETRIC_REPRESENTATION_CONTEXT(2) 
PARAMETRIC_REPRESENTATION_CONTEXT() REPRESENTATION_CONTEXT('2D SPACE',''
  ) );
#4126 = ADVANCED_FACE('',(#4127),#4141,.F.);
#4127 = FACE_BOUND('',#4128,.T.);
#4128 = EDGE_LOOP('',(#4129,#4159,#4185,#4186));
#4129 = ORIENTED_EDGE('',*,*,#4130,.T.);
#4130 = EDGE_CURVE('',#4131,#4133,#4135,.T.);
#4131 = VERTEX_POINT('',#4132);
#4132 = CARTESIAN_POINT('',(40.69999988,8.82299988,0.E+000));
#4133 = VERTEX_POINT('',#4134);
#4134 = CARTESIAN_POINT('',(40.69999988,8.82299988,1.13284));
#4135 = SEAM_CURVE('',#4136,(#4140,#4152),.PCURVE_S1.);
#4136 = LINE('',#4137,#4138);
#4137 = CARTESIAN_POINT('',(40.69999988,8.82299988,0.E+000));
#4138 = VECTOR('',#4139,1.);
#4139 = DIRECTION('',(0.E+000,0.E+000,1.));
#4140 = PCURVE('',#4141,#4146);
#4141 = CYLINDRICAL_SURFACE('',#4142,0.635);
#4142 = AXIS2_PLACEMENT_3D('',#4143,#4144,#4145);
#4143 = CARTESIAN_POINT('',(40.06499988,8.82299988,0.E+000));
#4144 = DIRECTION('',(0.E+000,0.E+000,-1.));
#4145 = DIRECTION('',(1.,0.E+000,0.E+000));
#4146 = DEFINITIONAL_REPRESENTATION('',(#4147),#4151);
#4147 = LINE('',#4148,#4149);
#4148 = CARTESIAN_POINT('',(0.E+000,0.E+000));
#4149 = VECTOR('',#4150,1.);
#4150 = DIRECTION('',(0.E+000,-1.));
#4151 = ( GEOMETRIC_REPRESENTATION_CONTEXT(2) 
PARAMETRIC_REPRESENTATION_CONTEXT() REPRESENTATION_CONTEXT('2D SPACE',''
  ) );
#4152 = PCURVE('',#4141,#4153);
#4153 = DEFINITIONAL_REPRESENTATION('',(#4154),#4158);
#4154 = LINE('',#4155,#4156);
#4155 = CARTESIAN_POINT('',(-6.28318530718,0.E+000));
#4156 = VECTOR('',#4157,1.);
#4157 = DIRECTION('',(0.E+000,-1.));
#4158 = ( GEOMETRIC_REPRESENTATION_CONTEXT(2) 
PARAMETRIC_REPRESENTATION_CONTEXT() REPRESENTATION_CONTEXT('2D SPACE',''
  ) );
#4159 = ORIENTED_EDGE('',*,*,#4160,.T.);
#4160 = EDGE_CURVE('',#4133,#4133,#4161,.T.);
#4161 = SURFACE_CURVE('',#4162,(#4167,#4174),.PCURVE_S1.);
#4162 = CIRCLE('',#4163,0.635);
#4163 = AXIS2_PLACEMENT_3D('',#4164,#4165,#4166);
#4164 = CARTESIAN_POINT('',(40.06499988,8.82299988,1.13284));
#4165 = DIRECTION('',(0.E+000,0.E+000,1.));
#4166 = DIRECTION('',(1.,0.E+000,0.E+000));
#4167 = PCURVE('',#4141,#4168);
#4168 = DEFINITIONAL_REPRESENTATION('',(#4169),#4173);
#4169 = LINE('',#4170,#4171);
#4170 = CARTESIAN_POINT('',(0.E+000,-1.13284));
#4171 = VECTOR('',#4172,1.);
#4172 = DIRECTION('',(-1.,0.E+000));
#4173 = ( GEOMETRIC_REPRESENTATION_CONTEXT(2) 
PARAMETRIC_REPRESENTATION_CONTEXT() REPRESENTATION_CONTEXT('2D SPACE',''
  ) );
#4174 = PCURVE('',#83,#4175);
#4175 = DEFINITIONAL_REPRESENTATION('',(#4176),#4184);
#4176 = ( BOUNDED_CURVE() B_SPLINE_CURVE(2,(#4177,#4178,#4179,#4180,
#4181,#4182,#4183),.UNSPECIFIED.,.T.,.F.) B_SPLINE_CURVE_WITH_KNOTS((1,2
    ,2,2,2,1),(-2.094395102393,0.E+000,2.094395102393,4.188790204786,
6.28318530718,8.377580409573),.UNSPECIFIED.) CURVE() 
GEOMETRIC_REPRESENTATION_ITEM() RATIONAL_B_SPLINE_CURVE((1.,0.5,1.,0.5,
1.,0.5,1.)) REPRESENTATION_ITEM('') );
#4177 = CARTESIAN_POINT('',(-40.69999988,8.94999988));
#4178 = CARTESIAN_POINT('',(-40.69999988,10.049852142806));
#4179 = CARTESIAN_POINT('',(-39.74749988,9.499926011403));
#4180 = CARTESIAN_POINT('',(-38.79499988,8.94999988));
#4181 = CARTESIAN_POINT('',(-39.74749988,8.400073748597));
#4182 = CARTESIAN_POINT('',(-40.69999988,7.850147617194));
#4183 = CARTESIAN_POINT('',(-40.69999988,8.94999988));
#4184 = ( GEOMETRIC_REPRESENTATION_CONTEXT(2) 
PARAMETRIC_REPRESENTATION_CONTEXT() REPRESENTATION_CONTEXT('2D SPACE',''
  ) );
#4185 = ORIENTED_EDGE('',*,*,#4130,.F.);
#4186 = ORIENTED_EDGE('',*,*,#4187,.F.);
#4187 = EDGE_CURVE('',#4131,#4131,#4188,.T.);
#4188 = SURFACE_CURVE('',#4189,(#4194,#4201),.PCURVE_S1.);
#4189 = CIRCLE('',#4190,0.635);
#4190 = AXIS2_PLACEMENT_3D('',#4191,#4192,#4193);
#4191 = CARTESIAN_POINT('',(40.06499988,8.82299988,0.E+000));
#4192 = DIRECTION('',(0.E+000,0.E+000,1.));
#4193 = DIRECTION('',(1.,0.E+000,0.E+000));
#4194 = PCURVE('',#4141,#4195);
#4195 = DEFINITIONAL_REPRESENTATION('',(#4196),#4200);
#4196 = LINE('',#4197,#4198);
#4197 = CARTESIAN_POINT('',(0.E+000,0.E+000));
#4198 = VECTOR('',#4199,1.);
#4199 = DIRECTION('',(-1.,0.E+000));
#4200 = ( GEOMETRIC_REPRESENTATION_CONTEXT(2) 
PARAMETRIC_REPRESENTATION_CONTEXT() REPRESENTATION_CONTEXT('2D SPACE',''
  ) );
#4201 = PCURVE('',#137,#4202);
#4202 = DEFINITIONAL_REPRESENTATION('',(#4203),#4211);
#4203 = ( BOUNDED_CURVE() B_SPLINE_CURVE(2,(#4204,#4205,#4206,#4207,
#4208,#4209,#4210),.UNSPECIFIED.,.T.,.F.) B_SPLINE_CURVE_WITH_KNOTS((1,2
    ,2,2,2,1),(-2.094395102393,0.E+000,2.094395102393,4.188790204786,
6.28318530718,8.377580409573),.UNSPECIFIED.) CURVE() 
GEOMETRIC_REPRESENTATION_ITEM() RATIONAL_B_SPLINE_CURVE((1.,0.5,1.,0.5,
1.,0.5,1.)) REPRESENTATION_ITEM('') );
#4204 = CARTESIAN_POINT('',(-40.69999988,8.94999988));
#4205 = CARTESIAN_POINT('',(-40.69999988,10.049852142806));
#4206 = CARTESIAN_POINT('',(-39.74749988,9.499926011403));
#4207 = CARTESIAN_POINT('',(-38.79499988,8.94999988));
#4208 = CARTESIAN_POINT('',(-39.74749988,8.400073748597));
#4209 = CARTESIAN_POINT('',(-40.69999988,7.850147617194));
#4210 = CARTESIAN_POINT('',(-40.69999988,8.94999988));
#4211 = ( GEOMETRIC_REPRESENTATION_CONTEXT(2) 
PARAMETRIC_REPRESENTATION_CONTEXT() REPRESENTATION_CONTEXT('2D SPACE',''
  ) );
#4212 = ADVANCED_FACE('',(#4213),#4227,.F.);
#4213 = FACE_BOUND('',#4214,.T.);
#4214 = EDGE_LOOP('',(#4215,#4245,#4271,#4272));
#4215 = ORIENTED_EDGE('',*,*,#4216,.T.);
#4216 = EDGE_CURVE('',#4217,#4219,#4221,.T.);
#4217 = VERTEX_POINT('',#4218);
#4218 = CARTESIAN_POINT('',(33.25400004,8.82299988,0.E+000));
#4219 = VERTEX_POINT('',#4220);
#4220 = CARTESIAN_POINT('',(33.25400004,8.82299988,1.13284));
#4221 = SEAM_CURVE('',#4222,(#4226,#4238),.PCURVE_S1.);
#4222 = LINE('',#4223,#4224);
#4223 = CARTESIAN_POINT('',(33.25400004,8.82299988,0.E+000));
#4224 = VECTOR('',#4225,1.);
#4225 = DIRECTION('',(0.E+000,0.E+000,1.));
#4226 = PCURVE('',#4227,#4232);
#4227 = CYLINDRICAL_SURFACE('',#4228,0.635);
#4228 = AXIS2_PLACEMENT_3D('',#4229,#4230,#4231);
#4229 = CARTESIAN_POINT('',(32.61900004,8.82299988,0.E+000));
#4230 = DIRECTION('',(0.E+000,0.E+000,-1.));
#4231 = DIRECTION('',(1.,0.E+000,0.E+000));
#4232 = DEFINITIONAL_REPRESENTATION('',(#4233),#4237);
#4233 = LINE('',#4234,#4235);
#4234 = CARTESIAN_POINT('',(0.E+000,0.E+000));
#4235 = VECTOR('',#4236,1.);
#4236 = DIRECTION('',(0.E+000,-1.));
#4237 = ( GEOMETRIC_REPRESENTATION_CONTEXT(2) 
PARAMETRIC_REPRESENTATION_CONTEXT() REPRESENTATION_CONTEXT('2D SPACE',''
  ) );
#4238 = PCURVE('',#4227,#4239);
#4239 = DEFINITIONAL_REPRESENTATION('',(#4240),#4244);
#4240 = LINE('',#4241,#4242);
#4241 = CARTESIAN_POINT('',(-6.28318530718,0.E+000));
#4242 = VECTOR('',#4243,1.);
#4243 = DIRECTION('',(0.E+000,-1.));
#4244 = ( GEOMETRIC_REPRESENTATION_CONTEXT(2) 
PARAMETRIC_REPRESENTATION_CONTEXT() REPRESENTATION_CONTEXT('2D SPACE',''
  ) );
#4245 = ORIENTED_EDGE('',*,*,#4246,.T.);
#4246 = EDGE_CURVE('',#4219,#4219,#4247,.T.);
#4247 = SURFACE_CURVE('',#4248,(#4253,#4260),.PCURVE_S1.);
#4248 = CIRCLE('',#4249,0.635);
#4249 = AXIS2_PLACEMENT_3D('',#4250,#4251,#4252);
#4250 = CARTESIAN_POINT('',(32.61900004,8.82299988,1.13284));
#4251 = DIRECTION('',(0.E+000,0.E+000,1.));
#4252 = DIRECTION('',(1.,0.E+000,0.E+000));
#4253 = PCURVE('',#4227,#4254);
#4254 = DEFINITIONAL_REPRESENTATION('',(#4255),#4259);
#4255 = LINE('',#4256,#4257);
#4256 = CARTESIAN_POINT('',(0.E+000,-1.13284));
#4257 = VECTOR('',#4258,1.);
#4258 = DIRECTION('',(-1.,0.E+000));
#4259 = ( GEOMETRIC_REPRESENTATION_CONTEXT(2) 
PARAMETRIC_REPRESENTATION_CONTEXT() REPRESENTATION_CONTEXT('2D SPACE',''
  ) );
#4260 = PCURVE('',#83,#4261);
#4261 = DEFINITIONAL_REPRESENTATION('',(#4262),#4270);
#4262 = ( BOUNDED_CURVE() B_SPLINE_CURVE(2,(#4263,#4264,#4265,#4266,
#4267,#4268,#4269),.UNSPECIFIED.,.T.,.F.) B_SPLINE_CURVE_WITH_KNOTS((1,2
    ,2,2,2,1),(-2.094395102393,0.E+000,2.094395102393,4.188790204786,
6.28318530718,8.377580409573),.UNSPECIFIED.) CURVE() 
GEOMETRIC_REPRESENTATION_ITEM() RATIONAL_B_SPLINE_CURVE((1.,0.5,1.,0.5,
1.,0.5,1.)) REPRESENTATION_ITEM('') );
#4263 = CARTESIAN_POINT('',(-33.25400004,8.94999988));
#4264 = CARTESIAN_POINT('',(-33.25400004,10.049852142806));
#4265 = CARTESIAN_POINT('',(-32.30150004,9.499926011403));
#4266 = CARTESIAN_POINT('',(-31.34900004,8.94999988));
#4267 = CARTESIAN_POINT('',(-32.30150004,8.400073748597));
#4268 = CARTESIAN_POINT('',(-33.25400004,7.850147617194));
#4269 = CARTESIAN_POINT('',(-33.25400004,8.94999988));
#4270 = ( GEOMETRIC_REPRESENTATION_CONTEXT(2) 
PARAMETRIC_REPRESENTATION_CONTEXT() REPRESENTATION_CONTEXT('2D SPACE',''
  ) );
#4271 = ORIENTED_EDGE('',*,*,#4216,.F.);
#4272 = ORIENTED_EDGE('',*,*,#4273,.F.);
#4273 = EDGE_CURVE('',#4217,#4217,#4274,.T.);
#4274 = SURFACE_CURVE('',#4275,(#4280,#4287),.PCURVE_S1.);
#4275 = CIRCLE('',#4276,0.635);
#4276 = AXIS2_PLACEMENT_3D('',#4277,#4278,#4279);
#4277 = CARTESIAN_POINT('',(32.61900004,8.82299988,0.E+000));
#4278 = DIRECTION('',(0.E+000,0.E+000,1.));
#4279 = DIRECTION('',(1.,0.E+000,0.E+000));
#4280 = PCURVE('',#4227,#4281);
#4281 = DEFINITIONAL_REPRESENTATION('',(#4282),#4286);
#4282 = LINE('',#4283,#4284);
#4283 = CARTESIAN_POINT('',(0.E+000,0.E+000));
#4284 = VECTOR('',#4285,1.);
#4285 = DIRECTION('',(-1.,0.E+000));
#4286 = ( GEOMETRIC_REPRESENTATION_CONTEXT(2) 
PARAMETRIC_REPRESENTATION_CONTEXT() REPRESENTATION_CONTEXT('2D SPACE',''
  ) );
#4287 = PCURVE('',#137,#4288);
#4288 = DEFINITIONAL_REPRESENTATION('',(#4289),#4297);
#4289 = ( BOUNDED_CURVE() B_SPLINE_CURVE(2,(#4290,#4291,#4292,#4293,
#4294,#4295,#4296),.UNSPECIFIED.,.T.,.F.) B_SPLINE_CURVE_WITH_KNOTS((1,2
    ,2,2,2,1),(-2.094395102393,0.E+000,2.094395102393,4.188790204786,
6.28318530718,8.377580409573),.UNSPECIFIED.) CURVE() 
GEOMETRIC_REPRESENTATION_ITEM() RATIONAL_B_SPLINE_CURVE((1.,0.5,1.,0.5,
1.,0.5,1.)) REPRESENTATION_ITEM('') );
#4290 = CARTESIAN_POINT('',(-33.25400004,8.94999988));
#4291 = CARTESIAN_POINT('',(-33.25400004,10.049852142806));
#4292 = CARTESIAN_POINT('',(-32.30150004,9.499926011403));
#4293 = CARTESIAN_POINT('',(-31.34900004,8.94999988));
#4294 = CARTESIAN_POINT('',(-32.30150004,8.400073748597));
#4295 = CARTESIAN_POINT('',(-33.25400004,7.850147617194));
#4296 = CARTESIAN_POINT('',(-33.25400004,8.94999988));
#4297 = ( GEOMETRIC_REPRESENTATION_CONTEXT(2) 
PARAMETRIC_REPRESENTATION_CONTEXT() REPRESENTATION_CONTEXT('2D SPACE',''
  ) );
#4298 = ADVANCED_FACE('',(#4299),#4313,.F.);
#4299 = FACE_BOUND('',#4300,.T.);
#4300 = EDGE_LOOP('',(#4301,#4331,#4357,#4358));
#4301 = ORIENTED_EDGE('',*,*,#4302,.T.);
#4302 = EDGE_CURVE('',#4303,#4305,#4307,.T.);
#4303 = VERTEX_POINT('',#4304);
#4304 = CARTESIAN_POINT('',(35.75400012,8.82299988,0.E+000));
#4305 = VERTEX_POINT('',#4306);
#4306 = CARTESIAN_POINT('',(35.75400012,8.82299988,1.13284));
#4307 = SEAM_CURVE('',#4308,(#4312,#4324),.PCURVE_S1.);
#4308 = LINE('',#4309,#4310);
#4309 = CARTESIAN_POINT('',(35.75400012,8.82299988,0.E+000));
#4310 = VECTOR('',#4311,1.);
#4311 = DIRECTION('',(0.E+000,0.E+000,1.));
#4312 = PCURVE('',#4313,#4318);
#4313 = CYLINDRICAL_SURFACE('',#4314,0.635);
#4314 = AXIS2_PLACEMENT_3D('',#4315,#4316,#4317);
#4315 = CARTESIAN_POINT('',(35.11900012,8.82299988,0.E+000));
#4316 = DIRECTION('',(0.E+000,0.E+000,-1.));
#4317 = DIRECTION('',(1.,0.E+000,0.E+000));
#4318 = DEFINITIONAL_REPRESENTATION('',(#4319),#4323);
#4319 = LINE('',#4320,#4321);
#4320 = CARTESIAN_POINT('',(0.E+000,0.E+000));
#4321 = VECTOR('',#4322,1.);
#4322 = DIRECTION('',(0.E+000,-1.));
#4323 = ( GEOMETRIC_REPRESENTATION_CONTEXT(2) 
PARAMETRIC_REPRESENTATION_CONTEXT() REPRESENTATION_CONTEXT('2D SPACE',''
  ) );
#4324 = PCURVE('',#4313,#4325);
#4325 = DEFINITIONAL_REPRESENTATION('',(#4326),#4330);
#4326 = LINE('',#4327,#4328);
#4327 = CARTESIAN_POINT('',(-6.28318530718,0.E+000));
#4328 = VECTOR('',#4329,1.);
#4329 = DIRECTION('',(0.E+000,-1.));
#4330 = ( GEOMETRIC_REPRESENTATION_CONTEXT(2) 
PARAMETRIC_REPRESENTATION_CONTEXT() REPRESENTATION_CONTEXT('2D SPACE',''
  ) );
#4331 = ORIENTED_EDGE('',*,*,#4332,.T.);
#4332 = EDGE_CURVE('',#4305,#4305,#4333,.T.);
#4333 = SURFACE_CURVE('',#4334,(#4339,#4346),.PCURVE_S1.);
#4334 = CIRCLE('',#4335,0.635);
#4335 = AXIS2_PLACEMENT_3D('',#4336,#4337,#4338);
#4336 = CARTESIAN_POINT('',(35.11900012,8.82299988,1.13284));
#4337 = DIRECTION('',(0.E+000,0.E+000,1.));
#4338 = DIRECTION('',(1.,0.E+000,0.E+000));
#4339 = PCURVE('',#4313,#4340);
#4340 = DEFINITIONAL_REPRESENTATION('',(#4341),#4345);
#4341 = LINE('',#4342,#4343);
#4342 = CARTESIAN_POINT('',(0.E+000,-1.13284));
#4343 = VECTOR('',#4344,1.);
#4344 = DIRECTION('',(-1.,0.E+000));
#4345 = ( GEOMETRIC_REPRESENTATION_CONTEXT(2) 
PARAMETRIC_REPRESENTATION_CONTEXT() REPRESENTATION_CONTEXT('2D SPACE',''
  ) );
#4346 = PCURVE('',#83,#4347);
#4347 = DEFINITIONAL_REPRESENTATION('',(#4348),#4356);
#4348 = ( BOUNDED_CURVE() B_SPLINE_CURVE(2,(#4349,#4350,#4351,#4352,
#4353,#4354,#4355),.UNSPECIFIED.,.T.,.F.) B_SPLINE_CURVE_WITH_KNOTS((1,2
    ,2,2,2,1),(-2.094395102393,0.E+000,2.094395102393,4.188790204786,
6.28318530718,8.377580409573),.UNSPECIFIED.) CURVE() 
GEOMETRIC_REPRESENTATION_ITEM() RATIONAL_B_SPLINE_CURVE((1.,0.5,1.,0.5,
1.,0.5,1.)) REPRESENTATION_ITEM('') );
#4349 = CARTESIAN_POINT('',(-35.75400012,8.94999988));
#4350 = CARTESIAN_POINT('',(-35.75400012,10.049852142806));
#4351 = CARTESIAN_POINT('',(-34.80150012,9.499926011403));
#4352 = CARTESIAN_POINT('',(-33.84900012,8.94999988));
#4353 = CARTESIAN_POINT('',(-34.80150012,8.400073748597));
#4354 = CARTESIAN_POINT('',(-35.75400012,7.850147617194));
#4355 = CARTESIAN_POINT('',(-35.75400012,8.94999988));
#4356 = ( GEOMETRIC_REPRESENTATION_CONTEXT(2) 
PARAMETRIC_REPRESENTATION_CONTEXT() REPRESENTATION_CONTEXT('2D SPACE',''
  ) );
#4357 = ORIENTED_EDGE('',*,*,#4302,.F.);
#4358 = ORIENTED_EDGE('',*,*,#4359,.F.);
#4359 = EDGE_CURVE('',#4303,#4303,#4360,.T.);
#4360 = SURFACE_CURVE('',#4361,(#4366,#4373),.PCURVE_S1.);
#4361 = CIRCLE('',#4362,0.635);
#4362 = AXIS2_PLACEMENT_3D('',#4363,#4364,#4365);
#4363 = CARTESIAN_POINT('',(35.11900012,8.82299988,0.E+000));
#4364 = DIRECTION('',(0.E+000,0.E+000,1.));
#4365 = DIRECTION('',(1.,0.E+000,0.E+000));
#4366 = PCURVE('',#4313,#4367);
#4367 = DEFINITIONAL_REPRESENTATION('',(#4368),#4372);
#4368 = LINE('',#4369,#4370);
#4369 = CARTESIAN_POINT('',(0.E+000,0.E+000));
#4370 = VECTOR('',#4371,1.);
#4371 = DIRECTION('',(-1.,0.E+000));
#4372 = ( GEOMETRIC_REPRESENTATION_CONTEXT(2) 
PARAMETRIC_REPRESENTATION_CONTEXT() REPRESENTATION_CONTEXT('2D SPACE',''
  ) );
#4373 = PCURVE('',#137,#4374);
#4374 = DEFINITIONAL_REPRESENTATION('',(#4375),#4383);
#4375 = ( BOUNDED_CURVE() B_SPLINE_CURVE(2,(#4376,#4377,#4378,#4379,
#4380,#4381,#4382),.UNSPECIFIED.,.T.,.F.) B_SPLINE_CURVE_WITH_KNOTS((1,2
    ,2,2,2,1),(-2.094395102393,0.E+000,2.094395102393,4.188790204786,
6.28318530718,8.377580409573),.UNSPECIFIED.) CURVE() 
GEOMETRIC_REPRESENTATION_ITEM() RATIONAL_B_SPLINE_CURVE((1.,0.5,1.,0.5,
1.,0.5,1.)) REPRESENTATION_ITEM('') );
#4376 = CARTESIAN_POINT('',(-35.75400012,8.94999988));
#4377 = CARTESIAN_POINT('',(-35.75400012,10.049852142806));
#4378 = CARTESIAN_POINT('',(-34.80150012,9.499926011403));
#4379 = CARTESIAN_POINT('',(-33.84900012,8.94999988));
#4380 = CARTESIAN_POINT('',(-34.80150012,8.400073748597));
#4381 = CARTESIAN_POINT('',(-35.75400012,7.850147617194));
#4382 = CARTESIAN_POINT('',(-35.75400012,8.94999988));
#4383 = ( GEOMETRIC_REPRESENTATION_CONTEXT(2) 
PARAMETRIC_REPRESENTATION_CONTEXT() REPRESENTATION_CONTEXT('2D SPACE',''
  ) );
#4384 = ADVANCED_FACE('',(#4385),#4399,.F.);
#4385 = FACE_BOUND('',#4386,.T.);
#4386 = EDGE_LOOP('',(#4387,#4417,#4443,#4444));
#4387 = ORIENTED_EDGE('',*,*,#4388,.T.);
#4388 = EDGE_CURVE('',#4389,#4391,#4393,.T.);
#4389 = VERTEX_POINT('',#4390);
#4390 = CARTESIAN_POINT('',(33.25400004,16.32300012,0.E+000));
#4391 = VERTEX_POINT('',#4392);
#4392 = CARTESIAN_POINT('',(33.25400004,16.32300012,1.13284));
#4393 = SEAM_CURVE('',#4394,(#4398,#4410),.PCURVE_S1.);
#4394 = LINE('',#4395,#4396);
#4395 = CARTESIAN_POINT('',(33.25400004,16.32300012,0.E+000));
#4396 = VECTOR('',#4397,1.);
#4397 = DIRECTION('',(0.E+000,0.E+000,1.));
#4398 = PCURVE('',#4399,#4404);
#4399 = CYLINDRICAL_SURFACE('',#4400,0.635);
#4400 = AXIS2_PLACEMENT_3D('',#4401,#4402,#4403);
#4401 = CARTESIAN_POINT('',(32.61900004,16.32300012,0.E+000));
#4402 = DIRECTION('',(0.E+000,0.E+000,-1.));
#4403 = DIRECTION('',(1.,0.E+000,0.E+000));
#4404 = DEFINITIONAL_REPRESENTATION('',(#4405),#4409);
#4405 = LINE('',#4406,#4407);
#4406 = CARTESIAN_POINT('',(0.E+000,0.E+000));
#4407 = VECTOR('',#4408,1.);
#4408 = DIRECTION('',(0.E+000,-1.));
#4409 = ( GEOMETRIC_REPRESENTATION_CONTEXT(2) 
PARAMETRIC_REPRESENTATION_CONTEXT() REPRESENTATION_CONTEXT('2D SPACE',''
  ) );
#4410 = PCURVE('',#4399,#4411);
#4411 = DEFINITIONAL_REPRESENTATION('',(#4412),#4416);
#4412 = LINE('',#4413,#4414);
#4413 = CARTESIAN_POINT('',(-6.28318530718,0.E+000));
#4414 = VECTOR('',#4415,1.);
#4415 = DIRECTION('',(0.E+000,-1.));
#4416 = ( GEOMETRIC_REPRESENTATION_CONTEXT(2) 
PARAMETRIC_REPRESENTATION_CONTEXT() REPRESENTATION_CONTEXT('2D SPACE',''
  ) );
#4417 = ORIENTED_EDGE('',*,*,#4418,.T.);
#4418 = EDGE_CURVE('',#4391,#4391,#4419,.T.);
#4419 = SURFACE_CURVE('',#4420,(#4425,#4432),.PCURVE_S1.);
#4420 = CIRCLE('',#4421,0.635);
#4421 = AXIS2_PLACEMENT_3D('',#4422,#4423,#4424);
#4422 = CARTESIAN_POINT('',(32.61900004,16.32300012,1.13284));
#4423 = DIRECTION('',(0.E+000,0.E+000,1.));
#4424 = DIRECTION('',(1.,0.E+000,0.E+000));
#4425 = PCURVE('',#4399,#4426);
#4426 = DEFINITIONAL_REPRESENTATION('',(#4427),#4431);
#4427 = LINE('',#4428,#4429);
#4428 = CARTESIAN_POINT('',(0.E+000,-1.13284));
#4429 = VECTOR('',#4430,1.);
#4430 = DIRECTION('',(-1.,0.E+000));
#4431 = ( GEOMETRIC_REPRESENTATION_CONTEXT(2) 
PARAMETRIC_REPRESENTATION_CONTEXT() REPRESENTATION_CONTEXT('2D SPACE',''
  ) );
#4432 = PCURVE('',#83,#4433);
#4433 = DEFINITIONAL_REPRESENTATION('',(#4434),#4442);
#4434 = ( BOUNDED_CURVE() B_SPLINE_CURVE(2,(#4435,#4436,#4437,#4438,
#4439,#4440,#4441),.UNSPECIFIED.,.T.,.F.) B_SPLINE_CURVE_WITH_KNOTS((1,2
    ,2,2,2,1),(-2.094395102393,0.E+000,2.094395102393,4.188790204786,
6.28318530718,8.377580409573),.UNSPECIFIED.) CURVE() 
GEOMETRIC_REPRESENTATION_ITEM() RATIONAL_B_SPLINE_CURVE((1.,0.5,1.,0.5,
1.,0.5,1.)) REPRESENTATION_ITEM('') );
#4435 = CARTESIAN_POINT('',(-33.25400004,16.45000012));
#4436 = CARTESIAN_POINT('',(-33.25400004,17.549852382806));
#4437 = CARTESIAN_POINT('',(-32.30150004,16.999926251403));
#4438 = CARTESIAN_POINT('',(-31.34900004,16.45000012));
#4439 = CARTESIAN_POINT('',(-32.30150004,15.900073988597));
#4440 = CARTESIAN_POINT('',(-33.25400004,15.350147857194));
#4441 = CARTESIAN_POINT('',(-33.25400004,16.45000012));
#4442 = ( GEOMETRIC_REPRESENTATION_CONTEXT(2) 
PARAMETRIC_REPRESENTATION_CONTEXT() REPRESENTATION_CONTEXT('2D SPACE',''
  ) );
#4443 = ORIENTED_EDGE('',*,*,#4388,.F.);
#4444 = ORIENTED_EDGE('',*,*,#4445,.F.);
#4445 = EDGE_CURVE('',#4389,#4389,#4446,.T.);
#4446 = SURFACE_CURVE('',#4447,(#4452,#4459),.PCURVE_S1.);
#4447 = CIRCLE('',#4448,0.635);
#4448 = AXIS2_PLACEMENT_3D('',#4449,#4450,#4451);
#4449 = CARTESIAN_POINT('',(32.61900004,16.32300012,0.E+000));
#4450 = DIRECTION('',(0.E+000,0.E+000,1.));
#4451 = DIRECTION('',(1.,0.E+000,0.E+000));
#4452 = PCURVE('',#4399,#4453);
#4453 = DEFINITIONAL_REPRESENTATION('',(#4454),#4458);
#4454 = LINE('',#4455,#4456);
#4455 = CARTESIAN_POINT('',(0.E+000,0.E+000));
#4456 = VECTOR('',#4457,1.);
#4457 = DIRECTION('',(-1.,0.E+000));
#4458 = ( GEOMETRIC_REPRESENTATION_CONTEXT(2) 
PARAMETRIC_REPRESENTATION_CONTEXT() REPRESENTATION_CONTEXT('2D SPACE',''
  ) );
#4459 = PCURVE('',#137,#4460);
#4460 = DEFINITIONAL_REPRESENTATION('',(#4461),#4469);
#4461 = ( BOUNDED_CURVE() B_SPLINE_CURVE(2,(#4462,#4463,#4464,#4465,
#4466,#4467,#4468),.UNSPECIFIED.,.T.,.F.) B_SPLINE_CURVE_WITH_KNOTS((1,2
    ,2,2,2,1),(-2.094395102393,0.E+000,2.094395102393,4.188790204786,
6.28318530718,8.377580409573),.UNSPECIFIED.) CURVE() 
GEOMETRIC_REPRESENTATION_ITEM() RATIONAL_B_SPLINE_CURVE((1.,0.5,1.,0.5,
1.,0.5,1.)) REPRESENTATION_ITEM('') );
#4462 = CARTESIAN_POINT('',(-33.25400004,16.45000012));
#4463 = CARTESIAN_POINT('',(-33.25400004,17.549852382806));
#4464 = CARTESIAN_POINT('',(-32.30150004,16.999926251403));
#4465 = CARTESIAN_POINT('',(-31.34900004,16.45000012));
#4466 = CARTESIAN_POINT('',(-32.30150004,15.900073988597));
#4467 = CARTESIAN_POINT('',(-33.25400004,15.350147857194));
#4468 = CARTESIAN_POINT('',(-33.25400004,16.45000012));
#4469 = ( GEOMETRIC_REPRESENTATION_CONTEXT(2) 
PARAMETRIC_REPRESENTATION_CONTEXT() REPRESENTATION_CONTEXT('2D SPACE',''
  ) );
#4470 = ADVANCED_FACE('',(#4471),#4485,.F.);
#4471 = FACE_BOUND('',#4472,.T.);
#4472 = EDGE_LOOP('',(#4473,#4503,#4529,#4530));
#4473 = ORIENTED_EDGE('',*,*,#4474,.T.);
#4474 = EDGE_CURVE('',#4475,#4477,#4479,.T.);
#4475 = VERTEX_POINT('',#4476);
#4476 = CARTESIAN_POINT('',(30.75399996,16.32300012,0.E+000));
#4477 = VERTEX_POINT('',#4478);
#4478 = CARTESIAN_POINT('',(30.75399996,16.32300012,1.13284));
#4479 = SEAM_CURVE('',#4480,(#4484,#4496),.PCURVE_S1.);
#4480 = LINE('',#4481,#4482);
#4481 = CARTESIAN_POINT('',(30.75399996,16.32300012,0.E+000));
#4482 = VECTOR('',#4483,1.);
#4483 = DIRECTION('',(0.E+000,0.E+000,1.));
#4484 = PCURVE('',#4485,#4490);
#4485 = CYLINDRICAL_SURFACE('',#4486,0.635);
#4486 = AXIS2_PLACEMENT_3D('',#4487,#4488,#4489);
#4487 = CARTESIAN_POINT('',(30.11899996,16.32300012,0.E+000));
#4488 = DIRECTION('',(0.E+000,0.E+000,-1.));
#4489 = DIRECTION('',(1.,0.E+000,0.E+000));
#4490 = DEFINITIONAL_REPRESENTATION('',(#4491),#4495);
#4491 = LINE('',#4492,#4493);
#4492 = CARTESIAN_POINT('',(0.E+000,0.E+000));
#4493 = VECTOR('',#4494,1.);
#4494 = DIRECTION('',(0.E+000,-1.));
#4495 = ( GEOMETRIC_REPRESENTATION_CONTEXT(2) 
PARAMETRIC_REPRESENTATION_CONTEXT() REPRESENTATION_CONTEXT('2D SPACE',''
  ) );
#4496 = PCURVE('',#4485,#4497);
#4497 = DEFINITIONAL_REPRESENTATION('',(#4498),#4502);
#4498 = LINE('',#4499,#4500);
#4499 = CARTESIAN_POINT('',(-6.28318530718,0.E+000));
#4500 = VECTOR('',#4501,1.);
#4501 = DIRECTION('',(0.E+000,-1.));
#4502 = ( GEOMETRIC_REPRESENTATION_CONTEXT(2) 
PARAMETRIC_REPRESENTATION_CONTEXT() REPRESENTATION_CONTEXT('2D SPACE',''
  ) );
#4503 = ORIENTED_EDGE('',*,*,#4504,.T.);
#4504 = EDGE_CURVE('',#4477,#4477,#4505,.T.);
#4505 = SURFACE_CURVE('',#4506,(#4511,#4518),.PCURVE_S1.);
#4506 = CIRCLE('',#4507,0.635);
#4507 = AXIS2_PLACEMENT_3D('',#4508,#4509,#4510);
#4508 = CARTESIAN_POINT('',(30.11899996,16.32300012,1.13284));
#4509 = DIRECTION('',(0.E+000,0.E+000,1.));
#4510 = DIRECTION('',(1.,0.E+000,0.E+000));
#4511 = PCURVE('',#4485,#4512);
#4512 = DEFINITIONAL_REPRESENTATION('',(#4513),#4517);
#4513 = LINE('',#4514,#4515);
#4514 = CARTESIAN_POINT('',(0.E+000,-1.13284));
#4515 = VECTOR('',#4516,1.);
#4516 = DIRECTION('',(-1.,0.E+000));
#4517 = ( GEOMETRIC_REPRESENTATION_CONTEXT(2) 
PARAMETRIC_REPRESENTATION_CONTEXT() REPRESENTATION_CONTEXT('2D SPACE',''
  ) );
#4518 = PCURVE('',#83,#4519);
#4519 = DEFINITIONAL_REPRESENTATION('',(#4520),#4528);
#4520 = ( BOUNDED_CURVE() B_SPLINE_CURVE(2,(#4521,#4522,#4523,#4524,
#4525,#4526,#4527),.UNSPECIFIED.,.F.,.F.) B_SPLINE_CURVE_WITH_KNOTS((1,2
    ,2,2,2,1),(-2.094395102393,0.E+000,2.094395102393,4.188790204786,
6.28318530718,8.377580409573),.UNSPECIFIED.) CURVE() 
GEOMETRIC_REPRESENTATION_ITEM() RATIONAL_B_SPLINE_CURVE((1.,0.5,1.,0.5,
1.,0.5,1.)) REPRESENTATION_ITEM('') );
#4521 = CARTESIAN_POINT('',(-30.75399996,16.45000012));
#4522 = CARTESIAN_POINT('',(-30.75399996,17.549852382806));
#4523 = CARTESIAN_POINT('',(-29.80149996,16.999926251403));
#4524 = CARTESIAN_POINT('',(-28.84899996,16.45000012));
#4525 = CARTESIAN_POINT('',(-29.80149996,15.900073988597));
#4526 = CARTESIAN_POINT('',(-30.75399996,15.350147857194));
#4527 = CARTESIAN_POINT('',(-30.75399996,16.45000012));
#4528 = ( GEOMETRIC_REPRESENTATION_CONTEXT(2) 
PARAMETRIC_REPRESENTATION_CONTEXT() REPRESENTATION_CONTEXT('2D SPACE',''
  ) );
#4529 = ORIENTED_EDGE('',*,*,#4474,.F.);
#4530 = ORIENTED_EDGE('',*,*,#4531,.F.);
#4531 = EDGE_CURVE('',#4475,#4475,#4532,.T.);
#4532 = SURFACE_CURVE('',#4533,(#4538,#4545),.PCURVE_S1.);
#4533 = CIRCLE('',#4534,0.635);
#4534 = AXIS2_PLACEMENT_3D('',#4535,#4536,#4537);
#4535 = CARTESIAN_POINT('',(30.11899996,16.32300012,0.E+000));
#4536 = DIRECTION('',(0.E+000,0.E+000,1.));
#4537 = DIRECTION('',(1.,0.E+000,0.E+000));
#4538 = PCURVE('',#4485,#4539);
#4539 = DEFINITIONAL_REPRESENTATION('',(#4540),#4544);
#4540 = LINE('',#4541,#4542);
#4541 = CARTESIAN_POINT('',(0.E+000,0.E+000));
#4542 = VECTOR('',#4543,1.);
#4543 = DIRECTION('',(-1.,0.E+000));
#4544 = ( GEOMETRIC_REPRESENTATION_CONTEXT(2) 
PARAMETRIC_REPRESENTATION_CONTEXT() REPRESENTATION_CONTEXT('2D SPACE',''
  ) );
#4545 = PCURVE('',#137,#4546);
#4546 = DEFINITIONAL_REPRESENTATION('',(#4547),#4555);
#4547 = ( BOUNDED_CURVE() B_SPLINE_CURVE(2,(#4548,#4549,#4550,#4551,
#4552,#4553,#4554),.UNSPECIFIED.,.F.,.F.) B_SPLINE_CURVE_WITH_KNOTS((1,2
    ,2,2,2,1),(-2.094395102393,0.E+000,2.094395102393,4.188790204786,
6.28318530718,8.377580409573),.UNSPECIFIED.) CURVE() 
GEOMETRIC_REPRESENTATION_ITEM() RATIONAL_B_SPLINE_CURVE((1.,0.5,1.,0.5,
1.,0.5,1.)) REPRESENTATION_ITEM('') );
#4548 = CARTESIAN_POINT('',(-30.75399996,16.45000012));
#4549 = CARTESIAN_POINT('',(-30.75399996,17.549852382806));
#4550 = CARTESIAN_POINT('',(-29.80149996,16.999926251403));
#4551 = CARTESIAN_POINT('',(-28.84899996,16.45000012));
#4552 = CARTESIAN_POINT('',(-29.80149996,15.900073988597));
#4553 = CARTESIAN_POINT('',(-30.75399996,15.350147857194));
#4554 = CARTESIAN_POINT('',(-30.75399996,16.45000012));
#4555 = ( GEOMETRIC_REPRESENTATION_CONTEXT(2) 
PARAMETRIC_REPRESENTATION_CONTEXT() REPRESENTATION_CONTEXT('2D SPACE',''
  ) );
#4556 = ADVANCED_FACE('',(#4557),#4571,.F.);
#4557 = FACE_BOUND('',#4558,.T.);
#4558 = EDGE_LOOP('',(#4559,#4589,#4615,#4616));
#4559 = ORIENTED_EDGE('',*,*,#4560,.T.);
#4560 = EDGE_CURVE('',#4561,#4563,#4565,.T.);
#4561 = VERTEX_POINT('',#4562);
#4562 = CARTESIAN_POINT('',(43.19999996,8.82299988,0.E+000));
#4563 = VERTEX_POINT('',#4564);
#4564 = CARTESIAN_POINT('',(43.19999996,8.82299988,1.13284));
#4565 = SEAM_CURVE('',#4566,(#4570,#4582),.PCURVE_S1.);
#4566 = LINE('',#4567,#4568);
#4567 = CARTESIAN_POINT('',(43.19999996,8.82299988,0.E+000));
#4568 = VECTOR('',#4569,1.);
#4569 = DIRECTION('',(0.E+000,0.E+000,1.));
#4570 = PCURVE('',#4571,#4576);
#4571 = CYLINDRICAL_SURFACE('',#4572,0.635);
#4572 = AXIS2_PLACEMENT_3D('',#4573,#4574,#4575);
#4573 = CARTESIAN_POINT('',(42.56499996,8.82299988,0.E+000));
#4574 = DIRECTION('',(0.E+000,0.E+000,-1.));
#4575 = DIRECTION('',(1.,0.E+000,0.E+000));
#4576 = DEFINITIONAL_REPRESENTATION('',(#4577),#4581);
#4577 = LINE('',#4578,#4579);
#4578 = CARTESIAN_POINT('',(0.E+000,0.E+000));
#4579 = VECTOR('',#4580,1.);
#4580 = DIRECTION('',(0.E+000,-1.));
#4581 = ( GEOMETRIC_REPRESENTATION_CONTEXT(2) 
PARAMETRIC_REPRESENTATION_CONTEXT() REPRESENTATION_CONTEXT('2D SPACE',''
  ) );
#4582 = PCURVE('',#4571,#4583);
#4583 = DEFINITIONAL_REPRESENTATION('',(#4584),#4588);
#4584 = LINE('',#4585,#4586);
#4585 = CARTESIAN_POINT('',(-6.28318530718,0.E+000));
#4586 = VECTOR('',#4587,1.);
#4587 = DIRECTION('',(0.E+000,-1.));
#4588 = ( GEOMETRIC_REPRESENTATION_CONTEXT(2) 
PARAMETRIC_REPRESENTATION_CONTEXT() REPRESENTATION_CONTEXT('2D SPACE',''
  ) );
#4589 = ORIENTED_EDGE('',*,*,#4590,.T.);
#4590 = EDGE_CURVE('',#4563,#4563,#4591,.T.);
#4591 = SURFACE_CURVE('',#4592,(#4597,#4604),.PCURVE_S1.);
#4592 = CIRCLE('',#4593,0.635);
#4593 = AXIS2_PLACEMENT_3D('',#4594,#4595,#4596);
#4594 = CARTESIAN_POINT('',(42.56499996,8.82299988,1.13284));
#4595 = DIRECTION('',(0.E+000,0.E+000,1.));
#4596 = DIRECTION('',(1.,0.E+000,0.E+000));
#4597 = PCURVE('',#4571,#4598);
#4598 = DEFINITIONAL_REPRESENTATION('',(#4599),#4603);
#4599 = LINE('',#4600,#4601);
#4600 = CARTESIAN_POINT('',(0.E+000,-1.13284));
#4601 = VECTOR('',#4602,1.);
#4602 = DIRECTION('',(-1.,0.E+000));
#4603 = ( GEOMETRIC_REPRESENTATION_CONTEXT(2) 
PARAMETRIC_REPRESENTATION_CONTEXT() REPRESENTATION_CONTEXT('2D SPACE',''
  ) );
#4604 = PCURVE('',#83,#4605);
#4605 = DEFINITIONAL_REPRESENTATION('',(#4606),#4614);
#4606 = ( BOUNDED_CURVE() B_SPLINE_CURVE(2,(#4607,#4608,#4609,#4610,
#4611,#4612,#4613),.UNSPECIFIED.,.T.,.F.) B_SPLINE_CURVE_WITH_KNOTS((1,2
    ,2,2,2,1),(-2.094395102393,0.E+000,2.094395102393,4.188790204786,
6.28318530718,8.377580409573),.UNSPECIFIED.) CURVE() 
GEOMETRIC_REPRESENTATION_ITEM() RATIONAL_B_SPLINE_CURVE((1.,0.5,1.,0.5,
1.,0.5,1.)) REPRESENTATION_ITEM('') );
#4607 = CARTESIAN_POINT('',(-43.19999996,8.94999988));
#4608 = CARTESIAN_POINT('',(-43.19999996,10.049852142806));
#4609 = CARTESIAN_POINT('',(-42.24749996,9.499926011403));
#4610 = CARTESIAN_POINT('',(-41.29499996,8.94999988));
#4611 = CARTESIAN_POINT('',(-42.24749996,8.400073748597));
#4612 = CARTESIAN_POINT('',(-43.19999996,7.850147617194));
#4613 = CARTESIAN_POINT('',(-43.19999996,8.94999988));
#4614 = ( GEOMETRIC_REPRESENTATION_CONTEXT(2) 
PARAMETRIC_REPRESENTATION_CONTEXT() REPRESENTATION_CONTEXT('2D SPACE',''
  ) );
#4615 = ORIENTED_EDGE('',*,*,#4560,.F.);
#4616 = ORIENTED_EDGE('',*,*,#4617,.F.);
#4617 = EDGE_CURVE('',#4561,#4561,#4618,.T.);
#4618 = SURFACE_CURVE('',#4619,(#4624,#4631),.PCURVE_S1.);
#4619 = CIRCLE('',#4620,0.635);
#4620 = AXIS2_PLACEMENT_3D('',#4621,#4622,#4623);
#4621 = CARTESIAN_POINT('',(42.56499996,8.82299988,0.E+000));
#4622 = DIRECTION('',(0.E+000,0.E+000,1.));
#4623 = DIRECTION('',(1.,0.E+000,0.E+000));
#4624 = PCURVE('',#4571,#4625);
#4625 = DEFINITIONAL_REPRESENTATION('',(#4626),#4630);
#4626 = LINE('',#4627,#4628);
#4627 = CARTESIAN_POINT('',(0.E+000,0.E+000));
#4628 = VECTOR('',#4629,1.);
#4629 = DIRECTION('',(-1.,0.E+000));
#4630 = ( GEOMETRIC_REPRESENTATION_CONTEXT(2) 
PARAMETRIC_REPRESENTATION_CONTEXT() REPRESENTATION_CONTEXT('2D SPACE',''
  ) );
#4631 = PCURVE('',#137,#4632);
#4632 = DEFINITIONAL_REPRESENTATION('',(#4633),#4641);
#4633 = ( BOUNDED_CURVE() B_SPLINE_CURVE(2,(#4634,#4635,#4636,#4637,
#4638,#4639,#4640),.UNSPECIFIED.,.T.,.F.) B_SPLINE_CURVE_WITH_KNOTS((1,2
    ,2,2,2,1),(-2.094395102393,0.E+000,2.094395102393,4.188790204786,
6.28318530718,8.377580409573),.UNSPECIFIED.) CURVE() 
GEOMETRIC_REPRESENTATION_ITEM() RATIONAL_B_SPLINE_CURVE((1.,0.5,1.,0.5,
1.,0.5,1.)) REPRESENTATION_ITEM('') );
#4634 = CARTESIAN_POINT('',(-43.19999996,8.94999988));
#4635 = CARTESIAN_POINT('',(-43.19999996,10.049852142806));
#4636 = CARTESIAN_POINT('',(-42.24749996,9.499926011403));
#4637 = CARTESIAN_POINT('',(-41.29499996,8.94999988));
#4638 = CARTESIAN_POINT('',(-42.24749996,8.400073748597));
#4639 = CARTESIAN_POINT('',(-43.19999996,7.850147617194));
#4640 = CARTESIAN_POINT('',(-43.19999996,8.94999988));
#4641 = ( GEOMETRIC_REPRESENTATION_CONTEXT(2) 
PARAMETRIC_REPRESENTATION_CONTEXT() REPRESENTATION_CONTEXT('2D SPACE',''
  ) );
#4642 = ADVANCED_FACE('',(#4643),#4657,.F.);
#4643 = FACE_BOUND('',#4644,.T.);
#4644 = EDGE_LOOP('',(#4645,#4675,#4701,#4702));
#4645 = ORIENTED_EDGE('',*,*,#4646,.T.);
#4646 = EDGE_CURVE('',#4647,#4649,#4651,.T.);
#4647 = VERTEX_POINT('',#4648);
#4648 = CARTESIAN_POINT('',(35.75400012,16.32300012,0.E+000));
#4649 = VERTEX_POINT('',#4650);
#4650 = CARTESIAN_POINT('',(35.75400012,16.32300012,1.13284));
#4651 = SEAM_CURVE('',#4652,(#4656,#4668),.PCURVE_S1.);
#4652 = LINE('',#4653,#4654);
#4653 = CARTESIAN_POINT('',(35.75400012,16.32300012,0.E+000));
#4654 = VECTOR('',#4655,1.);
#4655 = DIRECTION('',(0.E+000,0.E+000,1.));
#4656 = PCURVE('',#4657,#4662);
#4657 = CYLINDRICAL_SURFACE('',#4658,0.635);
#4658 = AXIS2_PLACEMENT_3D('',#4659,#4660,#4661);
#4659 = CARTESIAN_POINT('',(35.11900012,16.32300012,0.E+000));
#4660 = DIRECTION('',(0.E+000,0.E+000,-1.));
#4661 = DIRECTION('',(1.,0.E+000,0.E+000));
#4662 = DEFINITIONAL_REPRESENTATION('',(#4663),#4667);
#4663 = LINE('',#4664,#4665);
#4664 = CARTESIAN_POINT('',(0.E+000,0.E+000));
#4665 = VECTOR('',#4666,1.);
#4666 = DIRECTION('',(0.E+000,-1.));
#4667 = ( GEOMETRIC_REPRESENTATION_CONTEXT(2) 
PARAMETRIC_REPRESENTATION_CONTEXT() REPRESENTATION_CONTEXT('2D SPACE',''
  ) );
#4668 = PCURVE('',#4657,#4669);
#4669 = DEFINITIONAL_REPRESENTATION('',(#4670),#4674);
#4670 = LINE('',#4671,#4672);
#4671 = CARTESIAN_POINT('',(-6.28318530718,0.E+000));
#4672 = VECTOR('',#4673,1.);
#4673 = DIRECTION('',(0.E+000,-1.));
#4674 = ( GEOMETRIC_REPRESENTATION_CONTEXT(2) 
PARAMETRIC_REPRESENTATION_CONTEXT() REPRESENTATION_CONTEXT('2D SPACE',''
  ) );
#4675 = ORIENTED_EDGE('',*,*,#4676,.T.);
#4676 = EDGE_CURVE('',#4649,#4649,#4677,.T.);
#4677 = SURFACE_CURVE('',#4678,(#4683,#4690),.PCURVE_S1.);
#4678 = CIRCLE('',#4679,0.635);
#4679 = AXIS2_PLACEMENT_3D('',#4680,#4681,#4682);
#4680 = CARTESIAN_POINT('',(35.11900012,16.32300012,1.13284));
#4681 = DIRECTION('',(0.E+000,0.E+000,1.));
#4682 = DIRECTION('',(1.,0.E+000,0.E+000));
#4683 = PCURVE('',#4657,#4684);
#4684 = DEFINITIONAL_REPRESENTATION('',(#4685),#4689);
#4685 = LINE('',#4686,#4687);
#4686 = CARTESIAN_POINT('',(0.E+000,-1.13284));
#4687 = VECTOR('',#4688,1.);
#4688 = DIRECTION('',(-1.,0.E+000));
#4689 = ( GEOMETRIC_REPRESENTATION_CONTEXT(2) 
PARAMETRIC_REPRESENTATION_CONTEXT() REPRESENTATION_CONTEXT('2D SPACE',''
  ) );
#4690 = PCURVE('',#83,#4691);
#4691 = DEFINITIONAL_REPRESENTATION('',(#4692),#4700);
#4692 = ( BOUNDED_CURVE() B_SPLINE_CURVE(2,(#4693,#4694,#4695,#4696,
#4697,#4698,#4699),.UNSPECIFIED.,.T.,.F.) B_SPLINE_CURVE_WITH_KNOTS((1,2
    ,2,2,2,1),(-2.094395102393,0.E+000,2.094395102393,4.188790204786,
6.28318530718,8.377580409573),.UNSPECIFIED.) CURVE() 
GEOMETRIC_REPRESENTATION_ITEM() RATIONAL_B_SPLINE_CURVE((1.,0.5,1.,0.5,
1.,0.5,1.)) REPRESENTATION_ITEM('') );
#4693 = CARTESIAN_POINT('',(-35.75400012,16.45000012));
#4694 = CARTESIAN_POINT('',(-35.75400012,17.549852382806));
#4695 = CARTESIAN_POINT('',(-34.80150012,16.999926251403));
#4696 = CARTESIAN_POINT('',(-33.84900012,16.45000012));
#4697 = CARTESIAN_POINT('',(-34.80150012,15.900073988597));
#4698 = CARTESIAN_POINT('',(-35.75400012,15.350147857194));
#4699 = CARTESIAN_POINT('',(-35.75400012,16.45000012));
#4700 = ( GEOMETRIC_REPRESENTATION_CONTEXT(2) 
PARAMETRIC_REPRESENTATION_CONTEXT() REPRESENTATION_CONTEXT('2D SPACE',''
  ) );
#4701 = ORIENTED_EDGE('',*,*,#4646,.F.);
#4702 = ORIENTED_EDGE('',*,*,#4703,.F.);
#4703 = EDGE_CURVE('',#4647,#4647,#4704,.T.);
#4704 = SURFACE_CURVE('',#4705,(#4710,#4717),.PCURVE_S1.);
#4705 = CIRCLE('',#4706,0.635);
#4706 = AXIS2_PLACEMENT_3D('',#4707,#4708,#4709);
#4707 = CARTESIAN_POINT('',(35.11900012,16.32300012,0.E+000));
#4708 = DIRECTION('',(0.E+000,0.E+000,1.));
#4709 = DIRECTION('',(1.,0.E+000,0.E+000));
#4710 = PCURVE('',#4657,#4711);
#4711 = DEFINITIONAL_REPRESENTATION('',(#4712),#4716);
#4712 = LINE('',#4713,#4714);
#4713 = CARTESIAN_POINT('',(0.E+000,0.E+000));
#4714 = VECTOR('',#4715,1.);
#4715 = DIRECTION('',(-1.,0.E+000));
#4716 = ( GEOMETRIC_REPRESENTATION_CONTEXT(2) 
PARAMETRIC_REPRESENTATION_CONTEXT() REPRESENTATION_CONTEXT('2D SPACE',''
  ) );
#4717 = PCURVE('',#137,#4718);
#4718 = DEFINITIONAL_REPRESENTATION('',(#4719),#4727);
#4719 = ( BOUNDED_CURVE() B_SPLINE_CURVE(2,(#4720,#4721,#4722,#4723,
#4724,#4725,#4726),.UNSPECIFIED.,.T.,.F.) B_SPLINE_CURVE_WITH_KNOTS((1,2
    ,2,2,2,1),(-2.094395102393,0.E+000,2.094395102393,4.188790204786,
6.28318530718,8.377580409573),.UNSPECIFIED.) CURVE() 
GEOMETRIC_REPRESENTATION_ITEM() RATIONAL_B_SPLINE_CURVE((1.,0.5,1.,0.5,
1.,0.5,1.)) REPRESENTATION_ITEM('') );
#4720 = CARTESIAN_POINT('',(-35.75400012,16.45000012));
#4721 = CARTESIAN_POINT('',(-35.75400012,17.549852382806));
#4722 = CARTESIAN_POINT('',(-34.80150012,16.999926251403));
#4723 = CARTESIAN_POINT('',(-33.84900012,16.45000012));
#4724 = CARTESIAN_POINT('',(-34.80150012,15.900073988597));
#4725 = CARTESIAN_POINT('',(-35.75400012,15.350147857194));
#4726 = CARTESIAN_POINT('',(-35.75400012,16.45000012));
#4727 = ( GEOMETRIC_REPRESENTATION_CONTEXT(2) 
PARAMETRIC_REPRESENTATION_CONTEXT() REPRESENTATION_CONTEXT('2D SPACE',''
  ) );
#4728 = ADVANCED_FACE('',(#4729),#4743,.F.);
#4729 = FACE_BOUND('',#4730,.T.);
#4730 = EDGE_LOOP('',(#4731,#4761,#4787,#4788));
#4731 = ORIENTED_EDGE('',*,*,#4732,.T.);
#4732 = EDGE_CURVE('',#4733,#4735,#4737,.T.);
#4733 = VERTEX_POINT('',#4734);
#4734 = CARTESIAN_POINT('',(40.69999988,16.32300012,0.E+000));
#4735 = VERTEX_POINT('',#4736);
#4736 = CARTESIAN_POINT('',(40.69999988,16.32300012,1.13284));
#4737 = SEAM_CURVE('',#4738,(#4742,#4754),.PCURVE_S1.);
#4738 = LINE('',#4739,#4740);
#4739 = CARTESIAN_POINT('',(40.69999988,16.32300012,0.E+000));
#4740 = VECTOR('',#4741,1.);
#4741 = DIRECTION('',(0.E+000,0.E+000,1.));
#4742 = PCURVE('',#4743,#4748);
#4743 = CYLINDRICAL_SURFACE('',#4744,0.635);
#4744 = AXIS2_PLACEMENT_3D('',#4745,#4746,#4747);
#4745 = CARTESIAN_POINT('',(40.06499988,16.32300012,0.E+000));
#4746 = DIRECTION('',(0.E+000,0.E+000,-1.));
#4747 = DIRECTION('',(1.,0.E+000,0.E+000));
#4748 = DEFINITIONAL_REPRESENTATION('',(#4749),#4753);
#4749 = LINE('',#4750,#4751);
#4750 = CARTESIAN_POINT('',(0.E+000,0.E+000));
#4751 = VECTOR('',#4752,1.);
#4752 = DIRECTION('',(0.E+000,-1.));
#4753 = ( GEOMETRIC_REPRESENTATION_CONTEXT(2) 
PARAMETRIC_REPRESENTATION_CONTEXT() REPRESENTATION_CONTEXT('2D SPACE',''
  ) );
#4754 = PCURVE('',#4743,#4755);
#4755 = DEFINITIONAL_REPRESENTATION('',(#4756),#4760);
#4756 = LINE('',#4757,#4758);
#4757 = CARTESIAN_POINT('',(-6.28318530718,0.E+000));
#4758 = VECTOR('',#4759,1.);
#4759 = DIRECTION('',(0.E+000,-1.));
#4760 = ( GEOMETRIC_REPRESENTATION_CONTEXT(2) 
PARAMETRIC_REPRESENTATION_CONTEXT() REPRESENTATION_CONTEXT('2D SPACE',''
  ) );
#4761 = ORIENTED_EDGE('',*,*,#4762,.T.);
#4762 = EDGE_CURVE('',#4735,#4735,#4763,.T.);
#4763 = SURFACE_CURVE('',#4764,(#4769,#4776),.PCURVE_S1.);
#4764 = CIRCLE('',#4765,0.635);
#4765 = AXIS2_PLACEMENT_3D('',#4766,#4767,#4768);
#4766 = CARTESIAN_POINT('',(40.06499988,16.32300012,1.13284));
#4767 = DIRECTION('',(0.E+000,0.E+000,1.));
#4768 = DIRECTION('',(1.,0.E+000,0.E+000));
#4769 = PCURVE('',#4743,#4770);
#4770 = DEFINITIONAL_REPRESENTATION('',(#4771),#4775);
#4771 = LINE('',#4772,#4773);
#4772 = CARTESIAN_POINT('',(0.E+000,-1.13284));
#4773 = VECTOR('',#4774,1.);
#4774 = DIRECTION('',(-1.,0.E+000));
#4775 = ( GEOMETRIC_REPRESENTATION_CONTEXT(2) 
PARAMETRIC_REPRESENTATION_CONTEXT() REPRESENTATION_CONTEXT('2D SPACE',''
  ) );
#4776 = PCURVE('',#83,#4777);
#4777 = DEFINITIONAL_REPRESENTATION('',(#4778),#4786);
#4778 = ( BOUNDED_CURVE() B_SPLINE_CURVE(2,(#4779,#4780,#4781,#4782,
#4783,#4784,#4785),.UNSPECIFIED.,.T.,.F.) B_SPLINE_CURVE_WITH_KNOTS((1,2
    ,2,2,2,1),(-2.094395102393,0.E+000,2.094395102393,4.188790204786,
6.28318530718,8.377580409573),.UNSPECIFIED.) CURVE() 
GEOMETRIC_REPRESENTATION_ITEM() RATIONAL_B_SPLINE_CURVE((1.,0.5,1.,0.5,
1.,0.5,1.)) REPRESENTATION_ITEM('') );
#4779 = CARTESIAN_POINT('',(-40.69999988,16.45000012));
#4780 = CARTESIAN_POINT('',(-40.69999988,17.549852382806));
#4781 = CARTESIAN_POINT('',(-39.74749988,16.999926251403));
#4782 = CARTESIAN_POINT('',(-38.79499988,16.45000012));
#4783 = CARTESIAN_POINT('',(-39.74749988,15.900073988597));
#4784 = CARTESIAN_POINT('',(-40.69999988,15.350147857194));
#4785 = CARTESIAN_POINT('',(-40.69999988,16.45000012));
#4786 = ( GEOMETRIC_REPRESENTATION_CONTEXT(2) 
PARAMETRIC_REPRESENTATION_CONTEXT() REPRESENTATION_CONTEXT('2D SPACE',''
  ) );
#4787 = ORIENTED_EDGE('',*,*,#4732,.F.);
#4788 = ORIENTED_EDGE('',*,*,#4789,.F.);
#4789 = EDGE_CURVE('',#4733,#4733,#4790,.T.);
#4790 = SURFACE_CURVE('',#4791,(#4796,#4803),.PCURVE_S1.);
#4791 = CIRCLE('',#4792,0.635);
#4792 = AXIS2_PLACEMENT_3D('',#4793,#4794,#4795);
#4793 = CARTESIAN_POINT('',(40.06499988,16.32300012,0.E+000));
#4794 = DIRECTION('',(0.E+000,0.E+000,1.));
#4795 = DIRECTION('',(1.,0.E+000,0.E+000));
#4796 = PCURVE('',#4743,#4797);
#4797 = DEFINITIONAL_REPRESENTATION('',(#4798),#4802);
#4798 = LINE('',#4799,#4800);
#4799 = CARTESIAN_POINT('',(0.E+000,0.E+000));
#4800 = VECTOR('',#4801,1.);
#4801 = DIRECTION('',(-1.,0.E+000));
#4802 = ( GEOMETRIC_REPRESENTATION_CONTEXT(2) 
PARAMETRIC_REPRESENTATION_CONTEXT() REPRESENTATION_CONTEXT('2D SPACE',''
  ) );
#4803 = PCURVE('',#137,#4804);
#4804 = DEFINITIONAL_REPRESENTATION('',(#4805),#4813);
#4805 = ( BOUNDED_CURVE() B_SPLINE_CURVE(2,(#4806,#4807,#4808,#4809,
#4810,#4811,#4812),.UNSPECIFIED.,.T.,.F.) B_SPLINE_CURVE_WITH_KNOTS((1,2
    ,2,2,2,1),(-2.094395102393,0.E+000,2.094395102393,4.188790204786,
6.28318530718,8.377580409573),.UNSPECIFIED.) CURVE() 
GEOMETRIC_REPRESENTATION_ITEM() RATIONAL_B_SPLINE_CURVE((1.,0.5,1.,0.5,
1.,0.5,1.)) REPRESENTATION_ITEM('') );
#4806 = CARTESIAN_POINT('',(-40.69999988,16.45000012));
#4807 = CARTESIAN_POINT('',(-40.69999988,17.549852382806));
#4808 = CARTESIAN_POINT('',(-39.74749988,16.999926251403));
#4809 = CARTESIAN_POINT('',(-38.79499988,16.45000012));
#4810 = CARTESIAN_POINT('',(-39.74749988,15.900073988597));
#4811 = CARTESIAN_POINT('',(-40.69999988,15.350147857194));
#4812 = CARTESIAN_POINT('',(-40.69999988,16.45000012));
#4813 = ( GEOMETRIC_REPRESENTATION_CONTEXT(2) 
PARAMETRIC_REPRESENTATION_CONTEXT() REPRESENTATION_CONTEXT('2D SPACE',''
  ) );
#4814 = ADVANCED_FACE('',(#4815),#4829,.F.);
#4815 = FACE_BOUND('',#4816,.T.);
#4816 = EDGE_LOOP('',(#4817,#4847,#4873,#4874));
#4817 = ORIENTED_EDGE('',*,*,#4818,.T.);
#4818 = EDGE_CURVE('',#4819,#4821,#4823,.T.);
#4819 = VERTEX_POINT('',#4820);
#4820 = CARTESIAN_POINT('',(48.20000012,8.82299988,0.E+000));
#4821 = VERTEX_POINT('',#4822);
#4822 = CARTESIAN_POINT('',(48.20000012,8.82299988,1.13284));
#4823 = SEAM_CURVE('',#4824,(#4828,#4840),.PCURVE_S1.);
#4824 = LINE('',#4825,#4826);
#4825 = CARTESIAN_POINT('',(48.20000012,8.82299988,0.E+000));
#4826 = VECTOR('',#4827,1.);
#4827 = DIRECTION('',(0.E+000,0.E+000,1.));
#4828 = PCURVE('',#4829,#4834);
#4829 = CYLINDRICAL_SURFACE('',#4830,0.635);
#4830 = AXIS2_PLACEMENT_3D('',#4831,#4832,#4833);
#4831 = CARTESIAN_POINT('',(47.56500012,8.82299988,0.E+000));
#4832 = DIRECTION('',(0.E+000,0.E+000,-1.));
#4833 = DIRECTION('',(1.,0.E+000,0.E+000));
#4834 = DEFINITIONAL_REPRESENTATION('',(#4835),#4839);
#4835 = LINE('',#4836,#4837);
#4836 = CARTESIAN_POINT('',(0.E+000,0.E+000));
#4837 = VECTOR('',#4838,1.);
#4838 = DIRECTION('',(0.E+000,-1.));
#4839 = ( GEOMETRIC_REPRESENTATION_CONTEXT(2) 
PARAMETRIC_REPRESENTATION_CONTEXT() REPRESENTATION_CONTEXT('2D SPACE',''
  ) );
#4840 = PCURVE('',#4829,#4841);
#4841 = DEFINITIONAL_REPRESENTATION('',(#4842),#4846);
#4842 = LINE('',#4843,#4844);
#4843 = CARTESIAN_POINT('',(-6.28318530718,0.E+000));
#4844 = VECTOR('',#4845,1.);
#4845 = DIRECTION('',(0.E+000,-1.));
#4846 = ( GEOMETRIC_REPRESENTATION_CONTEXT(2) 
PARAMETRIC_REPRESENTATION_CONTEXT() REPRESENTATION_CONTEXT('2D SPACE',''
  ) );
#4847 = ORIENTED_EDGE('',*,*,#4848,.T.);
#4848 = EDGE_CURVE('',#4821,#4821,#4849,.T.);
#4849 = SURFACE_CURVE('',#4850,(#4855,#4862),.PCURVE_S1.);
#4850 = CIRCLE('',#4851,0.635);
#4851 = AXIS2_PLACEMENT_3D('',#4852,#4853,#4854);
#4852 = CARTESIAN_POINT('',(47.56500012,8.82299988,1.13284));
#4853 = DIRECTION('',(0.E+000,0.E+000,1.));
#4854 = DIRECTION('',(1.,0.E+000,0.E+000));
#4855 = PCURVE('',#4829,#4856);
#4856 = DEFINITIONAL_REPRESENTATION('',(#4857),#4861);
#4857 = LINE('',#4858,#4859);
#4858 = CARTESIAN_POINT('',(0.E+000,-1.13284));
#4859 = VECTOR('',#4860,1.);
#4860 = DIRECTION('',(-1.,0.E+000));
#4861 = ( GEOMETRIC_REPRESENTATION_CONTEXT(2) 
PARAMETRIC_REPRESENTATION_CONTEXT() REPRESENTATION_CONTEXT('2D SPACE',''
  ) );
#4862 = PCURVE('',#83,#4863);
#4863 = DEFINITIONAL_REPRESENTATION('',(#4864),#4872);
#4864 = ( BOUNDED_CURVE() B_SPLINE_CURVE(2,(#4865,#4866,#4867,#4868,
#4869,#4870,#4871),.UNSPECIFIED.,.T.,.F.) B_SPLINE_CURVE_WITH_KNOTS((1,2
    ,2,2,2,1),(-2.094395102393,0.E+000,2.094395102393,4.188790204786,
6.28318530718,8.377580409573),.UNSPECIFIED.) CURVE() 
GEOMETRIC_REPRESENTATION_ITEM() RATIONAL_B_SPLINE_CURVE((1.,0.5,1.,0.5,
1.,0.5,1.)) REPRESENTATION_ITEM('') );
#4865 = CARTESIAN_POINT('',(-48.20000012,8.94999988));
#4866 = CARTESIAN_POINT('',(-48.20000012,10.049852142806));
#4867 = CARTESIAN_POINT('',(-47.24750012,9.499926011403));
#4868 = CARTESIAN_POINT('',(-46.29500012,8.94999988));
#4869 = CARTESIAN_POINT('',(-47.24750012,8.400073748597));
#4870 = CARTESIAN_POINT('',(-48.20000012,7.850147617194));
#4871 = CARTESIAN_POINT('',(-48.20000012,8.94999988));
#4872 = ( GEOMETRIC_REPRESENTATION_CONTEXT(2) 
PARAMETRIC_REPRESENTATION_CONTEXT() REPRESENTATION_CONTEXT('2D SPACE',''
  ) );
#4873 = ORIENTED_EDGE('',*,*,#4818,.F.);
#4874 = ORIENTED_EDGE('',*,*,#4875,.F.);
#4875 = EDGE_CURVE('',#4819,#4819,#4876,.T.);
#4876 = SURFACE_CURVE('',#4877,(#4882,#4889),.PCURVE_S1.);
#4877 = CIRCLE('',#4878,0.635);
#4878 = AXIS2_PLACEMENT_3D('',#4879,#4880,#4881);
#4879 = CARTESIAN_POINT('',(47.56500012,8.82299988,0.E+000));
#4880 = DIRECTION('',(0.E+000,0.E+000,1.));
#4881 = DIRECTION('',(1.,0.E+000,0.E+000));
#4882 = PCURVE('',#4829,#4883);
#4883 = DEFINITIONAL_REPRESENTATION('',(#4884),#4888);
#4884 = LINE('',#4885,#4886);
#4885 = CARTESIAN_POINT('',(0.E+000,0.E+000));
#4886 = VECTOR('',#4887,1.);
#4887 = DIRECTION('',(-1.,0.E+000));
#4888 = ( GEOMETRIC_REPRESENTATION_CONTEXT(2) 
PARAMETRIC_REPRESENTATION_CONTEXT() REPRESENTATION_CONTEXT('2D SPACE',''
  ) );
#4889 = PCURVE('',#137,#4890);
#4890 = DEFINITIONAL_REPRESENTATION('',(#4891),#4899);
#4891 = ( BOUNDED_CURVE() B_SPLINE_CURVE(2,(#4892,#4893,#4894,#4895,
#4896,#4897,#4898),.UNSPECIFIED.,.T.,.F.) B_SPLINE_CURVE_WITH_KNOTS((1,2
    ,2,2,2,1),(-2.094395102393,0.E+000,2.094395102393,4.188790204786,
6.28318530718,8.377580409573),.UNSPECIFIED.) CURVE() 
GEOMETRIC_REPRESENTATION_ITEM() RATIONAL_B_SPLINE_CURVE((1.,0.5,1.,0.5,
1.,0.5,1.)) REPRESENTATION_ITEM('') );
#4892 = CARTESIAN_POINT('',(-48.20000012,8.94999988));
#4893 = CARTESIAN_POINT('',(-48.20000012,10.049852142806));
#4894 = CARTESIAN_POINT('',(-47.24750012,9.499926011403));
#4895 = CARTESIAN_POINT('',(-46.29500012,8.94999988));
#4896 = CARTESIAN_POINT('',(-47.24750012,8.400073748597));
#4897 = CARTESIAN_POINT('',(-48.20000012,7.850147617194));
#4898 = CARTESIAN_POINT('',(-48.20000012,8.94999988));
#4899 = ( GEOMETRIC_REPRESENTATION_CONTEXT(2) 
PARAMETRIC_REPRESENTATION_CONTEXT() REPRESENTATION_CONTEXT('2D SPACE',''
  ) );
#4900 = ADVANCED_FACE('',(#4901),#4915,.F.);
#4901 = FACE_BOUND('',#4902,.T.);
#4902 = EDGE_LOOP('',(#4903,#4933,#4959,#4960));
#4903 = ORIENTED_EDGE('',*,*,#4904,.T.);
#4904 = EDGE_CURVE('',#4905,#4907,#4909,.T.);
#4905 = VERTEX_POINT('',#4906);
#4906 = CARTESIAN_POINT('',(45.70000004,8.82299988,0.E+000));
#4907 = VERTEX_POINT('',#4908);
#4908 = CARTESIAN_POINT('',(45.70000004,8.82299988,1.13284));
#4909 = SEAM_CURVE('',#4910,(#4914,#4926),.PCURVE_S1.);
#4910 = LINE('',#4911,#4912);
#4911 = CARTESIAN_POINT('',(45.70000004,8.82299988,0.E+000));
#4912 = VECTOR('',#4913,1.);
#4913 = DIRECTION('',(0.E+000,0.E+000,1.));
#4914 = PCURVE('',#4915,#4920);
#4915 = CYLINDRICAL_SURFACE('',#4916,0.635);
#4916 = AXIS2_PLACEMENT_3D('',#4917,#4918,#4919);
#4917 = CARTESIAN_POINT('',(45.06500004,8.82299988,0.E+000));
#4918 = DIRECTION('',(0.E+000,0.E+000,-1.));
#4919 = DIRECTION('',(1.,0.E+000,0.E+000));
#4920 = DEFINITIONAL_REPRESENTATION('',(#4921),#4925);
#4921 = LINE('',#4922,#4923);
#4922 = CARTESIAN_POINT('',(0.E+000,0.E+000));
#4923 = VECTOR('',#4924,1.);
#4924 = DIRECTION('',(0.E+000,-1.));
#4925 = ( GEOMETRIC_REPRESENTATION_CONTEXT(2) 
PARAMETRIC_REPRESENTATION_CONTEXT() REPRESENTATION_CONTEXT('2D SPACE',''
  ) );
#4926 = PCURVE('',#4915,#4927);
#4927 = DEFINITIONAL_REPRESENTATION('',(#4928),#4932);
#4928 = LINE('',#4929,#4930);
#4929 = CARTESIAN_POINT('',(-6.28318530718,0.E+000));
#4930 = VECTOR('',#4931,1.);
#4931 = DIRECTION('',(0.E+000,-1.));
#4932 = ( GEOMETRIC_REPRESENTATION_CONTEXT(2) 
PARAMETRIC_REPRESENTATION_CONTEXT() REPRESENTATION_CONTEXT('2D SPACE',''
  ) );
#4933 = ORIENTED_EDGE('',*,*,#4934,.T.);
#4934 = EDGE_CURVE('',#4907,#4907,#4935,.T.);
#4935 = SURFACE_CURVE('',#4936,(#4941,#4948),.PCURVE_S1.);
#4936 = CIRCLE('',#4937,0.635);
#4937 = AXIS2_PLACEMENT_3D('',#4938,#4939,#4940);
#4938 = CARTESIAN_POINT('',(45.06500004,8.82299988,1.13284));
#4939 = DIRECTION('',(0.E+000,0.E+000,1.));
#4940 = DIRECTION('',(1.,0.E+000,0.E+000));
#4941 = PCURVE('',#4915,#4942);
#4942 = DEFINITIONAL_REPRESENTATION('',(#4943),#4947);
#4943 = LINE('',#4944,#4945);
#4944 = CARTESIAN_POINT('',(0.E+000,-1.13284));
#4945 = VECTOR('',#4946,1.);
#4946 = DIRECTION('',(-1.,0.E+000));
#4947 = ( GEOMETRIC_REPRESENTATION_CONTEXT(2) 
PARAMETRIC_REPRESENTATION_CONTEXT() REPRESENTATION_CONTEXT('2D SPACE',''
  ) );
#4948 = PCURVE('',#83,#4949);
#4949 = DEFINITIONAL_REPRESENTATION('',(#4950),#4958);
#4950 = ( BOUNDED_CURVE() B_SPLINE_CURVE(2,(#4951,#4952,#4953,#4954,
#4955,#4956,#4957),.UNSPECIFIED.,.T.,.F.) B_SPLINE_CURVE_WITH_KNOTS((1,2
    ,2,2,2,1),(-2.094395102393,0.E+000,2.094395102393,4.188790204786,
6.28318530718,8.377580409573),.UNSPECIFIED.) CURVE() 
GEOMETRIC_REPRESENTATION_ITEM() RATIONAL_B_SPLINE_CURVE((1.,0.5,1.,0.5,
1.,0.5,1.)) REPRESENTATION_ITEM('') );
#4951 = CARTESIAN_POINT('',(-45.70000004,8.94999988));
#4952 = CARTESIAN_POINT('',(-45.70000004,10.049852142806));
#4953 = CARTESIAN_POINT('',(-44.74750004,9.499926011403));
#4954 = CARTESIAN_POINT('',(-43.79500004,8.94999988));
#4955 = CARTESIAN_POINT('',(-44.74750004,8.400073748597));
#4956 = CARTESIAN_POINT('',(-45.70000004,7.850147617194));
#4957 = CARTESIAN_POINT('',(-45.70000004,8.94999988));
#4958 = ( GEOMETRIC_REPRESENTATION_CONTEXT(2) 
PARAMETRIC_REPRESENTATION_CONTEXT() REPRESENTATION_CONTEXT('2D SPACE',''
  ) );
#4959 = ORIENTED_EDGE('',*,*,#4904,.F.);
#4960 = ORIENTED_EDGE('',*,*,#4961,.F.);
#4961 = EDGE_CURVE('',#4905,#4905,#4962,.T.);
#4962 = SURFACE_CURVE('',#4963,(#4968,#4975),.PCURVE_S1.);
#4963 = CIRCLE('',#4964,0.635);
#4964 = AXIS2_PLACEMENT_3D('',#4965,#4966,#4967);
#4965 = CARTESIAN_POINT('',(45.06500004,8.82299988,0.E+000));
#4966 = DIRECTION('',(0.E+000,0.E+000,1.));
#4967 = DIRECTION('',(1.,0.E+000,0.E+000));
#4968 = PCURVE('',#4915,#4969);
#4969 = DEFINITIONAL_REPRESENTATION('',(#4970),#4974);
#4970 = LINE('',#4971,#4972);
#4971 = CARTESIAN_POINT('',(0.E+000,0.E+000));
#4972 = VECTOR('',#4973,1.);
#4973 = DIRECTION('',(-1.,0.E+000));
#4974 = ( GEOMETRIC_REPRESENTATION_CONTEXT(2) 
PARAMETRIC_REPRESENTATION_CONTEXT() REPRESENTATION_CONTEXT('2D SPACE',''
  ) );
#4975 = PCURVE('',#137,#4976);
#4976 = DEFINITIONAL_REPRESENTATION('',(#4977),#4985);
#4977 = ( BOUNDED_CURVE() B_SPLINE_CURVE(2,(#4978,#4979,#4980,#4981,
#4982,#4983,#4984),.UNSPECIFIED.,.T.,.F.) B_SPLINE_CURVE_WITH_KNOTS((1,2
    ,2,2,2,1),(-2.094395102393,0.E+000,2.094395102393,4.188790204786,
6.28318530718,8.377580409573),.UNSPECIFIED.) CURVE() 
GEOMETRIC_REPRESENTATION_ITEM() RATIONAL_B_SPLINE_CURVE((1.,0.5,1.,0.5,
1.,0.5,1.)) REPRESENTATION_ITEM('') );
#4978 = CARTESIAN_POINT('',(-45.70000004,8.94999988));
#4979 = CARTESIAN_POINT('',(-45.70000004,10.049852142806));
#4980 = CARTESIAN_POINT('',(-44.74750004,9.499926011403));
#4981 = CARTESIAN_POINT('',(-43.79500004,8.94999988));
#4982 = CARTESIAN_POINT('',(-44.74750004,8.400073748597));
#4983 = CARTESIAN_POINT('',(-45.70000004,7.850147617194));
#4984 = CARTESIAN_POINT('',(-45.70000004,8.94999988));
#4985 = ( GEOMETRIC_REPRESENTATION_CONTEXT(2) 
PARAMETRIC_REPRESENTATION_CONTEXT() REPRESENTATION_CONTEXT('2D SPACE',''
  ) );
#4986 = ADVANCED_FACE('',(#4987),#5001,.F.);
#4987 = FACE_BOUND('',#4988,.T.);
#4988 = EDGE_LOOP('',(#4989,#5019,#5045,#5046));
#4989 = ORIENTED_EDGE('',*,*,#4990,.T.);
#4990 = EDGE_CURVE('',#4991,#4993,#4995,.T.);
#4991 = VERTEX_POINT('',#4992);
#4992 = CARTESIAN_POINT('',(74.95999994,7.71500108,0.E+000));
#4993 = VERTEX_POINT('',#4994);
#4994 = CARTESIAN_POINT('',(74.95999994,7.71500108,1.13284));
#4995 = SEAM_CURVE('',#4996,(#5000,#5012),.PCURVE_S1.);
#4996 = LINE('',#4997,#4998);
#4997 = CARTESIAN_POINT('',(74.95999994,7.71500108,0.E+000));
#4998 = VECTOR('',#4999,1.);
#4999 = DIRECTION('',(0.E+000,0.E+000,1.));
#5000 = PCURVE('',#5001,#5006);
#5001 = CYLINDRICAL_SURFACE('',#5002,0.381);
#5002 = AXIS2_PLACEMENT_3D('',#5003,#5004,#5005);
#5003 = CARTESIAN_POINT('',(74.57899994,7.71500108,0.E+000));
#5004 = DIRECTION('',(0.E+000,0.E+000,-1.));
#5005 = DIRECTION('',(1.,0.E+000,0.E+000));
#5006 = DEFINITIONAL_REPRESENTATION('',(#5007),#5011);
#5007 = LINE('',#5008,#5009);
#5008 = CARTESIAN_POINT('',(0.E+000,0.E+000));
#5009 = VECTOR('',#5010,1.);
#5010 = DIRECTION('',(0.E+000,-1.));
#5011 = ( GEOMETRIC_REPRESENTATION_CONTEXT(2) 
PARAMETRIC_REPRESENTATION_CONTEXT() REPRESENTATION_CONTEXT('2D SPACE',''
  ) );
#5012 = PCURVE('',#5001,#5013);
#5013 = DEFINITIONAL_REPRESENTATION('',(#5014),#5018);
#5014 = LINE('',#5015,#5016);
#5015 = CARTESIAN_POINT('',(-6.28318530718,0.E+000));
#5016 = VECTOR('',#5017,1.);
#5017 = DIRECTION('',(0.E+000,-1.));
#5018 = ( GEOMETRIC_REPRESENTATION_CONTEXT(2) 
PARAMETRIC_REPRESENTATION_CONTEXT() REPRESENTATION_CONTEXT('2D SPACE',''
  ) );
#5019 = ORIENTED_EDGE('',*,*,#5020,.T.);
#5020 = EDGE_CURVE('',#4993,#4993,#5021,.T.);
#5021 = SURFACE_CURVE('',#5022,(#5027,#5034),.PCURVE_S1.);
#5022 = CIRCLE('',#5023,0.381);
#5023 = AXIS2_PLACEMENT_3D('',#5024,#5025,#5026);
#5024 = CARTESIAN_POINT('',(74.57899994,7.71500108,1.13284));
#5025 = DIRECTION('',(0.E+000,0.E+000,1.));
#5026 = DIRECTION('',(1.,0.E+000,0.E+000));
#5027 = PCURVE('',#5001,#5028);
#5028 = DEFINITIONAL_REPRESENTATION('',(#5029),#5033);
#5029 = LINE('',#5030,#5031);
#5030 = CARTESIAN_POINT('',(0.E+000,-1.13284));
#5031 = VECTOR('',#5032,1.);
#5032 = DIRECTION('',(-1.,0.E+000));
#5033 = ( GEOMETRIC_REPRESENTATION_CONTEXT(2) 
PARAMETRIC_REPRESENTATION_CONTEXT() REPRESENTATION_CONTEXT('2D SPACE',''
  ) );
#5034 = PCURVE('',#83,#5035);
#5035 = DEFINITIONAL_REPRESENTATION('',(#5036),#5044);
#5036 = ( BOUNDED_CURVE() B_SPLINE_CURVE(2,(#5037,#5038,#5039,#5040,
#5041,#5042,#5043),.UNSPECIFIED.,.T.,.F.) B_SPLINE_CURVE_WITH_KNOTS((1,2
    ,2,2,2,1),(-2.094395102393,0.E+000,2.094395102393,4.188790204786,
6.28318530718,8.377580409573),.UNSPECIFIED.) CURVE() 
GEOMETRIC_REPRESENTATION_ITEM() RATIONAL_B_SPLINE_CURVE((1.,0.5,1.,0.5,
1.,0.5,1.)) REPRESENTATION_ITEM('') );
#5037 = CARTESIAN_POINT('',(-74.95999994,7.84200108));
#5038 = CARTESIAN_POINT('',(-74.95999994,8.501912437684));
#5039 = CARTESIAN_POINT('',(-74.38849994,8.171956758842));
#5040 = CARTESIAN_POINT('',(-73.81699994,7.84200108));
#5041 = CARTESIAN_POINT('',(-74.38849994,7.512045401158));
#5042 = CARTESIAN_POINT('',(-74.95999994,7.182089722316));
#5043 = CARTESIAN_POINT('',(-74.95999994,7.84200108));
#5044 = ( GEOMETRIC_REPRESENTATION_CONTEXT(2) 
PARAMETRIC_REPRESENTATION_CONTEXT() REPRESENTATION_CONTEXT('2D SPACE',''
  ) );
#5045 = ORIENTED_EDGE('',*,*,#4990,.F.);
#5046 = ORIENTED_EDGE('',*,*,#5047,.F.);
#5047 = EDGE_CURVE('',#4991,#4991,#5048,.T.);
#5048 = SURFACE_CURVE('',#5049,(#5054,#5061),.PCURVE_S1.);
#5049 = CIRCLE('',#5050,0.381);
#5050 = AXIS2_PLACEMENT_3D('',#5051,#5052,#5053);
#5051 = CARTESIAN_POINT('',(74.57899994,7.71500108,0.E+000));
#5052 = DIRECTION('',(0.E+000,0.E+000,1.));
#5053 = DIRECTION('',(1.,0.E+000,0.E+000));
#5054 = PCURVE('',#5001,#5055);
#5055 = DEFINITIONAL_REPRESENTATION('',(#5056),#5060);
#5056 = LINE('',#5057,#5058);
#5057 = CARTESIAN_POINT('',(0.E+000,0.E+000));
#5058 = VECTOR('',#5059,1.);
#5059 = DIRECTION('',(-1.,0.E+000));
#5060 = ( GEOMETRIC_REPRESENTATION_CONTEXT(2) 
PARAMETRIC_REPRESENTATION_CONTEXT() REPRESENTATION_CONTEXT('2D SPACE',''
  ) );
#5061 = PCURVE('',#137,#5062);
#5062 = DEFINITIONAL_REPRESENTATION('',(#5063),#5071);
#5063 = ( BOUNDED_CURVE() B_SPLINE_CURVE(2,(#5064,#5065,#5066,#5067,
#5068,#5069,#5070),.UNSPECIFIED.,.T.,.F.) B_SPLINE_CURVE_WITH_KNOTS((1,2
    ,2,2,2,1),(-2.094395102393,0.E+000,2.094395102393,4.188790204786,
6.28318530718,8.377580409573),.UNSPECIFIED.) CURVE() 
GEOMETRIC_REPRESENTATION_ITEM() RATIONAL_B_SPLINE_CURVE((1.,0.5,1.,0.5,
1.,0.5,1.)) REPRESENTATION_ITEM('') );
#5064 = CARTESIAN_POINT('',(-74.95999994,7.84200108));
#5065 = CARTESIAN_POINT('',(-74.95999994,8.501912437684));
#5066 = CARTESIAN_POINT('',(-74.38849994,8.171956758842));
#5067 = CARTESIAN_POINT('',(-73.81699994,7.84200108));
#5068 = CARTESIAN_POINT('',(-74.38849994,7.512045401158));
#5069 = CARTESIAN_POINT('',(-74.95999994,7.182089722316));
#5070 = CARTESIAN_POINT('',(-74.95999994,7.84200108));
#5071 = ( GEOMETRIC_REPRESENTATION_CONTEXT(2) 
PARAMETRIC_REPRESENTATION_CONTEXT() REPRESENTATION_CONTEXT('2D SPACE',''
  ) );
#5072 = ADVANCED_FACE('',(#5073),#5087,.F.);
#5073 = FACE_BOUND('',#5074,.T.);
#5074 = EDGE_LOOP('',(#5075,#5105,#5131,#5132));
#5075 = ORIENTED_EDGE('',*,*,#5076,.T.);
#5076 = EDGE_CURVE('',#5077,#5079,#5081,.T.);
#5077 = VERTEX_POINT('',#5078);
#5078 = CARTESIAN_POINT('',(48.20000012,16.32300012,0.E+000));
#5079 = VERTEX_POINT('',#5080);
#5080 = CARTESIAN_POINT('',(48.20000012,16.32300012,1.13284));
#5081 = SEAM_CURVE('',#5082,(#5086,#5098),.PCURVE_S1.);
#5082 = LINE('',#5083,#5084);
#5083 = CARTESIAN_POINT('',(48.20000012,16.32300012,0.E+000));
#5084 = VECTOR('',#5085,1.);
#5085 = DIRECTION('',(0.E+000,0.E+000,1.));
#5086 = PCURVE('',#5087,#5092);
#5087 = CYLINDRICAL_SURFACE('',#5088,0.635);
#5088 = AXIS2_PLACEMENT_3D('',#5089,#5090,#5091);
#5089 = CARTESIAN_POINT('',(47.56500012,16.32300012,0.E+000));
#5090 = DIRECTION('',(0.E+000,0.E+000,-1.));
#5091 = DIRECTION('',(1.,0.E+000,0.E+000));
#5092 = DEFINITIONAL_REPRESENTATION('',(#5093),#5097);
#5093 = LINE('',#5094,#5095);
#5094 = CARTESIAN_POINT('',(0.E+000,0.E+000));
#5095 = VECTOR('',#5096,1.);
#5096 = DIRECTION('',(0.E+000,-1.));
#5097 = ( GEOMETRIC_REPRESENTATION_CONTEXT(2) 
PARAMETRIC_REPRESENTATION_CONTEXT() REPRESENTATION_CONTEXT('2D SPACE',''
  ) );
#5098 = PCURVE('',#5087,#5099);
#5099 = DEFINITIONAL_REPRESENTATION('',(#5100),#5104);
#5100 = LINE('',#5101,#5102);
#5101 = CARTESIAN_POINT('',(-6.28318530718,0.E+000));
#5102 = VECTOR('',#5103,1.);
#5103 = DIRECTION('',(0.E+000,-1.));
#5104 = ( GEOMETRIC_REPRESENTATION_CONTEXT(2) 
PARAMETRIC_REPRESENTATION_CONTEXT() REPRESENTATION_CONTEXT('2D SPACE',''
  ) );
#5105 = ORIENTED_EDGE('',*,*,#5106,.T.);
#5106 = EDGE_CURVE('',#5079,#5079,#5107,.T.);
#5107 = SURFACE_CURVE('',#5108,(#5113,#5120),.PCURVE_S1.);
#5108 = CIRCLE('',#5109,0.635);
#5109 = AXIS2_PLACEMENT_3D('',#5110,#5111,#5112);
#5110 = CARTESIAN_POINT('',(47.56500012,16.32300012,1.13284));
#5111 = DIRECTION('',(0.E+000,0.E+000,1.));
#5112 = DIRECTION('',(1.,0.E+000,0.E+000));
#5113 = PCURVE('',#5087,#5114);
#5114 = DEFINITIONAL_REPRESENTATION('',(#5115),#5119);
#5115 = LINE('',#5116,#5117);
#5116 = CARTESIAN_POINT('',(0.E+000,-1.13284));
#5117 = VECTOR('',#5118,1.);
#5118 = DIRECTION('',(-1.,0.E+000));
#5119 = ( GEOMETRIC_REPRESENTATION_CONTEXT(2) 
PARAMETRIC_REPRESENTATION_CONTEXT() REPRESENTATION_CONTEXT('2D SPACE',''
  ) );
#5120 = PCURVE('',#83,#5121);
#5121 = DEFINITIONAL_REPRESENTATION('',(#5122),#5130);
#5122 = ( BOUNDED_CURVE() B_SPLINE_CURVE(2,(#5123,#5124,#5125,#5126,
#5127,#5128,#5129),.UNSPECIFIED.,.T.,.F.) B_SPLINE_CURVE_WITH_KNOTS((1,2
    ,2,2,2,1),(-2.094395102393,0.E+000,2.094395102393,4.188790204786,
6.28318530718,8.377580409573),.UNSPECIFIED.) CURVE() 
GEOMETRIC_REPRESENTATION_ITEM() RATIONAL_B_SPLINE_CURVE((1.,0.5,1.,0.5,
1.,0.5,1.)) REPRESENTATION_ITEM('') );
#5123 = CARTESIAN_POINT('',(-48.20000012,16.45000012));
#5124 = CARTESIAN_POINT('',(-48.20000012,17.549852382806));
#5125 = CARTESIAN_POINT('',(-47.24750012,16.999926251403));
#5126 = CARTESIAN_POINT('',(-46.29500012,16.45000012));
#5127 = CARTESIAN_POINT('',(-47.24750012,15.900073988597));
#5128 = CARTESIAN_POINT('',(-48.20000012,15.350147857194));
#5129 = CARTESIAN_POINT('',(-48.20000012,16.45000012));
#5130 = ( GEOMETRIC_REPRESENTATION_CONTEXT(2) 
PARAMETRIC_REPRESENTATION_CONTEXT() REPRESENTATION_CONTEXT('2D SPACE',''
  ) );
#5131 = ORIENTED_EDGE('',*,*,#5076,.F.);
#5132 = ORIENTED_EDGE('',*,*,#5133,.F.);
#5133 = EDGE_CURVE('',#5077,#5077,#5134,.T.);
#5134 = SURFACE_CURVE('',#5135,(#5140,#5147),.PCURVE_S1.);
#5135 = CIRCLE('',#5136,0.635);
#5136 = AXIS2_PLACEMENT_3D('',#5137,#5138,#5139);
#5137 = CARTESIAN_POINT('',(47.56500012,16.32300012,0.E+000));
#5138 = DIRECTION('',(0.E+000,0.E+000,1.));
#5139 = DIRECTION('',(1.,0.E+000,0.E+000));
#5140 = PCURVE('',#5087,#5141);
#5141 = DEFINITIONAL_REPRESENTATION('',(#5142),#5146);
#5142 = LINE('',#5143,#5144);
#5143 = CARTESIAN_POINT('',(0.E+000,0.E+000));
#5144 = VECTOR('',#5145,1.);
#5145 = DIRECTION('',(-1.,0.E+000));
#5146 = ( GEOMETRIC_REPRESENTATION_CONTEXT(2) 
PARAMETRIC_REPRESENTATION_CONTEXT() REPRESENTATION_CONTEXT('2D SPACE',''
  ) );
#5147 = PCURVE('',#137,#5148);
#5148 = DEFINITIONAL_REPRESENTATION('',(#5149),#5157);
#5149 = ( BOUNDED_CURVE() B_SPLINE_CURVE(2,(#5150,#5151,#5152,#5153,
#5154,#5155,#5156),.UNSPECIFIED.,.T.,.F.) B_SPLINE_CURVE_WITH_KNOTS((1,2
    ,2,2,2,1),(-2.094395102393,0.E+000,2.094395102393,4.188790204786,
6.28318530718,8.377580409573),.UNSPECIFIED.) CURVE() 
GEOMETRIC_REPRESENTATION_ITEM() RATIONAL_B_SPLINE_CURVE((1.,0.5,1.,0.5,
1.,0.5,1.)) REPRESENTATION_ITEM('') );
#5150 = CARTESIAN_POINT('',(-48.20000012,16.45000012));
#5151 = CARTESIAN_POINT('',(-48.20000012,17.549852382806));
#5152 = CARTESIAN_POINT('',(-47.24750012,16.999926251403));
#5153 = CARTESIAN_POINT('',(-46.29500012,16.45000012));
#5154 = CARTESIAN_POINT('',(-47.24750012,15.900073988597));
#5155 = CARTESIAN_POINT('',(-48.20000012,15.350147857194));
#5156 = CARTESIAN_POINT('',(-48.20000012,16.45000012));
#5157 = ( GEOMETRIC_REPRESENTATION_CONTEXT(2) 
PARAMETRIC_REPRESENTATION_CONTEXT() REPRESENTATION_CONTEXT('2D SPACE',''
  ) );
#5158 = ADVANCED_FACE('',(#5159),#5173,.F.);
#5159 = FACE_BOUND('',#5160,.T.);
#5160 = EDGE_LOOP('',(#5161,#5191,#5217,#5218));
#5161 = ORIENTED_EDGE('',*,*,#5162,.T.);
#5162 = EDGE_CURVE('',#5163,#5165,#5167,.T.);
#5163 = VERTEX_POINT('',#5164);
#5164 = CARTESIAN_POINT('',(72.36000006,7.71500108,0.E+000));
#5165 = VERTEX_POINT('',#5166);
#5166 = CARTESIAN_POINT('',(72.36000006,7.71500108,1.13284));
#5167 = SEAM_CURVE('',#5168,(#5172,#5184),.PCURVE_S1.);
#5168 = LINE('',#5169,#5170);
#5169 = CARTESIAN_POINT('',(72.36000006,7.71500108,0.E+000));
#5170 = VECTOR('',#5171,1.);
#5171 = DIRECTION('',(0.E+000,0.E+000,1.));
#5172 = PCURVE('',#5173,#5178);
#5173 = CYLINDRICAL_SURFACE('',#5174,0.381);
#5174 = AXIS2_PLACEMENT_3D('',#5175,#5176,#5177);
#5175 = CARTESIAN_POINT('',(71.97900006,7.71500108,0.E+000));
#5176 = DIRECTION('',(0.E+000,0.E+000,-1.));
#5177 = DIRECTION('',(1.,0.E+000,0.E+000));
#5178 = DEFINITIONAL_REPRESENTATION('',(#5179),#5183);
#5179 = LINE('',#5180,#5181);
#5180 = CARTESIAN_POINT('',(0.E+000,0.E+000));
#5181 = VECTOR('',#5182,1.);
#5182 = DIRECTION('',(0.E+000,-1.));
#5183 = ( GEOMETRIC_REPRESENTATION_CONTEXT(2) 
PARAMETRIC_REPRESENTATION_CONTEXT() REPRESENTATION_CONTEXT('2D SPACE',''
  ) );
#5184 = PCURVE('',#5173,#5185);
#5185 = DEFINITIONAL_REPRESENTATION('',(#5186),#5190);
#5186 = LINE('',#5187,#5188);
#5187 = CARTESIAN_POINT('',(-6.28318530718,0.E+000));
#5188 = VECTOR('',#5189,1.);
#5189 = DIRECTION('',(0.E+000,-1.));
#5190 = ( GEOMETRIC_REPRESENTATION_CONTEXT(2) 
PARAMETRIC_REPRESENTATION_CONTEXT() REPRESENTATION_CONTEXT('2D SPACE',''
  ) );
#5191 = ORIENTED_EDGE('',*,*,#5192,.T.);
#5192 = EDGE_CURVE('',#5165,#5165,#5193,.T.);
#5193 = SURFACE_CURVE('',#5194,(#5199,#5206),.PCURVE_S1.);
#5194 = CIRCLE('',#5195,0.381);
#5195 = AXIS2_PLACEMENT_3D('',#5196,#5197,#5198);
#5196 = CARTESIAN_POINT('',(71.97900006,7.71500108,1.13284));
#5197 = DIRECTION('',(0.E+000,0.E+000,1.));
#5198 = DIRECTION('',(1.,0.E+000,0.E+000));
#5199 = PCURVE('',#5173,#5200);
#5200 = DEFINITIONAL_REPRESENTATION('',(#5201),#5205);
#5201 = LINE('',#5202,#5203);
#5202 = CARTESIAN_POINT('',(0.E+000,-1.13284));
#5203 = VECTOR('',#5204,1.);
#5204 = DIRECTION('',(-1.,0.E+000));
#5205 = ( GEOMETRIC_REPRESENTATION_CONTEXT(2) 
PARAMETRIC_REPRESENTATION_CONTEXT() REPRESENTATION_CONTEXT('2D SPACE',''
  ) );
#5206 = PCURVE('',#83,#5207);
#5207 = DEFINITIONAL_REPRESENTATION('',(#5208),#5216);
#5208 = ( BOUNDED_CURVE() B_SPLINE_CURVE(2,(#5209,#5210,#5211,#5212,
#5213,#5214,#5215),.UNSPECIFIED.,.T.,.F.) B_SPLINE_CURVE_WITH_KNOTS((1,2
    ,2,2,2,1),(-2.094395102393,0.E+000,2.094395102393,4.188790204786,
6.28318530718,8.377580409573),.UNSPECIFIED.) CURVE() 
GEOMETRIC_REPRESENTATION_ITEM() RATIONAL_B_SPLINE_CURVE((1.,0.5,1.,0.5,
1.,0.5,1.)) REPRESENTATION_ITEM('') );
#5209 = CARTESIAN_POINT('',(-72.36000006,7.84200108));
#5210 = CARTESIAN_POINT('',(-72.36000006,8.501912437684));
#5211 = CARTESIAN_POINT('',(-71.78850006,8.171956758842));
#5212 = CARTESIAN_POINT('',(-71.21700006,7.84200108));
#5213 = CARTESIAN_POINT('',(-71.78850006,7.512045401158));
#5214 = CARTESIAN_POINT('',(-72.36000006,7.182089722316));
#5215 = CARTESIAN_POINT('',(-72.36000006,7.84200108));
#5216 = ( GEOMETRIC_REPRESENTATION_CONTEXT(2) 
PARAMETRIC_REPRESENTATION_CONTEXT() REPRESENTATION_CONTEXT('2D SPACE',''
  ) );
#5217 = ORIENTED_EDGE('',*,*,#5162,.F.);
#5218 = ORIENTED_EDGE('',*,*,#5219,.F.);
#5219 = EDGE_CURVE('',#5163,#5163,#5220,.T.);
#5220 = SURFACE_CURVE('',#5221,(#5226,#5233),.PCURVE_S1.);
#5221 = CIRCLE('',#5222,0.381);
#5222 = AXIS2_PLACEMENT_3D('',#5223,#5224,#5225);
#5223 = CARTESIAN_POINT('',(71.97900006,7.71500108,0.E+000));
#5224 = DIRECTION('',(0.E+000,0.E+000,1.));
#5225 = DIRECTION('',(1.,0.E+000,0.E+000));
#5226 = PCURVE('',#5173,#5227);
#5227 = DEFINITIONAL_REPRESENTATION('',(#5228),#5232);
#5228 = LINE('',#5229,#5230);
#5229 = CARTESIAN_POINT('',(0.E+000,0.E+000));
#5230 = VECTOR('',#5231,1.);
#5231 = DIRECTION('',(-1.,0.E+000));
#5232 = ( GEOMETRIC_REPRESENTATION_CONTEXT(2) 
PARAMETRIC_REPRESENTATION_CONTEXT() REPRESENTATION_CONTEXT('2D SPACE',''
  ) );
#5233 = PCURVE('',#137,#5234);
#5234 = DEFINITIONAL_REPRESENTATION('',(#5235),#5243);
#5235 = ( BOUNDED_CURVE() B_SPLINE_CURVE(2,(#5236,#5237,#5238,#5239,
#5240,#5241,#5242),.UNSPECIFIED.,.T.,.F.) B_SPLINE_CURVE_WITH_KNOTS((1,2
    ,2,2,2,1),(-2.094395102393,0.E+000,2.094395102393,4.188790204786,
6.28318530718,8.377580409573),.UNSPECIFIED.) CURVE() 
GEOMETRIC_REPRESENTATION_ITEM() RATIONAL_B_SPLINE_CURVE((1.,0.5,1.,0.5,
1.,0.5,1.)) REPRESENTATION_ITEM('') );
#5236 = CARTESIAN_POINT('',(-72.36000006,7.84200108));
#5237 = CARTESIAN_POINT('',(-72.36000006,8.501912437684));
#5238 = CARTESIAN_POINT('',(-71.78850006,8.171956758842));
#5239 = CARTESIAN_POINT('',(-71.21700006,7.84200108));
#5240 = CARTESIAN_POINT('',(-71.78850006,7.512045401158));
#5241 = CARTESIAN_POINT('',(-72.36000006,7.182089722316));
#5242 = CARTESIAN_POINT('',(-72.36000006,7.84200108));
#5243 = ( GEOMETRIC_REPRESENTATION_CONTEXT(2) 
PARAMETRIC_REPRESENTATION_CONTEXT() REPRESENTATION_CONTEXT('2D SPACE',''
  ) );
#5244 = ADVANCED_FACE('',(#5245),#5259,.F.);
#5245 = FACE_BOUND('',#5246,.T.);
#5246 = EDGE_LOOP('',(#5247,#5277,#5303,#5304));
#5247 = ORIENTED_EDGE('',*,*,#5248,.T.);
#5248 = EDGE_CURVE('',#5249,#5251,#5253,.T.);
#5249 = VERTEX_POINT('',#5250);
#5250 = CARTESIAN_POINT('',(43.19999996,16.32300012,0.E+000));
#5251 = VERTEX_POINT('',#5252);
#5252 = CARTESIAN_POINT('',(43.19999996,16.32300012,1.13284));
#5253 = SEAM_CURVE('',#5254,(#5258,#5270),.PCURVE_S1.);
#5254 = LINE('',#5255,#5256);
#5255 = CARTESIAN_POINT('',(43.19999996,16.32300012,0.E+000));
#5256 = VECTOR('',#5257,1.);
#5257 = DIRECTION('',(0.E+000,0.E+000,1.));
#5258 = PCURVE('',#5259,#5264);
#5259 = CYLINDRICAL_SURFACE('',#5260,0.635);
#5260 = AXIS2_PLACEMENT_3D('',#5261,#5262,#5263);
#5261 = CARTESIAN_POINT('',(42.56499996,16.32300012,0.E+000));
#5262 = DIRECTION('',(0.E+000,0.E+000,-1.));
#5263 = DIRECTION('',(1.,0.E+000,0.E+000));
#5264 = DEFINITIONAL_REPRESENTATION('',(#5265),#5269);
#5265 = LINE('',#5266,#5267);
#5266 = CARTESIAN_POINT('',(0.E+000,0.E+000));
#5267 = VECTOR('',#5268,1.);
#5268 = DIRECTION('',(0.E+000,-1.));
#5269 = ( GEOMETRIC_REPRESENTATION_CONTEXT(2) 
PARAMETRIC_REPRESENTATION_CONTEXT() REPRESENTATION_CONTEXT('2D SPACE',''
  ) );
#5270 = PCURVE('',#5259,#5271);
#5271 = DEFINITIONAL_REPRESENTATION('',(#5272),#5276);
#5272 = LINE('',#5273,#5274);
#5273 = CARTESIAN_POINT('',(-6.28318530718,0.E+000));
#5274 = VECTOR('',#5275,1.);
#5275 = DIRECTION('',(0.E+000,-1.));
#5276 = ( GEOMETRIC_REPRESENTATION_CONTEXT(2) 
PARAMETRIC_REPRESENTATION_CONTEXT() REPRESENTATION_CONTEXT('2D SPACE',''
  ) );
#5277 = ORIENTED_EDGE('',*,*,#5278,.T.);
#5278 = EDGE_CURVE('',#5251,#5251,#5279,.T.);
#5279 = SURFACE_CURVE('',#5280,(#5285,#5292),.PCURVE_S1.);
#5280 = CIRCLE('',#5281,0.635);
#5281 = AXIS2_PLACEMENT_3D('',#5282,#5283,#5284);
#5282 = CARTESIAN_POINT('',(42.56499996,16.32300012,1.13284));
#5283 = DIRECTION('',(0.E+000,0.E+000,1.));
#5284 = DIRECTION('',(1.,0.E+000,0.E+000));
#5285 = PCURVE('',#5259,#5286);
#5286 = DEFINITIONAL_REPRESENTATION('',(#5287),#5291);
#5287 = LINE('',#5288,#5289);
#5288 = CARTESIAN_POINT('',(0.E+000,-1.13284));
#5289 = VECTOR('',#5290,1.);
#5290 = DIRECTION('',(-1.,0.E+000));
#5291 = ( GEOMETRIC_REPRESENTATION_CONTEXT(2) 
PARAMETRIC_REPRESENTATION_CONTEXT() REPRESENTATION_CONTEXT('2D SPACE',''
  ) );
#5292 = PCURVE('',#83,#5293);
#5293 = DEFINITIONAL_REPRESENTATION('',(#5294),#5302);
#5294 = ( BOUNDED_CURVE() B_SPLINE_CURVE(2,(#5295,#5296,#5297,#5298,
#5299,#5300,#5301),.UNSPECIFIED.,.T.,.F.) B_SPLINE_CURVE_WITH_KNOTS((1,2
    ,2,2,2,1),(-2.094395102393,0.E+000,2.094395102393,4.188790204786,
6.28318530718,8.377580409573),.UNSPECIFIED.) CURVE() 
GEOMETRIC_REPRESENTATION_ITEM() RATIONAL_B_SPLINE_CURVE((1.,0.5,1.,0.5,
1.,0.5,1.)) REPRESENTATION_ITEM('') );
#5295 = CARTESIAN_POINT('',(-43.19999996,16.45000012));
#5296 = CARTESIAN_POINT('',(-43.19999996,17.549852382806));
#5297 = CARTESIAN_POINT('',(-42.24749996,16.999926251403));
#5298 = CARTESIAN_POINT('',(-41.29499996,16.45000012));
#5299 = CARTESIAN_POINT('',(-42.24749996,15.900073988597));
#5300 = CARTESIAN_POINT('',(-43.19999996,15.350147857194));
#5301 = CARTESIAN_POINT('',(-43.19999996,16.45000012));
#5302 = ( GEOMETRIC_REPRESENTATION_CONTEXT(2) 
PARAMETRIC_REPRESENTATION_CONTEXT() REPRESENTATION_CONTEXT('2D SPACE',''
  ) );
#5303 = ORIENTED_EDGE('',*,*,#5248,.F.);
#5304 = ORIENTED_EDGE('',*,*,#5305,.F.);
#5305 = EDGE_CURVE('',#5249,#5249,#5306,.T.);
#5306 = SURFACE_CURVE('',#5307,(#5312,#5319),.PCURVE_S1.);
#5307 = CIRCLE('',#5308,0.635);
#5308 = AXIS2_PLACEMENT_3D('',#5309,#5310,#5311);
#5309 = CARTESIAN_POINT('',(42.56499996,16.32300012,0.E+000));
#5310 = DIRECTION('',(0.E+000,0.E+000,1.));
#5311 = DIRECTION('',(1.,0.E+000,0.E+000));
#5312 = PCURVE('',#5259,#5313);
#5313 = DEFINITIONAL_REPRESENTATION('',(#5314),#5318);
#5314 = LINE('',#5315,#5316);
#5315 = CARTESIAN_POINT('',(0.E+000,0.E+000));
#5316 = VECTOR('',#5317,1.);
#5317 = DIRECTION('',(-1.,0.E+000));
#5318 = ( GEOMETRIC_REPRESENTATION_CONTEXT(2) 
PARAMETRIC_REPRESENTATION_CONTEXT() REPRESENTATION_CONTEXT('2D SPACE',''
  ) );
#5319 = PCURVE('',#137,#5320);
#5320 = DEFINITIONAL_REPRESENTATION('',(#5321),#5329);
#5321 = ( BOUNDED_CURVE() B_SPLINE_CURVE(2,(#5322,#5323,#5324,#5325,
#5326,#5327,#5328),.UNSPECIFIED.,.T.,.F.) B_SPLINE_CURVE_WITH_KNOTS((1,2
    ,2,2,2,1),(-2.094395102393,0.E+000,2.094395102393,4.188790204786,
6.28318530718,8.377580409573),.UNSPECIFIED.) CURVE() 
GEOMETRIC_REPRESENTATION_ITEM() RATIONAL_B_SPLINE_CURVE((1.,0.5,1.,0.5,
1.,0.5,1.)) REPRESENTATION_ITEM('') );
#5322 = CARTESIAN_POINT('',(-43.19999996,16.45000012));
#5323 = CARTESIAN_POINT('',(-43.19999996,17.549852382806));
#5324 = CARTESIAN_POINT('',(-42.24749996,16.999926251403));
#5325 = CARTESIAN_POINT('',(-41.29499996,16.45000012));
#5326 = CARTESIAN_POINT('',(-42.24749996,15.900073988597));
#5327 = CARTESIAN_POINT('',(-43.19999996,15.350147857194));
#5328 = CARTESIAN_POINT('',(-43.19999996,16.45000012));
#5329 = ( GEOMETRIC_REPRESENTATION_CONTEXT(2) 
PARAMETRIC_REPRESENTATION_CONTEXT() REPRESENTATION_CONTEXT('2D SPACE',''
  ) );
#5330 = ADVANCED_FACE('',(#5331),#5345,.F.);
#5331 = FACE_BOUND('',#5332,.T.);
#5332 = EDGE_LOOP('',(#5333,#5363,#5389,#5390));
#5333 = ORIENTED_EDGE('',*,*,#5334,.T.);
#5334 = EDGE_CURVE('',#5335,#5337,#5339,.T.);
#5335 = VERTEX_POINT('',#5336);
#5336 = CARTESIAN_POINT('',(45.70000004,16.32300012,0.E+000));
#5337 = VERTEX_POINT('',#5338);
#5338 = CARTESIAN_POINT('',(45.70000004,16.32300012,1.13284));
#5339 = SEAM_CURVE('',#5340,(#5344,#5356),.PCURVE_S1.);
#5340 = LINE('',#5341,#5342);
#5341 = CARTESIAN_POINT('',(45.70000004,16.32300012,0.E+000));
#5342 = VECTOR('',#5343,1.);
#5343 = DIRECTION('',(0.E+000,0.E+000,1.));
#5344 = PCURVE('',#5345,#5350);
#5345 = CYLINDRICAL_SURFACE('',#5346,0.635);
#5346 = AXIS2_PLACEMENT_3D('',#5347,#5348,#5349);
#5347 = CARTESIAN_POINT('',(45.06500004,16.32300012,0.E+000));
#5348 = DIRECTION('',(0.E+000,0.E+000,-1.));
#5349 = DIRECTION('',(1.,0.E+000,0.E+000));
#5350 = DEFINITIONAL_REPRESENTATION('',(#5351),#5355);
#5351 = LINE('',#5352,#5353);
#5352 = CARTESIAN_POINT('',(0.E+000,0.E+000));
#5353 = VECTOR('',#5354,1.);
#5354 = DIRECTION('',(0.E+000,-1.));
#5355 = ( GEOMETRIC_REPRESENTATION_CONTEXT(2) 
PARAMETRIC_REPRESENTATION_CONTEXT() REPRESENTATION_CONTEXT('2D SPACE',''
  ) );
#5356 = PCURVE('',#5345,#5357);
#5357 = DEFINITIONAL_REPRESENTATION('',(#5358),#5362);
#5358 = LINE('',#5359,#5360);
#5359 = CARTESIAN_POINT('',(-6.28318530718,0.E+000));
#5360 = VECTOR('',#5361,1.);
#5361 = DIRECTION('',(0.E+000,-1.));
#5362 = ( GEOMETRIC_REPRESENTATION_CONTEXT(2) 
PARAMETRIC_REPRESENTATION_CONTEXT() REPRESENTATION_CONTEXT('2D SPACE',''
  ) );
#5363 = ORIENTED_EDGE('',*,*,#5364,.T.);
#5364 = EDGE_CURVE('',#5337,#5337,#5365,.T.);
#5365 = SURFACE_CURVE('',#5366,(#5371,#5378),.PCURVE_S1.);
#5366 = CIRCLE('',#5367,0.635);
#5367 = AXIS2_PLACEMENT_3D('',#5368,#5369,#5370);
#5368 = CARTESIAN_POINT('',(45.06500004,16.32300012,1.13284));
#5369 = DIRECTION('',(0.E+000,0.E+000,1.));
#5370 = DIRECTION('',(1.,0.E+000,0.E+000));
#5371 = PCURVE('',#5345,#5372);
#5372 = DEFINITIONAL_REPRESENTATION('',(#5373),#5377);
#5373 = LINE('',#5374,#5375);
#5374 = CARTESIAN_POINT('',(0.E+000,-1.13284));
#5375 = VECTOR('',#5376,1.);
#5376 = DIRECTION('',(-1.,0.E+000));
#5377 = ( GEOMETRIC_REPRESENTATION_CONTEXT(2) 
PARAMETRIC_REPRESENTATION_CONTEXT() REPRESENTATION_CONTEXT('2D SPACE',''
  ) );
#5378 = PCURVE('',#83,#5379);
#5379 = DEFINITIONAL_REPRESENTATION('',(#5380),#5388);
#5380 = ( BOUNDED_CURVE() B_SPLINE_CURVE(2,(#5381,#5382,#5383,#5384,
#5385,#5386,#5387),.UNSPECIFIED.,.T.,.F.) B_SPLINE_CURVE_WITH_KNOTS((1,2
    ,2,2,2,1),(-2.094395102393,0.E+000,2.094395102393,4.188790204786,
6.28318530718,8.377580409573),.UNSPECIFIED.) CURVE() 
GEOMETRIC_REPRESENTATION_ITEM() RATIONAL_B_SPLINE_CURVE((1.,0.5,1.,0.5,
1.,0.5,1.)) REPRESENTATION_ITEM('') );
#5381 = CARTESIAN_POINT('',(-45.70000004,16.45000012));
#5382 = CARTESIAN_POINT('',(-45.70000004,17.549852382806));
#5383 = CARTESIAN_POINT('',(-44.74750004,16.999926251403));
#5384 = CARTESIAN_POINT('',(-43.79500004,16.45000012));
#5385 = CARTESIAN_POINT('',(-44.74750004,15.900073988597));
#5386 = CARTESIAN_POINT('',(-45.70000004,15.350147857194));
#5387 = CARTESIAN_POINT('',(-45.70000004,16.45000012));
#5388 = ( GEOMETRIC_REPRESENTATION_CONTEXT(2) 
PARAMETRIC_REPRESENTATION_CONTEXT() REPRESENTATION_CONTEXT('2D SPACE',''
  ) );
#5389 = ORIENTED_EDGE('',*,*,#5334,.F.);
#5390 = ORIENTED_EDGE('',*,*,#5391,.F.);
#5391 = EDGE_CURVE('',#5335,#5335,#5392,.T.);
#5392 = SURFACE_CURVE('',#5393,(#5398,#5405),.PCURVE_S1.);
#5393 = CIRCLE('',#5394,0.635);
#5394 = AXIS2_PLACEMENT_3D('',#5395,#5396,#5397);
#5395 = CARTESIAN_POINT('',(45.06500004,16.32300012,0.E+000));
#5396 = DIRECTION('',(0.E+000,0.E+000,1.));
#5397 = DIRECTION('',(1.,0.E+000,0.E+000));
#5398 = PCURVE('',#5345,#5399);
#5399 = DEFINITIONAL_REPRESENTATION('',(#5400),#5404);
#5400 = LINE('',#5401,#5402);
#5401 = CARTESIAN_POINT('',(0.E+000,0.E+000));
#5402 = VECTOR('',#5403,1.);
#5403 = DIRECTION('',(-1.,0.E+000));
#5404 = ( GEOMETRIC_REPRESENTATION_CONTEXT(2) 
PARAMETRIC_REPRESENTATION_CONTEXT() REPRESENTATION_CONTEXT('2D SPACE',''
  ) );
#5405 = PCURVE('',#137,#5406);
#5406 = DEFINITIONAL_REPRESENTATION('',(#5407),#5415);
#5407 = ( BOUNDED_CURVE() B_SPLINE_CURVE(2,(#5408,#5409,#5410,#5411,
#5412,#5413,#5414),.UNSPECIFIED.,.T.,.F.) B_SPLINE_CURVE_WITH_KNOTS((1,2
    ,2,2,2,1),(-2.094395102393,0.E+000,2.094395102393,4.188790204786,
6.28318530718,8.377580409573),.UNSPECIFIED.) CURVE() 
GEOMETRIC_REPRESENTATION_ITEM() RATIONAL_B_SPLINE_CURVE((1.,0.5,1.,0.5,
1.,0.5,1.)) REPRESENTATION_ITEM('') );
#5408 = CARTESIAN_POINT('',(-45.70000004,16.45000012));
#5409 = CARTESIAN_POINT('',(-45.70000004,17.549852382806));
#5410 = CARTESIAN_POINT('',(-44.74750004,16.999926251403));
#5411 = CARTESIAN_POINT('',(-43.79500004,16.45000012));
#5412 = CARTESIAN_POINT('',(-44.74750004,15.900073988597));
#5413 = CARTESIAN_POINT('',(-45.70000004,15.350147857194));
#5414 = CARTESIAN_POINT('',(-45.70000004,16.45000012));
#5415 = ( GEOMETRIC_REPRESENTATION_CONTEXT(2) 
PARAMETRIC_REPRESENTATION_CONTEXT() REPRESENTATION_CONTEXT('2D SPACE',''
  ) );
#5416 = ADVANCED_FACE('',(#5417),#5431,.F.);
#5417 = FACE_BOUND('',#5418,.T.);
#5418 = EDGE_LOOP('',(#5419,#5449,#5475,#5476));
#5419 = ORIENTED_EDGE('',*,*,#5420,.T.);
#5420 = EDGE_CURVE('',#5421,#5423,#5425,.T.);
#5421 = VERTEX_POINT('',#5422);
#5422 = CARTESIAN_POINT('',(48.85200034,21.463,0.E+000));
#5423 = VERTEX_POINT('',#5424);
#5424 = CARTESIAN_POINT('',(48.85200034,21.463,1.13284));
#5425 = SEAM_CURVE('',#5426,(#5430,#5442),.PCURVE_S1.);
#5426 = LINE('',#5427,#5428);
#5427 = CARTESIAN_POINT('',(48.85200034,21.463,0.E+000));
#5428 = VECTOR('',#5429,1.);
#5429 = DIRECTION('',(0.E+000,0.E+000,1.));
#5430 = PCURVE('',#5431,#5436);
#5431 = CYLINDRICAL_SURFACE('',#5432,1.10000034);
#5432 = AXIS2_PLACEMENT_3D('',#5433,#5434,#5435);
#5433 = CARTESIAN_POINT('',(47.752,21.463,0.E+000));
#5434 = DIRECTION('',(0.E+000,0.E+000,-1.));
#5435 = DIRECTION('',(1.,0.E+000,0.E+000));
#5436 = DEFINITIONAL_REPRESENTATION('',(#5437),#5441);
#5437 = LINE('',#5438,#5439);
#5438 = CARTESIAN_POINT('',(0.E+000,0.E+000));
#5439 = VECTOR('',#5440,1.);
#5440 = DIRECTION('',(0.E+000,-1.));
#5441 = ( GEOMETRIC_REPRESENTATION_CONTEXT(2) 
PARAMETRIC_REPRESENTATION_CONTEXT() REPRESENTATION_CONTEXT('2D SPACE',''
  ) );
#5442 = PCURVE('',#5431,#5443);
#5443 = DEFINITIONAL_REPRESENTATION('',(#5444),#5448);
#5444 = LINE('',#5445,#5446);
#5445 = CARTESIAN_POINT('',(-6.28318530718,0.E+000));
#5446 = VECTOR('',#5447,1.);
#5447 = DIRECTION('',(0.E+000,-1.));
#5448 = ( GEOMETRIC_REPRESENTATION_CONTEXT(2) 
PARAMETRIC_REPRESENTATION_CONTEXT() REPRESENTATION_CONTEXT('2D SPACE',''
  ) );
#5449 = ORIENTED_EDGE('',*,*,#5450,.T.);
#5450 = EDGE_CURVE('',#5423,#5423,#5451,.T.);
#5451 = SURFACE_CURVE('',#5452,(#5457,#5464),.PCURVE_S1.);
#5452 = CIRCLE('',#5453,1.10000034);
#5453 = AXIS2_PLACEMENT_3D('',#5454,#5455,#5456);
#5454 = CARTESIAN_POINT('',(47.752,21.463,1.13284));
#5455 = DIRECTION('',(0.E+000,0.E+000,1.));
#5456 = DIRECTION('',(1.,0.E+000,0.E+000));
#5457 = PCURVE('',#5431,#5458);
#5458 = DEFINITIONAL_REPRESENTATION('',(#5459),#5463);
#5459 = LINE('',#5460,#5461);
#5460 = CARTESIAN_POINT('',(0.E+000,-1.13284));
#5461 = VECTOR('',#5462,1.);
#5462 = DIRECTION('',(-1.,0.E+000));
#5463 = ( GEOMETRIC_REPRESENTATION_CONTEXT(2) 
PARAMETRIC_REPRESENTATION_CONTEXT() REPRESENTATION_CONTEXT('2D SPACE',''
  ) );
#5464 = PCURVE('',#83,#5465);
#5465 = DEFINITIONAL_REPRESENTATION('',(#5466),#5474);
#5466 = ( BOUNDED_CURVE() B_SPLINE_CURVE(2,(#5467,#5468,#5469,#5470,
#5471,#5472,#5473),.UNSPECIFIED.,.T.,.F.) B_SPLINE_CURVE_WITH_KNOTS((1,2
    ,2,2,2,1),(-2.094395102393,0.E+000,2.094395102393,4.188790204786,
6.28318530718,8.377580409573),.UNSPECIFIED.) CURVE() 
GEOMETRIC_REPRESENTATION_ITEM() RATIONAL_B_SPLINE_CURVE((1.,0.5,1.,0.5,
1.,0.5,1.)) REPRESENTATION_ITEM('') );
#5467 = CARTESIAN_POINT('',(-48.85200034,21.59));
#5468 = CARTESIAN_POINT('',(-48.85200034,23.495256477223));
#5469 = CARTESIAN_POINT('',(-47.20199983,22.542628238612));
#5470 = CARTESIAN_POINT('',(-45.55199932,21.59));
#5471 = CARTESIAN_POINT('',(-47.20199983,20.637371761388));
#5472 = CARTESIAN_POINT('',(-48.85200034,19.684743522777));
#5473 = CARTESIAN_POINT('',(-48.85200034,21.59));
#5474 = ( GEOMETRIC_REPRESENTATION_CONTEXT(2) 
PARAMETRIC_REPRESENTATION_CONTEXT() REPRESENTATION_CONTEXT('2D SPACE',''
  ) );
#5475 = ORIENTED_EDGE('',*,*,#5420,.F.);
#5476 = ORIENTED_EDGE('',*,*,#5477,.F.);
#5477 = EDGE_CURVE('',#5421,#5421,#5478,.T.);
#5478 = SURFACE_CURVE('',#5479,(#5484,#5491),.PCURVE_S1.);
#5479 = CIRCLE('',#5480,1.10000034);
#5480 = AXIS2_PLACEMENT_3D('',#5481,#5482,#5483);
#5481 = CARTESIAN_POINT('',(47.752,21.463,0.E+000));
#5482 = DIRECTION('',(0.E+000,0.E+000,1.));
#5483 = DIRECTION('',(1.,0.E+000,0.E+000));
#5484 = PCURVE('',#5431,#5485);
#5485 = DEFINITIONAL_REPRESENTATION('',(#5486),#5490);
#5486 = LINE('',#5487,#5488);
#5487 = CARTESIAN_POINT('',(0.E+000,0.E+000));
#5488 = VECTOR('',#5489,1.);
#5489 = DIRECTION('',(-1.,0.E+000));
#5490 = ( GEOMETRIC_REPRESENTATION_CONTEXT(2) 
PARAMETRIC_REPRESENTATION_CONTEXT() REPRESENTATION_CONTEXT('2D SPACE',''
  ) );
#5491 = PCURVE('',#137,#5492);
#5492 = DEFINITIONAL_REPRESENTATION('',(#5493),#5501);
#5493 = ( BOUNDED_CURVE() B_SPLINE_CURVE(2,(#5494,#5495,#5496,#5497,
#5498,#5499,#5500),.UNSPECIFIED.,.T.,.F.) B_SPLINE_CURVE_WITH_KNOTS((1,2
    ,2,2,2,1),(-2.094395102393,0.E+000,2.094395102393,4.188790204786,
6.28318530718,8.377580409573),.UNSPECIFIED.) CURVE() 
GEOMETRIC_REPRESENTATION_ITEM() RATIONAL_B_SPLINE_CURVE((1.,0.5,1.,0.5,
1.,0.5,1.)) REPRESENTATION_ITEM('') );
#5494 = CARTESIAN_POINT('',(-48.85200034,21.59));
#5495 = CARTESIAN_POINT('',(-48.85200034,23.495256477223));
#5496 = CARTESIAN_POINT('',(-47.20199983,22.542628238612));
#5497 = CARTESIAN_POINT('',(-45.55199932,21.59));
#5498 = CARTESIAN_POINT('',(-47.20199983,20.637371761388));
#5499 = CARTESIAN_POINT('',(-48.85200034,19.684743522777));
#5500 = CARTESIAN_POINT('',(-48.85200034,21.59));
#5501 = ( GEOMETRIC_REPRESENTATION_CONTEXT(2) 
PARAMETRIC_REPRESENTATION_CONTEXT() REPRESENTATION_CONTEXT('2D SPACE',''
  ) );
#5502 = ADVANCED_FACE('',(#5503),#5517,.F.);
#5503 = FACE_BOUND('',#5504,.T.);
#5504 = EDGE_LOOP('',(#5505,#5535,#5561,#5562));
#5505 = ORIENTED_EDGE('',*,*,#5506,.T.);
#5506 = EDGE_CURVE('',#5507,#5509,#5511,.T.);
#5507 = VERTEX_POINT('',#5508);
#5508 = CARTESIAN_POINT('',(67.691,33.147,0.E+000));
#5509 = VERTEX_POINT('',#5510);
#5510 = CARTESIAN_POINT('',(67.691,33.147,1.13284));
#5511 = SEAM_CURVE('',#5512,(#5516,#5528),.PCURVE_S1.);
#5512 = LINE('',#5513,#5514);
#5513 = CARTESIAN_POINT('',(67.691,33.147,0.E+000));
#5514 = VECTOR('',#5515,1.);
#5515 = DIRECTION('',(0.E+000,0.E+000,1.));
#5516 = PCURVE('',#5517,#5522);
#5517 = CYLINDRICAL_SURFACE('',#5518,0.381);
#5518 = AXIS2_PLACEMENT_3D('',#5519,#5520,#5521);
#5519 = CARTESIAN_POINT('',(67.31,33.147,0.E+000));
#5520 = DIRECTION('',(0.E+000,0.E+000,-1.));
#5521 = DIRECTION('',(1.,0.E+000,0.E+000));
#5522 = DEFINITIONAL_REPRESENTATION('',(#5523),#5527);
#5523 = LINE('',#5524,#5525);
#5524 = CARTESIAN_POINT('',(0.E+000,0.E+000));
#5525 = VECTOR('',#5526,1.);
#5526 = DIRECTION('',(0.E+000,-1.));
#5527 = ( GEOMETRIC_REPRESENTATION_CONTEXT(2) 
PARAMETRIC_REPRESENTATION_CONTEXT() REPRESENTATION_CONTEXT('2D SPACE',''
  ) );
#5528 = PCURVE('',#5517,#5529);
#5529 = DEFINITIONAL_REPRESENTATION('',(#5530),#5534);
#5530 = LINE('',#5531,#5532);
#5531 = CARTESIAN_POINT('',(-6.28318530718,0.E+000));
#5532 = VECTOR('',#5533,1.);
#5533 = DIRECTION('',(0.E+000,-1.));
#5534 = ( GEOMETRIC_REPRESENTATION_CONTEXT(2) 
PARAMETRIC_REPRESENTATION_CONTEXT() REPRESENTATION_CONTEXT('2D SPACE',''
  ) );
#5535 = ORIENTED_EDGE('',*,*,#5536,.T.);
#5536 = EDGE_CURVE('',#5509,#5509,#5537,.T.);
#5537 = SURFACE_CURVE('',#5538,(#5543,#5550),.PCURVE_S1.);
#5538 = CIRCLE('',#5539,0.381);
#5539 = AXIS2_PLACEMENT_3D('',#5540,#5541,#5542);
#5540 = CARTESIAN_POINT('',(67.31,33.147,1.13284));
#5541 = DIRECTION('',(0.E+000,0.E+000,1.));
#5542 = DIRECTION('',(1.,0.E+000,0.E+000));
#5543 = PCURVE('',#5517,#5544);
#5544 = DEFINITIONAL_REPRESENTATION('',(#5545),#5549);
#5545 = LINE('',#5546,#5547);
#5546 = CARTESIAN_POINT('',(0.E+000,-1.13284));
#5547 = VECTOR('',#5548,1.);
#5548 = DIRECTION('',(-1.,0.E+000));
#5549 = ( GEOMETRIC_REPRESENTATION_CONTEXT(2) 
PARAMETRIC_REPRESENTATION_CONTEXT() REPRESENTATION_CONTEXT('2D SPACE',''
  ) );
#5550 = PCURVE('',#83,#5551);
#5551 = DEFINITIONAL_REPRESENTATION('',(#5552),#5560);
#5552 = ( BOUNDED_CURVE() B_SPLINE_CURVE(2,(#5553,#5554,#5555,#5556,
#5557,#5558,#5559),.UNSPECIFIED.,.T.,.F.) B_SPLINE_CURVE_WITH_KNOTS((1,2
    ,2,2,2,1),(-2.094395102393,0.E+000,2.094395102393,4.188790204786,
6.28318530718,8.377580409573),.UNSPECIFIED.) CURVE() 
GEOMETRIC_REPRESENTATION_ITEM() RATIONAL_B_SPLINE_CURVE((1.,0.5,1.,0.5,
1.,0.5,1.)) REPRESENTATION_ITEM('') );
#5553 = CARTESIAN_POINT('',(-67.691,33.274));
#5554 = CARTESIAN_POINT('',(-67.691,33.933911357684));
#5555 = CARTESIAN_POINT('',(-67.1195,33.603955678842));
#5556 = CARTESIAN_POINT('',(-66.548,33.274));
#5557 = CARTESIAN_POINT('',(-67.1195,32.944044321158));
#5558 = CARTESIAN_POINT('',(-67.691,32.614088642316));
#5559 = CARTESIAN_POINT('',(-67.691,33.274));
#5560 = ( GEOMETRIC_REPRESENTATION_CONTEXT(2) 
PARAMETRIC_REPRESENTATION_CONTEXT() REPRESENTATION_CONTEXT('2D SPACE',''
  ) );
#5561 = ORIENTED_EDGE('',*,*,#5506,.F.);
#5562 = ORIENTED_EDGE('',*,*,#5563,.F.);
#5563 = EDGE_CURVE('',#5507,#5507,#5564,.T.);
#5564 = SURFACE_CURVE('',#5565,(#5570,#5577),.PCURVE_S1.);
#5565 = CIRCLE('',#5566,0.381);
#5566 = AXIS2_PLACEMENT_3D('',#5567,#5568,#5569);
#5567 = CARTESIAN_POINT('',(67.31,33.147,0.E+000));
#5568 = DIRECTION('',(0.E+000,0.E+000,1.));
#5569 = DIRECTION('',(1.,0.E+000,0.E+000));
#5570 = PCURVE('',#5517,#5571);
#5571 = DEFINITIONAL_REPRESENTATION('',(#5572),#5576);
#5572 = LINE('',#5573,#5574);
#5573 = CARTESIAN_POINT('',(0.E+000,0.E+000));
#5574 = VECTOR('',#5575,1.);
#5575 = DIRECTION('',(-1.,0.E+000));
#5576 = ( GEOMETRIC_REPRESENTATION_CONTEXT(2) 
PARAMETRIC_REPRESENTATION_CONTEXT() REPRESENTATION_CONTEXT('2D SPACE',''
  ) );
#5577 = PCURVE('',#137,#5578);
#5578 = DEFINITIONAL_REPRESENTATION('',(#5579),#5587);
#5579 = ( BOUNDED_CURVE() B_SPLINE_CURVE(2,(#5580,#5581,#5582,#5583,
#5584,#5585,#5586),.UNSPECIFIED.,.T.,.F.) B_SPLINE_CURVE_WITH_KNOTS((1,2
    ,2,2,2,1),(-2.094395102393,0.E+000,2.094395102393,4.188790204786,
6.28318530718,8.377580409573),.UNSPECIFIED.) CURVE() 
GEOMETRIC_REPRESENTATION_ITEM() RATIONAL_B_SPLINE_CURVE((1.,0.5,1.,0.5,
1.,0.5,1.)) REPRESENTATION_ITEM('') );
#5580 = CARTESIAN_POINT('',(-67.691,33.274));
#5581 = CARTESIAN_POINT('',(-67.691,33.933911357684));
#5582 = CARTESIAN_POINT('',(-67.1195,33.603955678842));
#5583 = CARTESIAN_POINT('',(-66.548,33.274));
#5584 = CARTESIAN_POINT('',(-67.1195,32.944044321158));
#5585 = CARTESIAN_POINT('',(-67.691,32.614088642316));
#5586 = CARTESIAN_POINT('',(-67.691,33.274));
#5587 = ( GEOMETRIC_REPRESENTATION_CONTEXT(2) 
PARAMETRIC_REPRESENTATION_CONTEXT() REPRESENTATION_CONTEXT('2D SPACE',''
  ) );
#5588 = ADVANCED_FACE('',(#5589),#5603,.F.);
#5589 = FACE_BOUND('',#5590,.T.);
#5590 = EDGE_LOOP('',(#5591,#5621,#5647,#5648));
#5591 = ORIENTED_EDGE('',*,*,#5592,.T.);
#5592 = EDGE_CURVE('',#5593,#5595,#5597,.T.);
#5593 = VERTEX_POINT('',#5594);
#5594 = CARTESIAN_POINT('',(57.531,33.147,0.E+000));
#5595 = VERTEX_POINT('',#5596);
#5596 = CARTESIAN_POINT('',(57.531,33.147,1.13284));
#5597 = SEAM_CURVE('',#5598,(#5602,#5614),.PCURVE_S1.);
#5598 = LINE('',#5599,#5600);
#5599 = CARTESIAN_POINT('',(57.531,33.147,0.E+000));
#5600 = VECTOR('',#5601,1.);
#5601 = DIRECTION('',(0.E+000,0.E+000,1.));
#5602 = PCURVE('',#5603,#5608);
#5603 = CYLINDRICAL_SURFACE('',#5604,0.381);
#5604 = AXIS2_PLACEMENT_3D('',#5605,#5606,#5607);
#5605 = CARTESIAN_POINT('',(57.15,33.147,0.E+000));
#5606 = DIRECTION('',(0.E+000,0.E+000,-1.));
#5607 = DIRECTION('',(1.,0.E+000,0.E+000));
#5608 = DEFINITIONAL_REPRESENTATION('',(#5609),#5613);
#5609 = LINE('',#5610,#5611);
#5610 = CARTESIAN_POINT('',(0.E+000,0.E+000));
#5611 = VECTOR('',#5612,1.);
#5612 = DIRECTION('',(0.E+000,-1.));
#5613 = ( GEOMETRIC_REPRESENTATION_CONTEXT(2) 
PARAMETRIC_REPRESENTATION_CONTEXT() REPRESENTATION_CONTEXT('2D SPACE',''
  ) );
#5614 = PCURVE('',#5603,#5615);
#5615 = DEFINITIONAL_REPRESENTATION('',(#5616),#5620);
#5616 = LINE('',#5617,#5618);
#5617 = CARTESIAN_POINT('',(-6.28318530718,0.E+000));
#5618 = VECTOR('',#5619,1.);
#5619 = DIRECTION('',(0.E+000,-1.));
#5620 = ( GEOMETRIC_REPRESENTATION_CONTEXT(2) 
PARAMETRIC_REPRESENTATION_CONTEXT() REPRESENTATION_CONTEXT('2D SPACE',''
  ) );
#5621 = ORIENTED_EDGE('',*,*,#5622,.T.);
#5622 = EDGE_CURVE('',#5595,#5595,#5623,.T.);
#5623 = SURFACE_CURVE('',#5624,(#5629,#5636),.PCURVE_S1.);
#5624 = CIRCLE('',#5625,0.381);
#5625 = AXIS2_PLACEMENT_3D('',#5626,#5627,#5628);
#5626 = CARTESIAN_POINT('',(57.15,33.147,1.13284));
#5627 = DIRECTION('',(0.E+000,0.E+000,1.));
#5628 = DIRECTION('',(1.,0.E+000,0.E+000));
#5629 = PCURVE('',#5603,#5630);
#5630 = DEFINITIONAL_REPRESENTATION('',(#5631),#5635);
#5631 = LINE('',#5632,#5633);
#5632 = CARTESIAN_POINT('',(0.E+000,-1.13284));
#5633 = VECTOR('',#5634,1.);
#5634 = DIRECTION('',(-1.,0.E+000));
#5635 = ( GEOMETRIC_REPRESENTATION_CONTEXT(2) 
PARAMETRIC_REPRESENTATION_CONTEXT() REPRESENTATION_CONTEXT('2D SPACE',''
  ) );
#5636 = PCURVE('',#83,#5637);
#5637 = DEFINITIONAL_REPRESENTATION('',(#5638),#5646);
#5638 = ( BOUNDED_CURVE() B_SPLINE_CURVE(2,(#5639,#5640,#5641,#5642,
#5643,#5644,#5645),.UNSPECIFIED.,.F.,.F.) B_SPLINE_CURVE_WITH_KNOTS((1,2
    ,2,2,2,1),(-2.094395102393,0.E+000,2.094395102393,4.188790204786,
6.28318530718,8.377580409573),.UNSPECIFIED.) CURVE() 
GEOMETRIC_REPRESENTATION_ITEM() RATIONAL_B_SPLINE_CURVE((1.,0.5,1.,0.5,
1.,0.5,1.)) REPRESENTATION_ITEM('') );
#5639 = CARTESIAN_POINT('',(-57.531,33.274));
#5640 = CARTESIAN_POINT('',(-57.531,33.933911357684));
#5641 = CARTESIAN_POINT('',(-56.9595,33.603955678842));
#5642 = CARTESIAN_POINT('',(-56.388,33.274));
#5643 = CARTESIAN_POINT('',(-56.9595,32.944044321158));
#5644 = CARTESIAN_POINT('',(-57.531,32.614088642316));
#5645 = CARTESIAN_POINT('',(-57.531,33.274));
#5646 = ( GEOMETRIC_REPRESENTATION_CONTEXT(2) 
PARAMETRIC_REPRESENTATION_CONTEXT() REPRESENTATION_CONTEXT('2D SPACE',''
  ) );
#5647 = ORIENTED_EDGE('',*,*,#5592,.F.);
#5648 = ORIENTED_EDGE('',*,*,#5649,.F.);
#5649 = EDGE_CURVE('',#5593,#5593,#5650,.T.);
#5650 = SURFACE_CURVE('',#5651,(#5656,#5663),.PCURVE_S1.);
#5651 = CIRCLE('',#5652,0.381);
#5652 = AXIS2_PLACEMENT_3D('',#5653,#5654,#5655);
#5653 = CARTESIAN_POINT('',(57.15,33.147,0.E+000));
#5654 = DIRECTION('',(0.E+000,0.E+000,1.));
#5655 = DIRECTION('',(1.,0.E+000,0.E+000));
#5656 = PCURVE('',#5603,#5657);
#5657 = DEFINITIONAL_REPRESENTATION('',(#5658),#5662);
#5658 = LINE('',#5659,#5660);
#5659 = CARTESIAN_POINT('',(0.E+000,0.E+000));
#5660 = VECTOR('',#5661,1.);
#5661 = DIRECTION('',(-1.,0.E+000));
#5662 = ( GEOMETRIC_REPRESENTATION_CONTEXT(2) 
PARAMETRIC_REPRESENTATION_CONTEXT() REPRESENTATION_CONTEXT('2D SPACE',''
  ) );
#5663 = PCURVE('',#137,#5664);
#5664 = DEFINITIONAL_REPRESENTATION('',(#5665),#5673);
#5665 = ( BOUNDED_CURVE() B_SPLINE_CURVE(2,(#5666,#5667,#5668,#5669,
#5670,#5671,#5672),.UNSPECIFIED.,.F.,.F.) B_SPLINE_CURVE_WITH_KNOTS((1,2
    ,2,2,2,1),(-2.094395102393,0.E+000,2.094395102393,4.188790204786,
6.28318530718,8.377580409573),.UNSPECIFIED.) CURVE() 
GEOMETRIC_REPRESENTATION_ITEM() RATIONAL_B_SPLINE_CURVE((1.,0.5,1.,0.5,
1.,0.5,1.)) REPRESENTATION_ITEM('') );
#5666 = CARTESIAN_POINT('',(-57.531,33.274));
#5667 = CARTESIAN_POINT('',(-57.531,33.933911357684));
#5668 = CARTESIAN_POINT('',(-56.9595,33.603955678842));
#5669 = CARTESIAN_POINT('',(-56.388,33.274));
#5670 = CARTESIAN_POINT('',(-56.9595,32.944044321158));
#5671 = CARTESIAN_POINT('',(-57.531,32.614088642316));
#5672 = CARTESIAN_POINT('',(-57.531,33.274));
#5673 = ( GEOMETRIC_REPRESENTATION_CONTEXT(2) 
PARAMETRIC_REPRESENTATION_CONTEXT() REPRESENTATION_CONTEXT('2D SPACE',''
  ) );
#5674 = ADVANCED_FACE('',(#5675),#5689,.F.);
#5675 = FACE_BOUND('',#5676,.T.);
#5676 = EDGE_LOOP('',(#5677,#5707,#5733,#5734));
#5677 = ORIENTED_EDGE('',*,*,#5678,.T.);
#5678 = EDGE_CURVE('',#5679,#5681,#5683,.T.);
#5679 = VERTEX_POINT('',#5680);
#5680 = CARTESIAN_POINT('',(65.151,33.147,0.E+000));
#5681 = VERTEX_POINT('',#5682);
#5682 = CARTESIAN_POINT('',(65.151,33.147,1.13284));
#5683 = SEAM_CURVE('',#5684,(#5688,#5700),.PCURVE_S1.);
#5684 = LINE('',#5685,#5686);
#5685 = CARTESIAN_POINT('',(65.151,33.147,0.E+000));
#5686 = VECTOR('',#5687,1.);
#5687 = DIRECTION('',(0.E+000,0.E+000,1.));
#5688 = PCURVE('',#5689,#5694);
#5689 = CYLINDRICAL_SURFACE('',#5690,0.381);
#5690 = AXIS2_PLACEMENT_3D('',#5691,#5692,#5693);
#5691 = CARTESIAN_POINT('',(64.77,33.147,0.E+000));
#5692 = DIRECTION('',(0.E+000,0.E+000,-1.));
#5693 = DIRECTION('',(1.,0.E+000,0.E+000));
#5694 = DEFINITIONAL_REPRESENTATION('',(#5695),#5699);
#5695 = LINE('',#5696,#5697);
#5696 = CARTESIAN_POINT('',(0.E+000,0.E+000));
#5697 = VECTOR('',#5698,1.);
#5698 = DIRECTION('',(0.E+000,-1.));
#5699 = ( GEOMETRIC_REPRESENTATION_CONTEXT(2) 
PARAMETRIC_REPRESENTATION_CONTEXT() REPRESENTATION_CONTEXT('2D SPACE',''
  ) );
#5700 = PCURVE('',#5689,#5701);
#5701 = DEFINITIONAL_REPRESENTATION('',(#5702),#5706);
#5702 = LINE('',#5703,#5704);
#5703 = CARTESIAN_POINT('',(-6.28318530718,0.E+000));
#5704 = VECTOR('',#5705,1.);
#5705 = DIRECTION('',(0.E+000,-1.));
#5706 = ( GEOMETRIC_REPRESENTATION_CONTEXT(2) 
PARAMETRIC_REPRESENTATION_CONTEXT() REPRESENTATION_CONTEXT('2D SPACE',''
  ) );
#5707 = ORIENTED_EDGE('',*,*,#5708,.T.);
#5708 = EDGE_CURVE('',#5681,#5681,#5709,.T.);
#5709 = SURFACE_CURVE('',#5710,(#5715,#5722),.PCURVE_S1.);
#5710 = CIRCLE('',#5711,0.381);
#5711 = AXIS2_PLACEMENT_3D('',#5712,#5713,#5714);
#5712 = CARTESIAN_POINT('',(64.77,33.147,1.13284));
#5713 = DIRECTION('',(0.E+000,0.E+000,1.));
#5714 = DIRECTION('',(1.,0.E+000,0.E+000));
#5715 = PCURVE('',#5689,#5716);
#5716 = DEFINITIONAL_REPRESENTATION('',(#5717),#5721);
#5717 = LINE('',#5718,#5719);
#5718 = CARTESIAN_POINT('',(0.E+000,-1.13284));
#5719 = VECTOR('',#5720,1.);
#5720 = DIRECTION('',(-1.,0.E+000));
#5721 = ( GEOMETRIC_REPRESENTATION_CONTEXT(2) 
PARAMETRIC_REPRESENTATION_CONTEXT() REPRESENTATION_CONTEXT('2D SPACE',''
  ) );
#5722 = PCURVE('',#83,#5723);
#5723 = DEFINITIONAL_REPRESENTATION('',(#5724),#5732);
#5724 = ( BOUNDED_CURVE() B_SPLINE_CURVE(2,(#5725,#5726,#5727,#5728,
#5729,#5730,#5731),.UNSPECIFIED.,.T.,.F.) B_SPLINE_CURVE_WITH_KNOTS((1,2
    ,2,2,2,1),(-2.094395102393,0.E+000,2.094395102393,4.188790204786,
6.28318530718,8.377580409573),.UNSPECIFIED.) CURVE() 
GEOMETRIC_REPRESENTATION_ITEM() RATIONAL_B_SPLINE_CURVE((1.,0.5,1.,0.5,
1.,0.5,1.)) REPRESENTATION_ITEM('') );
#5725 = CARTESIAN_POINT('',(-65.151,33.274));
#5726 = CARTESIAN_POINT('',(-65.151,33.933911357684));
#5727 = CARTESIAN_POINT('',(-64.5795,33.603955678842));
#5728 = CARTESIAN_POINT('',(-64.008,33.274));
#5729 = CARTESIAN_POINT('',(-64.5795,32.944044321158));
#5730 = CARTESIAN_POINT('',(-65.151,32.614088642316));
#5731 = CARTESIAN_POINT('',(-65.151,33.274));
#5732 = ( GEOMETRIC_REPRESENTATION_CONTEXT(2) 
PARAMETRIC_REPRESENTATION_CONTEXT() REPRESENTATION_CONTEXT('2D SPACE',''
  ) );
#5733 = ORIENTED_EDGE('',*,*,#5678,.F.);
#5734 = ORIENTED_EDGE('',*,*,#5735,.F.);
#5735 = EDGE_CURVE('',#5679,#5679,#5736,.T.);
#5736 = SURFACE_CURVE('',#5737,(#5742,#5749),.PCURVE_S1.);
#5737 = CIRCLE('',#5738,0.381);
#5738 = AXIS2_PLACEMENT_3D('',#5739,#5740,#5741);
#5739 = CARTESIAN_POINT('',(64.77,33.147,0.E+000));
#5740 = DIRECTION('',(0.E+000,0.E+000,1.));
#5741 = DIRECTION('',(1.,0.E+000,0.E+000));
#5742 = PCURVE('',#5689,#5743);
#5743 = DEFINITIONAL_REPRESENTATION('',(#5744),#5748);
#5744 = LINE('',#5745,#5746);
#5745 = CARTESIAN_POINT('',(0.E+000,0.E+000));
#5746 = VECTOR('',#5747,1.);
#5747 = DIRECTION('',(-1.,0.E+000));
#5748 = ( GEOMETRIC_REPRESENTATION_CONTEXT(2) 
PARAMETRIC_REPRESENTATION_CONTEXT() REPRESENTATION_CONTEXT('2D SPACE',''
  ) );
#5749 = PCURVE('',#137,#5750);
#5750 = DEFINITIONAL_REPRESENTATION('',(#5751),#5759);
#5751 = ( BOUNDED_CURVE() B_SPLINE_CURVE(2,(#5752,#5753,#5754,#5755,
#5756,#5757,#5758),.UNSPECIFIED.,.T.,.F.) B_SPLINE_CURVE_WITH_KNOTS((1,2
    ,2,2,2,1),(-2.094395102393,0.E+000,2.094395102393,4.188790204786,
6.28318530718,8.377580409573),.UNSPECIFIED.) CURVE() 
GEOMETRIC_REPRESENTATION_ITEM() RATIONAL_B_SPLINE_CURVE((1.,0.5,1.,0.5,
1.,0.5,1.)) REPRESENTATION_ITEM('') );
#5752 = CARTESIAN_POINT('',(-65.151,33.274));
#5753 = CARTESIAN_POINT('',(-65.151,33.933911357684));
#5754 = CARTESIAN_POINT('',(-64.5795,33.603955678842));
#5755 = CARTESIAN_POINT('',(-64.008,33.274));
#5756 = CARTESIAN_POINT('',(-64.5795,32.944044321158));
#5757 = CARTESIAN_POINT('',(-65.151,32.614088642316));
#5758 = CARTESIAN_POINT('',(-65.151,33.274));
#5759 = ( GEOMETRIC_REPRESENTATION_CONTEXT(2) 
PARAMETRIC_REPRESENTATION_CONTEXT() REPRESENTATION_CONTEXT('2D SPACE',''
  ) );
#5760 = ADVANCED_FACE('',(#5761),#5775,.F.);
#5761 = FACE_BOUND('',#5762,.T.);
#5762 = EDGE_LOOP('',(#5763,#5793,#5819,#5820));
#5763 = ORIENTED_EDGE('',*,*,#5764,.T.);
#5764 = EDGE_CURVE('',#5765,#5767,#5769,.T.);
#5765 = VERTEX_POINT('',#5766);
#5766 = CARTESIAN_POINT('',(52.451,33.147,0.E+000));
#5767 = VERTEX_POINT('',#5768);
#5768 = CARTESIAN_POINT('',(52.451,33.147,1.13284));
#5769 = SEAM_CURVE('',#5770,(#5774,#5786),.PCURVE_S1.);
#5770 = LINE('',#5771,#5772);
#5771 = CARTESIAN_POINT('',(52.451,33.147,0.E+000));
#5772 = VECTOR('',#5773,1.);
#5773 = DIRECTION('',(0.E+000,0.E+000,1.));
#5774 = PCURVE('',#5775,#5780);
#5775 = CYLINDRICAL_SURFACE('',#5776,0.381);
#5776 = AXIS2_PLACEMENT_3D('',#5777,#5778,#5779);
#5777 = CARTESIAN_POINT('',(52.07,33.147,0.E+000));
#5778 = DIRECTION('',(0.E+000,0.E+000,-1.));
#5779 = DIRECTION('',(1.,0.E+000,0.E+000));
#5780 = DEFINITIONAL_REPRESENTATION('',(#5781),#5785);
#5781 = LINE('',#5782,#5783);
#5782 = CARTESIAN_POINT('',(0.E+000,0.E+000));
#5783 = VECTOR('',#5784,1.);
#5784 = DIRECTION('',(0.E+000,-1.));
#5785 = ( GEOMETRIC_REPRESENTATION_CONTEXT(2) 
PARAMETRIC_REPRESENTATION_CONTEXT() REPRESENTATION_CONTEXT('2D SPACE',''
  ) );
#5786 = PCURVE('',#5775,#5787);
#5787 = DEFINITIONAL_REPRESENTATION('',(#5788),#5792);
#5788 = LINE('',#5789,#5790);
#5789 = CARTESIAN_POINT('',(-6.28318530718,0.E+000));
#5790 = VECTOR('',#5791,1.);
#5791 = DIRECTION('',(0.E+000,-1.));
#5792 = ( GEOMETRIC_REPRESENTATION_CONTEXT(2) 
PARAMETRIC_REPRESENTATION_CONTEXT() REPRESENTATION_CONTEXT('2D SPACE',''
  ) );
#5793 = ORIENTED_EDGE('',*,*,#5794,.T.);
#5794 = EDGE_CURVE('',#5767,#5767,#5795,.T.);
#5795 = SURFACE_CURVE('',#5796,(#5801,#5808),.PCURVE_S1.);
#5796 = CIRCLE('',#5797,0.381);
#5797 = AXIS2_PLACEMENT_3D('',#5798,#5799,#5800);
#5798 = CARTESIAN_POINT('',(52.07,33.147,1.13284));
#5799 = DIRECTION('',(0.E+000,0.E+000,1.));
#5800 = DIRECTION('',(1.,0.E+000,0.E+000));
#5801 = PCURVE('',#5775,#5802);
#5802 = DEFINITIONAL_REPRESENTATION('',(#5803),#5807);
#5803 = LINE('',#5804,#5805);
#5804 = CARTESIAN_POINT('',(0.E+000,-1.13284));
#5805 = VECTOR('',#5806,1.);
#5806 = DIRECTION('',(-1.,0.E+000));
#5807 = ( GEOMETRIC_REPRESENTATION_CONTEXT(2) 
PARAMETRIC_REPRESENTATION_CONTEXT() REPRESENTATION_CONTEXT('2D SPACE',''
  ) );
#5808 = PCURVE('',#83,#5809);
#5809 = DEFINITIONAL_REPRESENTATION('',(#5810),#5818);
#5810 = ( BOUNDED_CURVE() B_SPLINE_CURVE(2,(#5811,#5812,#5813,#5814,
#5815,#5816,#5817),.UNSPECIFIED.,.T.,.F.) B_SPLINE_CURVE_WITH_KNOTS((1,2
    ,2,2,2,1),(-2.094395102393,0.E+000,2.094395102393,4.188790204786,
6.28318530718,8.377580409573),.UNSPECIFIED.) CURVE() 
GEOMETRIC_REPRESENTATION_ITEM() RATIONAL_B_SPLINE_CURVE((1.,0.5,1.,0.5,
1.,0.5,1.)) REPRESENTATION_ITEM('') );
#5811 = CARTESIAN_POINT('',(-52.451,33.274));
#5812 = CARTESIAN_POINT('',(-52.451,33.933911357684));
#5813 = CARTESIAN_POINT('',(-51.8795,33.603955678842));
#5814 = CARTESIAN_POINT('',(-51.308,33.274));
#5815 = CARTESIAN_POINT('',(-51.8795,32.944044321158));
#5816 = CARTESIAN_POINT('',(-52.451,32.614088642316));
#5817 = CARTESIAN_POINT('',(-52.451,33.274));
#5818 = ( GEOMETRIC_REPRESENTATION_CONTEXT(2) 
PARAMETRIC_REPRESENTATION_CONTEXT() REPRESENTATION_CONTEXT('2D SPACE',''
  ) );
#5819 = ORIENTED_EDGE('',*,*,#5764,.F.);
#5820 = ORIENTED_EDGE('',*,*,#5821,.F.);
#5821 = EDGE_CURVE('',#5765,#5765,#5822,.T.);
#5822 = SURFACE_CURVE('',#5823,(#5828,#5835),.PCURVE_S1.);
#5823 = CIRCLE('',#5824,0.381);
#5824 = AXIS2_PLACEMENT_3D('',#5825,#5826,#5827);
#5825 = CARTESIAN_POINT('',(52.07,33.147,0.E+000));
#5826 = DIRECTION('',(0.E+000,0.E+000,1.));
#5827 = DIRECTION('',(1.,0.E+000,0.E+000));
#5828 = PCURVE('',#5775,#5829);
#5829 = DEFINITIONAL_REPRESENTATION('',(#5830),#5834);
#5830 = LINE('',#5831,#5832);
#5831 = CARTESIAN_POINT('',(0.E+000,0.E+000));
#5832 = VECTOR('',#5833,1.);
#5833 = DIRECTION('',(-1.,0.E+000));
#5834 = ( GEOMETRIC_REPRESENTATION_CONTEXT(2) 
PARAMETRIC_REPRESENTATION_CONTEXT() REPRESENTATION_CONTEXT('2D SPACE',''
  ) );
#5835 = PCURVE('',#137,#5836);
#5836 = DEFINITIONAL_REPRESENTATION('',(#5837),#5845);
#5837 = ( BOUNDED_CURVE() B_SPLINE_CURVE(2,(#5838,#5839,#5840,#5841,
#5842,#5843,#5844),.UNSPECIFIED.,.T.,.F.) B_SPLINE_CURVE_WITH_KNOTS((1,2
    ,2,2,2,1),(-2.094395102393,0.E+000,2.094395102393,4.188790204786,
6.28318530718,8.377580409573),.UNSPECIFIED.) CURVE() 
GEOMETRIC_REPRESENTATION_ITEM() RATIONAL_B_SPLINE_CURVE((1.,0.5,1.,0.5,
1.,0.5,1.)) REPRESENTATION_ITEM('') );
#5838 = CARTESIAN_POINT('',(-52.451,33.274));
#5839 = CARTESIAN_POINT('',(-52.451,33.933911357684));
#5840 = CARTESIAN_POINT('',(-51.8795,33.603955678842));
#5841 = CARTESIAN_POINT('',(-51.308,33.274));
#5842 = CARTESIAN_POINT('',(-51.8795,32.944044321158));
#5843 = CARTESIAN_POINT('',(-52.451,32.614088642316));
#5844 = CARTESIAN_POINT('',(-52.451,33.274));
#5845 = ( GEOMETRIC_REPRESENTATION_CONTEXT(2) 
PARAMETRIC_REPRESENTATION_CONTEXT() REPRESENTATION_CONTEXT('2D SPACE',''
  ) );
#5846 = ADVANCED_FACE('',(#5847),#5861,.F.);
#5847 = FACE_BOUND('',#5848,.T.);
#5848 = EDGE_LOOP('',(#5849,#5879,#5905,#5906));
#5849 = ORIENTED_EDGE('',*,*,#5850,.T.);
#5850 = EDGE_CURVE('',#5851,#5853,#5855,.T.);
#5851 = VERTEX_POINT('',#5852);
#5852 = CARTESIAN_POINT('',(48.40800072,70.231,0.E+000));
#5853 = VERTEX_POINT('',#5854);
#5854 = CARTESIAN_POINT('',(48.40800072,70.231,1.13284));
#5855 = SEAM_CURVE('',#5856,(#5860,#5872),.PCURVE_S1.);
#5856 = LINE('',#5857,#5858);
#5857 = CARTESIAN_POINT('',(48.40800072,70.231,0.E+000));
#5858 = VECTOR('',#5859,1.);
#5859 = DIRECTION('',(0.E+000,0.E+000,1.));
#5860 = PCURVE('',#5861,#5866);
#5861 = CYLINDRICAL_SURFACE('',#5862,1.10000034);
#5862 = AXIS2_PLACEMENT_3D('',#5863,#5864,#5865);
#5863 = CARTESIAN_POINT('',(47.30800038,70.231,0.E+000));
#5864 = DIRECTION('',(0.E+000,0.E+000,-1.));
#5865 = DIRECTION('',(1.,0.E+000,0.E+000));
#5866 = DEFINITIONAL_REPRESENTATION('',(#5867),#5871);
#5867 = LINE('',#5868,#5869);
#5868 = CARTESIAN_POINT('',(0.E+000,0.E+000));
#5869 = VECTOR('',#5870,1.);
#5870 = DIRECTION('',(0.E+000,-1.));
#5871 = ( GEOMETRIC_REPRESENTATION_CONTEXT(2) 
PARAMETRIC_REPRESENTATION_CONTEXT() REPRESENTATION_CONTEXT('2D SPACE',''
  ) );
#5872 = PCURVE('',#5861,#5873);
#5873 = DEFINITIONAL_REPRESENTATION('',(#5874),#5878);
#5874 = LINE('',#5875,#5876);
#5875 = CARTESIAN_POINT('',(-6.28318530718,0.E+000));
#5876 = VECTOR('',#5877,1.);
#5877 = DIRECTION('',(0.E+000,-1.));
#5878 = ( GEOMETRIC_REPRESENTATION_CONTEXT(2) 
PARAMETRIC_REPRESENTATION_CONTEXT() REPRESENTATION_CONTEXT('2D SPACE',''
  ) );
#5879 = ORIENTED_EDGE('',*,*,#5880,.T.);
#5880 = EDGE_CURVE('',#5853,#5853,#5881,.T.);
#5881 = SURFACE_CURVE('',#5882,(#5887,#5894),.PCURVE_S1.);
#5882 = CIRCLE('',#5883,1.10000034);
#5883 = AXIS2_PLACEMENT_3D('',#5884,#5885,#5886);
#5884 = CARTESIAN_POINT('',(47.30800038,70.231,1.13284));
#5885 = DIRECTION('',(0.E+000,0.E+000,1.));
#5886 = DIRECTION('',(1.,0.E+000,0.E+000));
#5887 = PCURVE('',#5861,#5888);
#5888 = DEFINITIONAL_REPRESENTATION('',(#5889),#5893);
#5889 = LINE('',#5890,#5891);
#5890 = CARTESIAN_POINT('',(0.E+000,-1.13284));
#5891 = VECTOR('',#5892,1.);
#5892 = DIRECTION('',(-1.,0.E+000));
#5893 = ( GEOMETRIC_REPRESENTATION_CONTEXT(2) 
PARAMETRIC_REPRESENTATION_CONTEXT() REPRESENTATION_CONTEXT('2D SPACE',''
  ) );
#5894 = PCURVE('',#83,#5895);
#5895 = DEFINITIONAL_REPRESENTATION('',(#5896),#5904);
#5896 = ( BOUNDED_CURVE() B_SPLINE_CURVE(2,(#5897,#5898,#5899,#5900,
#5901,#5902,#5903),.UNSPECIFIED.,.T.,.F.) B_SPLINE_CURVE_WITH_KNOTS((1,2
    ,2,2,2,1),(-2.094395102393,0.E+000,2.094395102393,4.188790204786,
6.28318530718,8.377580409573),.UNSPECIFIED.) CURVE() 
GEOMETRIC_REPRESENTATION_ITEM() RATIONAL_B_SPLINE_CURVE((1.,0.5,1.,0.5,
1.,0.5,1.)) REPRESENTATION_ITEM('') );
#5897 = CARTESIAN_POINT('',(-48.40800072,70.358));
#5898 = CARTESIAN_POINT('',(-48.40800072,72.263256477223));
#5899 = CARTESIAN_POINT('',(-46.75800021,71.310628238612));
#5900 = CARTESIAN_POINT('',(-45.1079997,70.358));
#5901 = CARTESIAN_POINT('',(-46.75800021,69.405371761388));
#5902 = CARTESIAN_POINT('',(-48.40800072,68.452743522777));
#5903 = CARTESIAN_POINT('',(-48.40800072,70.358));
#5904 = ( GEOMETRIC_REPRESENTATION_CONTEXT(2) 
PARAMETRIC_REPRESENTATION_CONTEXT() REPRESENTATION_CONTEXT('2D SPACE',''
  ) );
#5905 = ORIENTED_EDGE('',*,*,#5850,.F.);
#5906 = ORIENTED_EDGE('',*,*,#5907,.F.);
#5907 = EDGE_CURVE('',#5851,#5851,#5908,.T.);
#5908 = SURFACE_CURVE('',#5909,(#5914,#5921),.PCURVE_S1.);
#5909 = CIRCLE('',#5910,1.10000034);
#5910 = AXIS2_PLACEMENT_3D('',#5911,#5912,#5913);
#5911 = CARTESIAN_POINT('',(47.30800038,70.231,0.E+000));
#5912 = DIRECTION('',(0.E+000,0.E+000,1.));
#5913 = DIRECTION('',(1.,0.E+000,0.E+000));
#5914 = PCURVE('',#5861,#5915);
#5915 = DEFINITIONAL_REPRESENTATION('',(#5916),#5920);
#5916 = LINE('',#5917,#5918);
#5917 = CARTESIAN_POINT('',(0.E+000,0.E+000));
#5918 = VECTOR('',#5919,1.);
#5919 = DIRECTION('',(-1.,0.E+000));
#5920 = ( GEOMETRIC_REPRESENTATION_CONTEXT(2) 
PARAMETRIC_REPRESENTATION_CONTEXT() REPRESENTATION_CONTEXT('2D SPACE',''
  ) );
#5921 = PCURVE('',#137,#5922);
#5922 = DEFINITIONAL_REPRESENTATION('',(#5923),#5931);
#5923 = ( BOUNDED_CURVE() B_SPLINE_CURVE(2,(#5924,#5925,#5926,#5927,
#5928,#5929,#5930),.UNSPECIFIED.,.T.,.F.) B_SPLINE_CURVE_WITH_KNOTS((1,2
    ,2,2,2,1),(-2.094395102393,0.E+000,2.094395102393,4.188790204786,
6.28318530718,8.377580409573),.UNSPECIFIED.) CURVE() 
GEOMETRIC_REPRESENTATION_ITEM() RATIONAL_B_SPLINE_CURVE((1.,0.5,1.,0.5,
1.,0.5,1.)) REPRESENTATION_ITEM('') );
#5924 = CARTESIAN_POINT('',(-48.40800072,70.358));
#5925 = CARTESIAN_POINT('',(-48.40800072,72.263256477223));
#5926 = CARTESIAN_POINT('',(-46.75800021,71.310628238612));
#5927 = CARTESIAN_POINT('',(-45.1079997,70.358));
#5928 = CARTESIAN_POINT('',(-46.75800021,69.405371761388));
#5929 = CARTESIAN_POINT('',(-48.40800072,68.452743522777));
#5930 = CARTESIAN_POINT('',(-48.40800072,70.358));
#5931 = ( GEOMETRIC_REPRESENTATION_CONTEXT(2) 
PARAMETRIC_REPRESENTATION_CONTEXT() REPRESENTATION_CONTEXT('2D SPACE',''
  ) );
#5932 = ADVANCED_FACE('',(#5933),#5947,.F.);
#5933 = FACE_BOUND('',#5934,.T.);
#5934 = EDGE_LOOP('',(#5935,#5965,#5991,#5992));
#5935 = ORIENTED_EDGE('',*,*,#5936,.T.);
#5936 = EDGE_CURVE('',#5937,#5939,#5941,.T.);
#5937 = VERTEX_POINT('',#5938);
#5938 = CARTESIAN_POINT('',(54.991,33.147,0.E+000));
#5939 = VERTEX_POINT('',#5940);
#5940 = CARTESIAN_POINT('',(54.991,33.147,1.13284));
#5941 = SEAM_CURVE('',#5942,(#5946,#5958),.PCURVE_S1.);
#5942 = LINE('',#5943,#5944);
#5943 = CARTESIAN_POINT('',(54.991,33.147,0.E+000));
#5944 = VECTOR('',#5945,1.);
#5945 = DIRECTION('',(0.E+000,0.E+000,1.));
#5946 = PCURVE('',#5947,#5952);
#5947 = CYLINDRICAL_SURFACE('',#5948,0.381);
#5948 = AXIS2_PLACEMENT_3D('',#5949,#5950,#5951);
#5949 = CARTESIAN_POINT('',(54.61,33.147,0.E+000));
#5950 = DIRECTION('',(0.E+000,0.E+000,-1.));
#5951 = DIRECTION('',(1.,0.E+000,0.E+000));
#5952 = DEFINITIONAL_REPRESENTATION('',(#5953),#5957);
#5953 = LINE('',#5954,#5955);
#5954 = CARTESIAN_POINT('',(0.E+000,0.E+000));
#5955 = VECTOR('',#5956,1.);
#5956 = DIRECTION('',(0.E+000,-1.));
#5957 = ( GEOMETRIC_REPRESENTATION_CONTEXT(2) 
PARAMETRIC_REPRESENTATION_CONTEXT() REPRESENTATION_CONTEXT('2D SPACE',''
  ) );
#5958 = PCURVE('',#5947,#5959);
#5959 = DEFINITIONAL_REPRESENTATION('',(#5960),#5964);
#5960 = LINE('',#5961,#5962);
#5961 = CARTESIAN_POINT('',(-6.28318530718,0.E+000));
#5962 = VECTOR('',#5963,1.);
#5963 = DIRECTION('',(0.E+000,-1.));
#5964 = ( GEOMETRIC_REPRESENTATION_CONTEXT(2) 
PARAMETRIC_REPRESENTATION_CONTEXT() REPRESENTATION_CONTEXT('2D SPACE',''
  ) );
#5965 = ORIENTED_EDGE('',*,*,#5966,.T.);
#5966 = EDGE_CURVE('',#5939,#5939,#5967,.T.);
#5967 = SURFACE_CURVE('',#5968,(#5973,#5980),.PCURVE_S1.);
#5968 = CIRCLE('',#5969,0.381);
#5969 = AXIS2_PLACEMENT_3D('',#5970,#5971,#5972);
#5970 = CARTESIAN_POINT('',(54.61,33.147,1.13284));
#5971 = DIRECTION('',(0.E+000,0.E+000,1.));
#5972 = DIRECTION('',(1.,0.E+000,0.E+000));
#5973 = PCURVE('',#5947,#5974);
#5974 = DEFINITIONAL_REPRESENTATION('',(#5975),#5979);
#5975 = LINE('',#5976,#5977);
#5976 = CARTESIAN_POINT('',(0.E+000,-1.13284));
#5977 = VECTOR('',#5978,1.);
#5978 = DIRECTION('',(-1.,0.E+000));
#5979 = ( GEOMETRIC_REPRESENTATION_CONTEXT(2) 
PARAMETRIC_REPRESENTATION_CONTEXT() REPRESENTATION_CONTEXT('2D SPACE',''
  ) );
#5980 = PCURVE('',#83,#5981);
#5981 = DEFINITIONAL_REPRESENTATION('',(#5982),#5990);
#5982 = ( BOUNDED_CURVE() B_SPLINE_CURVE(2,(#5983,#5984,#5985,#5986,
#5987,#5988,#5989),.UNSPECIFIED.,.T.,.F.) B_SPLINE_CURVE_WITH_KNOTS((1,2
    ,2,2,2,1),(-2.094395102393,0.E+000,2.094395102393,4.188790204786,
6.28318530718,8.377580409573),.UNSPECIFIED.) CURVE() 
GEOMETRIC_REPRESENTATION_ITEM() RATIONAL_B_SPLINE_CURVE((1.,0.5,1.,0.5,
1.,0.5,1.)) REPRESENTATION_ITEM('') );
#5983 = CARTESIAN_POINT('',(-54.991,33.274));
#5984 = CARTESIAN_POINT('',(-54.991,33.933911357684));
#5985 = CARTESIAN_POINT('',(-54.4195,33.603955678842));
#5986 = CARTESIAN_POINT('',(-53.848,33.274));
#5987 = CARTESIAN_POINT('',(-54.4195,32.944044321158));
#5988 = CARTESIAN_POINT('',(-54.991,32.614088642316));
#5989 = CARTESIAN_POINT('',(-54.991,33.274));
#5990 = ( GEOMETRIC_REPRESENTATION_CONTEXT(2) 
PARAMETRIC_REPRESENTATION_CONTEXT() REPRESENTATION_CONTEXT('2D SPACE',''
  ) );
#5991 = ORIENTED_EDGE('',*,*,#5936,.F.);
#5992 = ORIENTED_EDGE('',*,*,#5993,.F.);
#5993 = EDGE_CURVE('',#5937,#5937,#5994,.T.);
#5994 = SURFACE_CURVE('',#5995,(#6000,#6007),.PCURVE_S1.);
#5995 = CIRCLE('',#5996,0.381);
#5996 = AXIS2_PLACEMENT_3D('',#5997,#5998,#5999);
#5997 = CARTESIAN_POINT('',(54.61,33.147,0.E+000));
#5998 = DIRECTION('',(0.E+000,0.E+000,1.));
#5999 = DIRECTION('',(1.,0.E+000,0.E+000));
#6000 = PCURVE('',#5947,#6001);
#6001 = DEFINITIONAL_REPRESENTATION('',(#6002),#6006);
#6002 = LINE('',#6003,#6004);
#6003 = CARTESIAN_POINT('',(0.E+000,0.E+000));
#6004 = VECTOR('',#6005,1.);
#6005 = DIRECTION('',(-1.,0.E+000));
#6006 = ( GEOMETRIC_REPRESENTATION_CONTEXT(2) 
PARAMETRIC_REPRESENTATION_CONTEXT() REPRESENTATION_CONTEXT('2D SPACE',''
  ) );
#6007 = PCURVE('',#137,#6008);
#6008 = DEFINITIONAL_REPRESENTATION('',(#6009),#6017);
#6009 = ( BOUNDED_CURVE() B_SPLINE_CURVE(2,(#6010,#6011,#6012,#6013,
#6014,#6015,#6016),.UNSPECIFIED.,.T.,.F.) B_SPLINE_CURVE_WITH_KNOTS((1,2
    ,2,2,2,1),(-2.094395102393,0.E+000,2.094395102393,4.188790204786,
6.28318530718,8.377580409573),.UNSPECIFIED.) CURVE() 
GEOMETRIC_REPRESENTATION_ITEM() RATIONAL_B_SPLINE_CURVE((1.,0.5,1.,0.5,
1.,0.5,1.)) REPRESENTATION_ITEM('') );
#6010 = CARTESIAN_POINT('',(-54.991,33.274));
#6011 = CARTESIAN_POINT('',(-54.991,33.933911357684));
#6012 = CARTESIAN_POINT('',(-54.4195,33.603955678842));
#6013 = CARTESIAN_POINT('',(-53.848,33.274));
#6014 = CARTESIAN_POINT('',(-54.4195,32.944044321158));
#6015 = CARTESIAN_POINT('',(-54.991,32.614088642316));
#6016 = CARTESIAN_POINT('',(-54.991,33.274));
#6017 = ( GEOMETRIC_REPRESENTATION_CONTEXT(2) 
PARAMETRIC_REPRESENTATION_CONTEXT() REPRESENTATION_CONTEXT('2D SPACE',''
  ) );
#6018 = ADVANCED_FACE('',(#6019),#6033,.F.);
#6019 = FACE_BOUND('',#6020,.T.);
#6020 = EDGE_LOOP('',(#6021,#6051,#6077,#6078));
#6021 = ORIENTED_EDGE('',*,*,#6022,.T.);
#6022 = EDGE_CURVE('',#6023,#6025,#6027,.T.);
#6023 = VERTEX_POINT('',#6024);
#6024 = CARTESIAN_POINT('',(52.451,40.767,0.E+000));
#6025 = VERTEX_POINT('',#6026);
#6026 = CARTESIAN_POINT('',(52.451,40.767,1.13284));
#6027 = SEAM_CURVE('',#6028,(#6032,#6044),.PCURVE_S1.);
#6028 = LINE('',#6029,#6030);
#6029 = CARTESIAN_POINT('',(52.451,40.767,0.E+000));
#6030 = VECTOR('',#6031,1.);
#6031 = DIRECTION('',(0.E+000,0.E+000,1.));
#6032 = PCURVE('',#6033,#6038);
#6033 = CYLINDRICAL_SURFACE('',#6034,0.381);
#6034 = AXIS2_PLACEMENT_3D('',#6035,#6036,#6037);
#6035 = CARTESIAN_POINT('',(52.07,40.767,0.E+000));
#6036 = DIRECTION('',(0.E+000,0.E+000,-1.));
#6037 = DIRECTION('',(1.,0.E+000,0.E+000));
#6038 = DEFINITIONAL_REPRESENTATION('',(#6039),#6043);
#6039 = LINE('',#6040,#6041);
#6040 = CARTESIAN_POINT('',(0.E+000,0.E+000));
#6041 = VECTOR('',#6042,1.);
#6042 = DIRECTION('',(0.E+000,-1.));
#6043 = ( GEOMETRIC_REPRESENTATION_CONTEXT(2) 
PARAMETRIC_REPRESENTATION_CONTEXT() REPRESENTATION_CONTEXT('2D SPACE',''
  ) );
#6044 = PCURVE('',#6033,#6045);
#6045 = DEFINITIONAL_REPRESENTATION('',(#6046),#6050);
#6046 = LINE('',#6047,#6048);
#6047 = CARTESIAN_POINT('',(-6.28318530718,0.E+000));
#6048 = VECTOR('',#6049,1.);
#6049 = DIRECTION('',(0.E+000,-1.));
#6050 = ( GEOMETRIC_REPRESENTATION_CONTEXT(2) 
PARAMETRIC_REPRESENTATION_CONTEXT() REPRESENTATION_CONTEXT('2D SPACE',''
  ) );
#6051 = ORIENTED_EDGE('',*,*,#6052,.T.);
#6052 = EDGE_CURVE('',#6025,#6025,#6053,.T.);
#6053 = SURFACE_CURVE('',#6054,(#6059,#6066),.PCURVE_S1.);
#6054 = CIRCLE('',#6055,0.381);
#6055 = AXIS2_PLACEMENT_3D('',#6056,#6057,#6058);
#6056 = CARTESIAN_POINT('',(52.07,40.767,1.13284));
#6057 = DIRECTION('',(0.E+000,0.E+000,1.));
#6058 = DIRECTION('',(1.,0.E+000,0.E+000));
#6059 = PCURVE('',#6033,#6060);
#6060 = DEFINITIONAL_REPRESENTATION('',(#6061),#6065);
#6061 = LINE('',#6062,#6063);
#6062 = CARTESIAN_POINT('',(0.E+000,-1.13284));
#6063 = VECTOR('',#6064,1.);
#6064 = DIRECTION('',(-1.,0.E+000));
#6065 = ( GEOMETRIC_REPRESENTATION_CONTEXT(2) 
PARAMETRIC_REPRESENTATION_CONTEXT() REPRESENTATION_CONTEXT('2D SPACE',''
  ) );
#6066 = PCURVE('',#83,#6067);
#6067 = DEFINITIONAL_REPRESENTATION('',(#6068),#6076);
#6068 = ( BOUNDED_CURVE() B_SPLINE_CURVE(2,(#6069,#6070,#6071,#6072,
#6073,#6074,#6075),.UNSPECIFIED.,.T.,.F.) B_SPLINE_CURVE_WITH_KNOTS((1,2
    ,2,2,2,1),(-2.094395102393,0.E+000,2.094395102393,4.188790204786,
6.28318530718,8.377580409573),.UNSPECIFIED.) CURVE() 
GEOMETRIC_REPRESENTATION_ITEM() RATIONAL_B_SPLINE_CURVE((1.,0.5,1.,0.5,
1.,0.5,1.)) REPRESENTATION_ITEM('') );
#6069 = CARTESIAN_POINT('',(-52.451,40.894));
#6070 = CARTESIAN_POINT('',(-52.451,41.553911357684));
#6071 = CARTESIAN_POINT('',(-51.8795,41.223955678842));
#6072 = CARTESIAN_POINT('',(-51.308,40.894));
#6073 = CARTESIAN_POINT('',(-51.8795,40.564044321158));
#6074 = CARTESIAN_POINT('',(-52.451,40.234088642316));
#6075 = CARTESIAN_POINT('',(-52.451,40.894));
#6076 = ( GEOMETRIC_REPRESENTATION_CONTEXT(2) 
PARAMETRIC_REPRESENTATION_CONTEXT() REPRESENTATION_CONTEXT('2D SPACE',''
  ) );
#6077 = ORIENTED_EDGE('',*,*,#6022,.F.);
#6078 = ORIENTED_EDGE('',*,*,#6079,.F.);
#6079 = EDGE_CURVE('',#6023,#6023,#6080,.T.);
#6080 = SURFACE_CURVE('',#6081,(#6086,#6093),.PCURVE_S1.);
#6081 = CIRCLE('',#6082,0.381);
#6082 = AXIS2_PLACEMENT_3D('',#6083,#6084,#6085);
#6083 = CARTESIAN_POINT('',(52.07,40.767,0.E+000));
#6084 = DIRECTION('',(0.E+000,0.E+000,1.));
#6085 = DIRECTION('',(1.,0.E+000,0.E+000));
#6086 = PCURVE('',#6033,#6087);
#6087 = DEFINITIONAL_REPRESENTATION('',(#6088),#6092);
#6088 = LINE('',#6089,#6090);
#6089 = CARTESIAN_POINT('',(0.E+000,0.E+000));
#6090 = VECTOR('',#6091,1.);
#6091 = DIRECTION('',(-1.,0.E+000));
#6092 = ( GEOMETRIC_REPRESENTATION_CONTEXT(2) 
PARAMETRIC_REPRESENTATION_CONTEXT() REPRESENTATION_CONTEXT('2D SPACE',''
  ) );
#6093 = PCURVE('',#137,#6094);
#6094 = DEFINITIONAL_REPRESENTATION('',(#6095),#6103);
#6095 = ( BOUNDED_CURVE() B_SPLINE_CURVE(2,(#6096,#6097,#6098,#6099,
#6100,#6101,#6102),.UNSPECIFIED.,.T.,.F.) B_SPLINE_CURVE_WITH_KNOTS((1,2
    ,2,2,2,1),(-2.094395102393,0.E+000,2.094395102393,4.188790204786,
6.28318530718,8.377580409573),.UNSPECIFIED.) CURVE() 
GEOMETRIC_REPRESENTATION_ITEM() RATIONAL_B_SPLINE_CURVE((1.,0.5,1.,0.5,
1.,0.5,1.)) REPRESENTATION_ITEM('') );
#6096 = CARTESIAN_POINT('',(-52.451,40.894));
#6097 = CARTESIAN_POINT('',(-52.451,41.553911357684));
#6098 = CARTESIAN_POINT('',(-51.8795,41.223955678842));
#6099 = CARTESIAN_POINT('',(-51.308,40.894));
#6100 = CARTESIAN_POINT('',(-51.8795,40.564044321158));
#6101 = CARTESIAN_POINT('',(-52.451,40.234088642316));
#6102 = CARTESIAN_POINT('',(-52.451,40.894));
#6103 = ( GEOMETRIC_REPRESENTATION_CONTEXT(2) 
PARAMETRIC_REPRESENTATION_CONTEXT() REPRESENTATION_CONTEXT('2D SPACE',''
  ) );
#6104 = ADVANCED_FACE('',(#6105),#6119,.F.);
#6105 = FACE_BOUND('',#6106,.T.);
#6106 = EDGE_LOOP('',(#6107,#6137,#6163,#6164));
#6107 = ORIENTED_EDGE('',*,*,#6108,.T.);
#6108 = EDGE_CURVE('',#6109,#6111,#6113,.T.);
#6109 = VERTEX_POINT('',#6110);
#6110 = CARTESIAN_POINT('',(54.991,40.767,0.E+000));
#6111 = VERTEX_POINT('',#6112);
#6112 = CARTESIAN_POINT('',(54.991,40.767,1.13284));
#6113 = SEAM_CURVE('',#6114,(#6118,#6130),.PCURVE_S1.);
#6114 = LINE('',#6115,#6116);
#6115 = CARTESIAN_POINT('',(54.991,40.767,0.E+000));
#6116 = VECTOR('',#6117,1.);
#6117 = DIRECTION('',(0.E+000,0.E+000,1.));
#6118 = PCURVE('',#6119,#6124);
#6119 = CYLINDRICAL_SURFACE('',#6120,0.381);
#6120 = AXIS2_PLACEMENT_3D('',#6121,#6122,#6123);
#6121 = CARTESIAN_POINT('',(54.61,40.767,0.E+000));
#6122 = DIRECTION('',(0.E+000,0.E+000,-1.));
#6123 = DIRECTION('',(1.,0.E+000,0.E+000));
#6124 = DEFINITIONAL_REPRESENTATION('',(#6125),#6129);
#6125 = LINE('',#6126,#6127);
#6126 = CARTESIAN_POINT('',(0.E+000,0.E+000));
#6127 = VECTOR('',#6128,1.);
#6128 = DIRECTION('',(0.E+000,-1.));
#6129 = ( GEOMETRIC_REPRESENTATION_CONTEXT(2) 
PARAMETRIC_REPRESENTATION_CONTEXT() REPRESENTATION_CONTEXT('2D SPACE',''
  ) );
#6130 = PCURVE('',#6119,#6131);
#6131 = DEFINITIONAL_REPRESENTATION('',(#6132),#6136);
#6132 = LINE('',#6133,#6134);
#6133 = CARTESIAN_POINT('',(-6.28318530718,0.E+000));
#6134 = VECTOR('',#6135,1.);
#6135 = DIRECTION('',(0.E+000,-1.));
#6136 = ( GEOMETRIC_REPRESENTATION_CONTEXT(2) 
PARAMETRIC_REPRESENTATION_CONTEXT() REPRESENTATION_CONTEXT('2D SPACE',''
  ) );
#6137 = ORIENTED_EDGE('',*,*,#6138,.T.);
#6138 = EDGE_CURVE('',#6111,#6111,#6139,.T.);
#6139 = SURFACE_CURVE('',#6140,(#6145,#6152),.PCURVE_S1.);
#6140 = CIRCLE('',#6141,0.381);
#6141 = AXIS2_PLACEMENT_3D('',#6142,#6143,#6144);
#6142 = CARTESIAN_POINT('',(54.61,40.767,1.13284));
#6143 = DIRECTION('',(0.E+000,0.E+000,1.));
#6144 = DIRECTION('',(1.,0.E+000,0.E+000));
#6145 = PCURVE('',#6119,#6146);
#6146 = DEFINITIONAL_REPRESENTATION('',(#6147),#6151);
#6147 = LINE('',#6148,#6149);
#6148 = CARTESIAN_POINT('',(0.E+000,-1.13284));
#6149 = VECTOR('',#6150,1.);
#6150 = DIRECTION('',(-1.,0.E+000));
#6151 = ( GEOMETRIC_REPRESENTATION_CONTEXT(2) 
PARAMETRIC_REPRESENTATION_CONTEXT() REPRESENTATION_CONTEXT('2D SPACE',''
  ) );
#6152 = PCURVE('',#83,#6153);
#6153 = DEFINITIONAL_REPRESENTATION('',(#6154),#6162);
#6154 = ( BOUNDED_CURVE() B_SPLINE_CURVE(2,(#6155,#6156,#6157,#6158,
#6159,#6160,#6161),.UNSPECIFIED.,.T.,.F.) B_SPLINE_CURVE_WITH_KNOTS((1,2
    ,2,2,2,1),(-2.094395102393,0.E+000,2.094395102393,4.188790204786,
6.28318530718,8.377580409573),.UNSPECIFIED.) CURVE() 
GEOMETRIC_REPRESENTATION_ITEM() RATIONAL_B_SPLINE_CURVE((1.,0.5,1.,0.5,
1.,0.5,1.)) REPRESENTATION_ITEM('') );
#6155 = CARTESIAN_POINT('',(-54.991,40.894));
#6156 = CARTESIAN_POINT('',(-54.991,41.553911357684));
#6157 = CARTESIAN_POINT('',(-54.4195,41.223955678842));
#6158 = CARTESIAN_POINT('',(-53.848,40.894));
#6159 = CARTESIAN_POINT('',(-54.4195,40.564044321158));
#6160 = CARTESIAN_POINT('',(-54.991,40.234088642316));
#6161 = CARTESIAN_POINT('',(-54.991,40.894));
#6162 = ( GEOMETRIC_REPRESENTATION_CONTEXT(2) 
PARAMETRIC_REPRESENTATION_CONTEXT() REPRESENTATION_CONTEXT('2D SPACE',''
  ) );
#6163 = ORIENTED_EDGE('',*,*,#6108,.F.);
#6164 = ORIENTED_EDGE('',*,*,#6165,.F.);
#6165 = EDGE_CURVE('',#6109,#6109,#6166,.T.);
#6166 = SURFACE_CURVE('',#6167,(#6172,#6179),.PCURVE_S1.);
#6167 = CIRCLE('',#6168,0.381);
#6168 = AXIS2_PLACEMENT_3D('',#6169,#6170,#6171);
#6169 = CARTESIAN_POINT('',(54.61,40.767,0.E+000));
#6170 = DIRECTION('',(0.E+000,0.E+000,1.));
#6171 = DIRECTION('',(1.,0.E+000,0.E+000));
#6172 = PCURVE('',#6119,#6173);
#6173 = DEFINITIONAL_REPRESENTATION('',(#6174),#6178);
#6174 = LINE('',#6175,#6176);
#6175 = CARTESIAN_POINT('',(0.E+000,0.E+000));
#6176 = VECTOR('',#6177,1.);
#6177 = DIRECTION('',(-1.,0.E+000));
#6178 = ( GEOMETRIC_REPRESENTATION_CONTEXT(2) 
PARAMETRIC_REPRESENTATION_CONTEXT() REPRESENTATION_CONTEXT('2D SPACE',''
  ) );
#6179 = PCURVE('',#137,#6180);
#6180 = DEFINITIONAL_REPRESENTATION('',(#6181),#6189);
#6181 = ( BOUNDED_CURVE() B_SPLINE_CURVE(2,(#6182,#6183,#6184,#6185,
#6186,#6187,#6188),.UNSPECIFIED.,.T.,.F.) B_SPLINE_CURVE_WITH_KNOTS((1,2
    ,2,2,2,1),(-2.094395102393,0.E+000,2.094395102393,4.188790204786,
6.28318530718,8.377580409573),.UNSPECIFIED.) CURVE() 
GEOMETRIC_REPRESENTATION_ITEM() RATIONAL_B_SPLINE_CURVE((1.,0.5,1.,0.5,
1.,0.5,1.)) REPRESENTATION_ITEM('') );
#6182 = CARTESIAN_POINT('',(-54.991,40.894));
#6183 = CARTESIAN_POINT('',(-54.991,41.553911357684));
#6184 = CARTESIAN_POINT('',(-54.4195,41.223955678842));
#6185 = CARTESIAN_POINT('',(-53.848,40.894));
#6186 = CARTESIAN_POINT('',(-54.4195,40.564044321158));
#6187 = CARTESIAN_POINT('',(-54.991,40.234088642316));
#6188 = CARTESIAN_POINT('',(-54.991,40.894));
#6189 = ( GEOMETRIC_REPRESENTATION_CONTEXT(2) 
PARAMETRIC_REPRESENTATION_CONTEXT() REPRESENTATION_CONTEXT('2D SPACE',''
  ) );
#6190 = ADVANCED_FACE('',(#6191),#6205,.F.);
#6191 = FACE_BOUND('',#6192,.T.);
#6192 = EDGE_LOOP('',(#6193,#6223,#6249,#6250));
#6193 = ORIENTED_EDGE('',*,*,#6194,.T.);
#6194 = EDGE_CURVE('',#6195,#6197,#6199,.T.);
#6195 = VERTEX_POINT('',#6196);
#6196 = CARTESIAN_POINT('',(33.2119986,75.946,0.E+000));
#6197 = VERTEX_POINT('',#6198);
#6198 = CARTESIAN_POINT('',(33.2119986,75.946,1.13284));
#6199 = SEAM_CURVE('',#6200,(#6204,#6216),.PCURVE_S1.);
#6200 = LINE('',#6201,#6202);
#6201 = CARTESIAN_POINT('',(33.2119986,75.946,0.E+000));
#6202 = VECTOR('',#6203,1.);
#6203 = DIRECTION('',(0.E+000,0.E+000,1.));
#6204 = PCURVE('',#6205,#6210);
#6205 = CYLINDRICAL_SURFACE('',#6206,0.6999986);
#6206 = AXIS2_PLACEMENT_3D('',#6207,#6208,#6209);
#6207 = CARTESIAN_POINT('',(32.512,75.946,0.E+000));
#6208 = DIRECTION('',(0.E+000,0.E+000,-1.));
#6209 = DIRECTION('',(1.,0.E+000,0.E+000));
#6210 = DEFINITIONAL_REPRESENTATION('',(#6211),#6215);
#6211 = LINE('',#6212,#6213);
#6212 = CARTESIAN_POINT('',(0.E+000,0.E+000));
#6213 = VECTOR('',#6214,1.);
#6214 = DIRECTION('',(0.E+000,-1.));
#6215 = ( GEOMETRIC_REPRESENTATION_CONTEXT(2) 
PARAMETRIC_REPRESENTATION_CONTEXT() REPRESENTATION_CONTEXT('2D SPACE',''
  ) );
#6216 = PCURVE('',#6205,#6217);
#6217 = DEFINITIONAL_REPRESENTATION('',(#6218),#6222);
#6218 = LINE('',#6219,#6220);
#6219 = CARTESIAN_POINT('',(-6.28318530718,0.E+000));
#6220 = VECTOR('',#6221,1.);
#6221 = DIRECTION('',(0.E+000,-1.));
#6222 = ( GEOMETRIC_REPRESENTATION_CONTEXT(2) 
PARAMETRIC_REPRESENTATION_CONTEXT() REPRESENTATION_CONTEXT('2D SPACE',''
  ) );
#6223 = ORIENTED_EDGE('',*,*,#6224,.T.);
#6224 = EDGE_CURVE('',#6197,#6197,#6225,.T.);
#6225 = SURFACE_CURVE('',#6226,(#6231,#6238),.PCURVE_S1.);
#6226 = CIRCLE('',#6227,0.6999986);
#6227 = AXIS2_PLACEMENT_3D('',#6228,#6229,#6230);
#6228 = CARTESIAN_POINT('',(32.512,75.946,1.13284));
#6229 = DIRECTION('',(0.E+000,0.E+000,1.));
#6230 = DIRECTION('',(1.,0.E+000,0.E+000));
#6231 = PCURVE('',#6205,#6232);
#6232 = DEFINITIONAL_REPRESENTATION('',(#6233),#6237);
#6233 = LINE('',#6234,#6235);
#6234 = CARTESIAN_POINT('',(0.E+000,-1.13284));
#6235 = VECTOR('',#6236,1.);
#6236 = DIRECTION('',(-1.,0.E+000));
#6237 = ( GEOMETRIC_REPRESENTATION_CONTEXT(2) 
PARAMETRIC_REPRESENTATION_CONTEXT() REPRESENTATION_CONTEXT('2D SPACE',''
  ) );
#6238 = PCURVE('',#83,#6239);
#6239 = DEFINITIONAL_REPRESENTATION('',(#6240),#6248);
#6240 = ( BOUNDED_CURVE() B_SPLINE_CURVE(2,(#6241,#6242,#6243,#6244,
#6245,#6246,#6247),.UNSPECIFIED.,.T.,.F.) B_SPLINE_CURVE_WITH_KNOTS((1,2
    ,2,2,2,1),(-2.094395102393,0.E+000,2.094395102393,4.188790204786,
6.28318530718,8.377580409573),.UNSPECIFIED.) CURVE() 
GEOMETRIC_REPRESENTATION_ITEM() RATIONAL_B_SPLINE_CURVE((1.,0.5,1.,0.5,
1.,0.5,1.)) REPRESENTATION_ITEM('') );
#6241 = CARTESIAN_POINT('',(-33.2119986,76.073));
#6242 = CARTESIAN_POINT('',(-33.2119986,77.285433140427));
#6243 = CARTESIAN_POINT('',(-32.1620007,76.679216570214));
#6244 = CARTESIAN_POINT('',(-31.1120028,76.073));
#6245 = CARTESIAN_POINT('',(-32.1620007,75.466783429786));
#6246 = CARTESIAN_POINT('',(-33.2119986,74.860566859573));
#6247 = CARTESIAN_POINT('',(-33.2119986,76.073));
#6248 = ( GEOMETRIC_REPRESENTATION_CONTEXT(2) 
PARAMETRIC_REPRESENTATION_CONTEXT() REPRESENTATION_CONTEXT('2D SPACE',''
  ) );
#6249 = ORIENTED_EDGE('',*,*,#6194,.F.);
#6250 = ORIENTED_EDGE('',*,*,#6251,.F.);
#6251 = EDGE_CURVE('',#6195,#6195,#6252,.T.);
#6252 = SURFACE_CURVE('',#6253,(#6258,#6265),.PCURVE_S1.);
#6253 = CIRCLE('',#6254,0.6999986);
#6254 = AXIS2_PLACEMENT_3D('',#6255,#6256,#6257);
#6255 = CARTESIAN_POINT('',(32.512,75.946,0.E+000));
#6256 = DIRECTION('',(0.E+000,0.E+000,1.));
#6257 = DIRECTION('',(1.,0.E+000,0.E+000));
#6258 = PCURVE('',#6205,#6259);
#6259 = DEFINITIONAL_REPRESENTATION('',(#6260),#6264);
#6260 = LINE('',#6261,#6262);
#6261 = CARTESIAN_POINT('',(0.E+000,0.E+000));
#6262 = VECTOR('',#6263,1.);
#6263 = DIRECTION('',(-1.,0.E+000));
#6264 = ( GEOMETRIC_REPRESENTATION_CONTEXT(2) 
PARAMETRIC_REPRESENTATION_CONTEXT() REPRESENTATION_CONTEXT('2D SPACE',''
  ) );
#6265 = PCURVE('',#137,#6266);
#6266 = DEFINITIONAL_REPRESENTATION('',(#6267),#6275);
#6267 = ( BOUNDED_CURVE() B_SPLINE_CURVE(2,(#6268,#6269,#6270,#6271,
#6272,#6273,#6274),.UNSPECIFIED.,.T.,.F.) B_SPLINE_CURVE_WITH_KNOTS((1,2
    ,2,2,2,1),(-2.094395102393,0.E+000,2.094395102393,4.188790204786,
6.28318530718,8.377580409573),.UNSPECIFIED.) CURVE() 
GEOMETRIC_REPRESENTATION_ITEM() RATIONAL_B_SPLINE_CURVE((1.,0.5,1.,0.5,
1.,0.5,1.)) REPRESENTATION_ITEM('') );
#6268 = CARTESIAN_POINT('',(-33.2119986,76.073));
#6269 = CARTESIAN_POINT('',(-33.2119986,77.285433140427));
#6270 = CARTESIAN_POINT('',(-32.1620007,76.679216570214));
#6271 = CARTESIAN_POINT('',(-31.1120028,76.073));
#6272 = CARTESIAN_POINT('',(-32.1620007,75.466783429786));
#6273 = CARTESIAN_POINT('',(-33.2119986,74.860566859573));
#6274 = CARTESIAN_POINT('',(-33.2119986,76.073));
#6275 = ( GEOMETRIC_REPRESENTATION_CONTEXT(2) 
PARAMETRIC_REPRESENTATION_CONTEXT() REPRESENTATION_CONTEXT('2D SPACE',''
  ) );
#6276 = ADVANCED_FACE('',(#6277),#6291,.F.);
#6277 = FACE_BOUND('',#6278,.T.);
#6278 = EDGE_LOOP('',(#6279,#6309,#6335,#6336));
#6279 = ORIENTED_EDGE('',*,*,#6280,.T.);
#6280 = EDGE_CURVE('',#6281,#6283,#6285,.T.);
#6281 = VERTEX_POINT('',#6282);
#6282 = CARTESIAN_POINT('',(29.4019986,75.946,0.E+000));
#6283 = VERTEX_POINT('',#6284);
#6284 = CARTESIAN_POINT('',(29.4019986,75.946,1.13284));
#6285 = SEAM_CURVE('',#6286,(#6290,#6302),.PCURVE_S1.);
#6286 = LINE('',#6287,#6288);
#6287 = CARTESIAN_POINT('',(29.4019986,75.946,0.E+000));
#6288 = VECTOR('',#6289,1.);
#6289 = DIRECTION('',(0.E+000,0.E+000,1.));
#6290 = PCURVE('',#6291,#6296);
#6291 = CYLINDRICAL_SURFACE('',#6292,0.6999986);
#6292 = AXIS2_PLACEMENT_3D('',#6293,#6294,#6295);
#6293 = CARTESIAN_POINT('',(28.702,75.946,0.E+000));
#6294 = DIRECTION('',(0.E+000,0.E+000,-1.));
#6295 = DIRECTION('',(1.,0.E+000,0.E+000));
#6296 = DEFINITIONAL_REPRESENTATION('',(#6297),#6301);
#6297 = LINE('',#6298,#6299);
#6298 = CARTESIAN_POINT('',(0.E+000,0.E+000));
#6299 = VECTOR('',#6300,1.);
#6300 = DIRECTION('',(0.E+000,-1.));
#6301 = ( GEOMETRIC_REPRESENTATION_CONTEXT(2) 
PARAMETRIC_REPRESENTATION_CONTEXT() REPRESENTATION_CONTEXT('2D SPACE',''
  ) );
#6302 = PCURVE('',#6291,#6303);
#6303 = DEFINITIONAL_REPRESENTATION('',(#6304),#6308);
#6304 = LINE('',#6305,#6306);
#6305 = CARTESIAN_POINT('',(-6.28318530718,0.E+000));
#6306 = VECTOR('',#6307,1.);
#6307 = DIRECTION('',(0.E+000,-1.));
#6308 = ( GEOMETRIC_REPRESENTATION_CONTEXT(2) 
PARAMETRIC_REPRESENTATION_CONTEXT() REPRESENTATION_CONTEXT('2D SPACE',''
  ) );
#6309 = ORIENTED_EDGE('',*,*,#6310,.T.);
#6310 = EDGE_CURVE('',#6283,#6283,#6311,.T.);
#6311 = SURFACE_CURVE('',#6312,(#6317,#6324),.PCURVE_S1.);
#6312 = CIRCLE('',#6313,0.6999986);
#6313 = AXIS2_PLACEMENT_3D('',#6314,#6315,#6316);
#6314 = CARTESIAN_POINT('',(28.702,75.946,1.13284));
#6315 = DIRECTION('',(0.E+000,0.E+000,1.));
#6316 = DIRECTION('',(1.,0.E+000,0.E+000));
#6317 = PCURVE('',#6291,#6318);
#6318 = DEFINITIONAL_REPRESENTATION('',(#6319),#6323);
#6319 = LINE('',#6320,#6321);
#6320 = CARTESIAN_POINT('',(0.E+000,-1.13284));
#6321 = VECTOR('',#6322,1.);
#6322 = DIRECTION('',(-1.,0.E+000));
#6323 = ( GEOMETRIC_REPRESENTATION_CONTEXT(2) 
PARAMETRIC_REPRESENTATION_CONTEXT() REPRESENTATION_CONTEXT('2D SPACE',''
  ) );
#6324 = PCURVE('',#83,#6325);
#6325 = DEFINITIONAL_REPRESENTATION('',(#6326),#6334);
#6326 = ( BOUNDED_CURVE() B_SPLINE_CURVE(2,(#6327,#6328,#6329,#6330,
#6331,#6332,#6333),.UNSPECIFIED.,.T.,.F.) B_SPLINE_CURVE_WITH_KNOTS((1,2
    ,2,2,2,1),(-2.094395102393,0.E+000,2.094395102393,4.188790204786,
6.28318530718,8.377580409573),.UNSPECIFIED.) CURVE() 
GEOMETRIC_REPRESENTATION_ITEM() RATIONAL_B_SPLINE_CURVE((1.,0.5,1.,0.5,
1.,0.5,1.)) REPRESENTATION_ITEM('') );
#6327 = CARTESIAN_POINT('',(-29.4019986,76.073));
#6328 = CARTESIAN_POINT('',(-29.4019986,77.285433140427));
#6329 = CARTESIAN_POINT('',(-28.3520007,76.679216570214));
#6330 = CARTESIAN_POINT('',(-27.3020028,76.073));
#6331 = CARTESIAN_POINT('',(-28.3520007,75.466783429786));
#6332 = CARTESIAN_POINT('',(-29.4019986,74.860566859573));
#6333 = CARTESIAN_POINT('',(-29.4019986,76.073));
#6334 = ( GEOMETRIC_REPRESENTATION_CONTEXT(2) 
PARAMETRIC_REPRESENTATION_CONTEXT() REPRESENTATION_CONTEXT('2D SPACE',''
  ) );
#6335 = ORIENTED_EDGE('',*,*,#6280,.F.);
#6336 = ORIENTED_EDGE('',*,*,#6337,.F.);
#6337 = EDGE_CURVE('',#6281,#6281,#6338,.T.);
#6338 = SURFACE_CURVE('',#6339,(#6344,#6351),.PCURVE_S1.);
#6339 = CIRCLE('',#6340,0.6999986);
#6340 = AXIS2_PLACEMENT_3D('',#6341,#6342,#6343);
#6341 = CARTESIAN_POINT('',(28.702,75.946,0.E+000));
#6342 = DIRECTION('',(0.E+000,0.E+000,1.));
#6343 = DIRECTION('',(1.,0.E+000,0.E+000));
#6344 = PCURVE('',#6291,#6345);
#6345 = DEFINITIONAL_REPRESENTATION('',(#6346),#6350);
#6346 = LINE('',#6347,#6348);
#6347 = CARTESIAN_POINT('',(0.E+000,0.E+000));
#6348 = VECTOR('',#6349,1.);
#6349 = DIRECTION('',(-1.,0.E+000));
#6350 = ( GEOMETRIC_REPRESENTATION_CONTEXT(2) 
PARAMETRIC_REPRESENTATION_CONTEXT() REPRESENTATION_CONTEXT('2D SPACE',''
  ) );
#6351 = PCURVE('',#137,#6352);
#6352 = DEFINITIONAL_REPRESENTATION('',(#6353),#6361);
#6353 = ( BOUNDED_CURVE() B_SPLINE_CURVE(2,(#6354,#6355,#6356,#6357,
#6358,#6359,#6360),.UNSPECIFIED.,.T.,.F.) B_SPLINE_CURVE_WITH_KNOTS((1,2
    ,2,2,2,1),(-2.094395102393,0.E+000,2.094395102393,4.188790204786,
6.28318530718,8.377580409573),.UNSPECIFIED.) CURVE() 
GEOMETRIC_REPRESENTATION_ITEM() RATIONAL_B_SPLINE_CURVE((1.,0.5,1.,0.5,
1.,0.5,1.)) REPRESENTATION_ITEM('') );
#6354 = CARTESIAN_POINT('',(-29.4019986,76.073));
#6355 = CARTESIAN_POINT('',(-29.4019986,77.285433140427));
#6356 = CARTESIAN_POINT('',(-28.3520007,76.679216570214));
#6357 = CARTESIAN_POINT('',(-27.3020028,76.073));
#6358 = CARTESIAN_POINT('',(-28.3520007,75.466783429786));
#6359 = CARTESIAN_POINT('',(-29.4019986,74.860566859573));
#6360 = CARTESIAN_POINT('',(-29.4019986,76.073));
#6361 = ( GEOMETRIC_REPRESENTATION_CONTEXT(2) 
PARAMETRIC_REPRESENTATION_CONTEXT() REPRESENTATION_CONTEXT('2D SPACE',''
  ) );
#6362 = ADVANCED_FACE('',(#6363),#6377,.F.);
#6363 = FACE_BOUND('',#6364,.T.);
#6364 = EDGE_LOOP('',(#6365,#6395,#6421,#6422));
#6365 = ORIENTED_EDGE('',*,*,#6366,.T.);
#6366 = EDGE_CURVE('',#6367,#6369,#6371,.T.);
#6367 = VERTEX_POINT('',#6368);
#6368 = CARTESIAN_POINT('',(48.1979986,75.946,0.E+000));
#6369 = VERTEX_POINT('',#6370);
#6370 = CARTESIAN_POINT('',(48.1979986,75.946,1.13284));
#6371 = SEAM_CURVE('',#6372,(#6376,#6388),.PCURVE_S1.);
#6372 = LINE('',#6373,#6374);
#6373 = CARTESIAN_POINT('',(48.1979986,75.946,0.E+000));
#6374 = VECTOR('',#6375,1.);
#6375 = DIRECTION('',(0.E+000,0.E+000,1.));
#6376 = PCURVE('',#6377,#6382);
#6377 = CYLINDRICAL_SURFACE('',#6378,0.6999986);
#6378 = AXIS2_PLACEMENT_3D('',#6379,#6380,#6381);
#6379 = CARTESIAN_POINT('',(47.498,75.946,0.E+000));
#6380 = DIRECTION('',(0.E+000,0.E+000,-1.));
#6381 = DIRECTION('',(1.,0.E+000,0.E+000));
#6382 = DEFINITIONAL_REPRESENTATION('',(#6383),#6387);
#6383 = LINE('',#6384,#6385);
#6384 = CARTESIAN_POINT('',(0.E+000,0.E+000));
#6385 = VECTOR('',#6386,1.);
#6386 = DIRECTION('',(0.E+000,-1.));
#6387 = ( GEOMETRIC_REPRESENTATION_CONTEXT(2) 
PARAMETRIC_REPRESENTATION_CONTEXT() REPRESENTATION_CONTEXT('2D SPACE',''
  ) );
#6388 = PCURVE('',#6377,#6389);
#6389 = DEFINITIONAL_REPRESENTATION('',(#6390),#6394);
#6390 = LINE('',#6391,#6392);
#6391 = CARTESIAN_POINT('',(-6.28318530718,0.E+000));
#6392 = VECTOR('',#6393,1.);
#6393 = DIRECTION('',(0.E+000,-1.));
#6394 = ( GEOMETRIC_REPRESENTATION_CONTEXT(2) 
PARAMETRIC_REPRESENTATION_CONTEXT() REPRESENTATION_CONTEXT('2D SPACE',''
  ) );
#6395 = ORIENTED_EDGE('',*,*,#6396,.T.);
#6396 = EDGE_CURVE('',#6369,#6369,#6397,.T.);
#6397 = SURFACE_CURVE('',#6398,(#6403,#6410),.PCURVE_S1.);
#6398 = CIRCLE('',#6399,0.6999986);
#6399 = AXIS2_PLACEMENT_3D('',#6400,#6401,#6402);
#6400 = CARTESIAN_POINT('',(47.498,75.946,1.13284));
#6401 = DIRECTION('',(0.E+000,0.E+000,1.));
#6402 = DIRECTION('',(1.,0.E+000,0.E+000));
#6403 = PCURVE('',#6377,#6404);
#6404 = DEFINITIONAL_REPRESENTATION('',(#6405),#6409);
#6405 = LINE('',#6406,#6407);
#6406 = CARTESIAN_POINT('',(0.E+000,-1.13284));
#6407 = VECTOR('',#6408,1.);
#6408 = DIRECTION('',(-1.,0.E+000));
#6409 = ( GEOMETRIC_REPRESENTATION_CONTEXT(2) 
PARAMETRIC_REPRESENTATION_CONTEXT() REPRESENTATION_CONTEXT('2D SPACE',''
  ) );
#6410 = PCURVE('',#83,#6411);
#6411 = DEFINITIONAL_REPRESENTATION('',(#6412),#6420);
#6412 = ( BOUNDED_CURVE() B_SPLINE_CURVE(2,(#6413,#6414,#6415,#6416,
#6417,#6418,#6419),.UNSPECIFIED.,.T.,.F.) B_SPLINE_CURVE_WITH_KNOTS((1,2
    ,2,2,2,1),(-2.094395102393,0.E+000,2.094395102393,4.188790204786,
6.28318530718,8.377580409573),.UNSPECIFIED.) CURVE() 
GEOMETRIC_REPRESENTATION_ITEM() RATIONAL_B_SPLINE_CURVE((1.,0.5,1.,0.5,
1.,0.5,1.)) REPRESENTATION_ITEM('') );
#6413 = CARTESIAN_POINT('',(-48.1979986,76.073));
#6414 = CARTESIAN_POINT('',(-48.1979986,77.285433140427));
#6415 = CARTESIAN_POINT('',(-47.1480007,76.679216570214));
#6416 = CARTESIAN_POINT('',(-46.0980028,76.073));
#6417 = CARTESIAN_POINT('',(-47.1480007,75.466783429786));
#6418 = CARTESIAN_POINT('',(-48.1979986,74.860566859573));
#6419 = CARTESIAN_POINT('',(-48.1979986,76.073));
#6420 = ( GEOMETRIC_REPRESENTATION_CONTEXT(2) 
PARAMETRIC_REPRESENTATION_CONTEXT() REPRESENTATION_CONTEXT('2D SPACE',''
  ) );
#6421 = ORIENTED_EDGE('',*,*,#6366,.F.);
#6422 = ORIENTED_EDGE('',*,*,#6423,.F.);
#6423 = EDGE_CURVE('',#6367,#6367,#6424,.T.);
#6424 = SURFACE_CURVE('',#6425,(#6430,#6437),.PCURVE_S1.);
#6425 = CIRCLE('',#6426,0.6999986);
#6426 = AXIS2_PLACEMENT_3D('',#6427,#6428,#6429);
#6427 = CARTESIAN_POINT('',(47.498,75.946,0.E+000));
#6428 = DIRECTION('',(0.E+000,0.E+000,1.));
#6429 = DIRECTION('',(1.,0.E+000,0.E+000));
#6430 = PCURVE('',#6377,#6431);
#6431 = DEFINITIONAL_REPRESENTATION('',(#6432),#6436);
#6432 = LINE('',#6433,#6434);
#6433 = CARTESIAN_POINT('',(0.E+000,0.E+000));
#6434 = VECTOR('',#6435,1.);
#6435 = DIRECTION('',(-1.,0.E+000));
#6436 = ( GEOMETRIC_REPRESENTATION_CONTEXT(2) 
PARAMETRIC_REPRESENTATION_CONTEXT() REPRESENTATION_CONTEXT('2D SPACE',''
  ) );
#6437 = PCURVE('',#137,#6438);
#6438 = DEFINITIONAL_REPRESENTATION('',(#6439),#6447);
#6439 = ( BOUNDED_CURVE() B_SPLINE_CURVE(2,(#6440,#6441,#6442,#6443,
#6444,#6445,#6446),.UNSPECIFIED.,.T.,.F.) B_SPLINE_CURVE_WITH_KNOTS((1,2
    ,2,2,2,1),(-2.094395102393,0.E+000,2.094395102393,4.188790204786,
6.28318530718,8.377580409573),.UNSPECIFIED.) CURVE() 
GEOMETRIC_REPRESENTATION_ITEM() RATIONAL_B_SPLINE_CURVE((1.,0.5,1.,0.5,
1.,0.5,1.)) REPRESENTATION_ITEM('') );
#6440 = CARTESIAN_POINT('',(-48.1979986,76.073));
#6441 = CARTESIAN_POINT('',(-48.1979986,77.285433140427));
#6442 = CARTESIAN_POINT('',(-47.1480007,76.679216570214));
#6443 = CARTESIAN_POINT('',(-46.0980028,76.073));
#6444 = CARTESIAN_POINT('',(-47.1480007,75.466783429786));
#6445 = CARTESIAN_POINT('',(-48.1979986,74.860566859573));
#6446 = CARTESIAN_POINT('',(-48.1979986,76.073));
#6447 = ( GEOMETRIC_REPRESENTATION_CONTEXT(2) 
PARAMETRIC_REPRESENTATION_CONTEXT() REPRESENTATION_CONTEXT('2D SPACE',''
  ) );
#6448 = ADVANCED_FACE('',(#6449),#6463,.F.);
#6449 = FACE_BOUND('',#6450,.T.);
#6450 = EDGE_LOOP('',(#6451,#6481,#6507,#6508));
#6451 = ORIENTED_EDGE('',*,*,#6452,.T.);
#6452 = EDGE_CURVE('',#6453,#6455,#6457,.T.);
#6453 = VERTEX_POINT('',#6454);
#6454 = CARTESIAN_POINT('',(40.5779986,75.946,0.E+000));
#6455 = VERTEX_POINT('',#6456);
#6456 = CARTESIAN_POINT('',(40.5779986,75.946,1.13284));
#6457 = SEAM_CURVE('',#6458,(#6462,#6474),.PCURVE_S1.);
#6458 = LINE('',#6459,#6460);
#6459 = CARTESIAN_POINT('',(40.5779986,75.946,0.E+000));
#6460 = VECTOR('',#6461,1.);
#6461 = DIRECTION('',(0.E+000,0.E+000,1.));
#6462 = PCURVE('',#6463,#6468);
#6463 = CYLINDRICAL_SURFACE('',#6464,0.6999986);
#6464 = AXIS2_PLACEMENT_3D('',#6465,#6466,#6467);
#6465 = CARTESIAN_POINT('',(39.878,75.946,0.E+000));
#6466 = DIRECTION('',(0.E+000,0.E+000,-1.));
#6467 = DIRECTION('',(1.,0.E+000,0.E+000));
#6468 = DEFINITIONAL_REPRESENTATION('',(#6469),#6473);
#6469 = LINE('',#6470,#6471);
#6470 = CARTESIAN_POINT('',(0.E+000,0.E+000));
#6471 = VECTOR('',#6472,1.);
#6472 = DIRECTION('',(0.E+000,-1.));
#6473 = ( GEOMETRIC_REPRESENTATION_CONTEXT(2) 
PARAMETRIC_REPRESENTATION_CONTEXT() REPRESENTATION_CONTEXT('2D SPACE',''
  ) );
#6474 = PCURVE('',#6463,#6475);
#6475 = DEFINITIONAL_REPRESENTATION('',(#6476),#6480);
#6476 = LINE('',#6477,#6478);
#6477 = CARTESIAN_POINT('',(-6.28318530718,0.E+000));
#6478 = VECTOR('',#6479,1.);
#6479 = DIRECTION('',(0.E+000,-1.));
#6480 = ( GEOMETRIC_REPRESENTATION_CONTEXT(2) 
PARAMETRIC_REPRESENTATION_CONTEXT() REPRESENTATION_CONTEXT('2D SPACE',''
  ) );
#6481 = ORIENTED_EDGE('',*,*,#6482,.T.);
#6482 = EDGE_CURVE('',#6455,#6455,#6483,.T.);
#6483 = SURFACE_CURVE('',#6484,(#6489,#6496),.PCURVE_S1.);
#6484 = CIRCLE('',#6485,0.6999986);
#6485 = AXIS2_PLACEMENT_3D('',#6486,#6487,#6488);
#6486 = CARTESIAN_POINT('',(39.878,75.946,1.13284));
#6487 = DIRECTION('',(0.E+000,0.E+000,1.));
#6488 = DIRECTION('',(1.,0.E+000,0.E+000));
#6489 = PCURVE('',#6463,#6490);
#6490 = DEFINITIONAL_REPRESENTATION('',(#6491),#6495);
#6491 = LINE('',#6492,#6493);
#6492 = CARTESIAN_POINT('',(0.E+000,-1.13284));
#6493 = VECTOR('',#6494,1.);
#6494 = DIRECTION('',(-1.,0.E+000));
#6495 = ( GEOMETRIC_REPRESENTATION_CONTEXT(2) 
PARAMETRIC_REPRESENTATION_CONTEXT() REPRESENTATION_CONTEXT('2D SPACE',''
  ) );
#6496 = PCURVE('',#83,#6497);
#6497 = DEFINITIONAL_REPRESENTATION('',(#6498),#6506);
#6498 = ( BOUNDED_CURVE() B_SPLINE_CURVE(2,(#6499,#6500,#6501,#6502,
#6503,#6504,#6505),.UNSPECIFIED.,.T.,.F.) B_SPLINE_CURVE_WITH_KNOTS((1,2
    ,2,2,2,1),(-2.094395102393,0.E+000,2.094395102393,4.188790204786,
6.28318530718,8.377580409573),.UNSPECIFIED.) CURVE() 
GEOMETRIC_REPRESENTATION_ITEM() RATIONAL_B_SPLINE_CURVE((1.,0.5,1.,0.5,
1.,0.5,1.)) REPRESENTATION_ITEM('') );
#6499 = CARTESIAN_POINT('',(-40.5779986,76.073));
#6500 = CARTESIAN_POINT('',(-40.5779986,77.285433140427));
#6501 = CARTESIAN_POINT('',(-39.5280007,76.679216570214));
#6502 = CARTESIAN_POINT('',(-38.4780028,76.073));
#6503 = CARTESIAN_POINT('',(-39.5280007,75.466783429786));
#6504 = CARTESIAN_POINT('',(-40.5779986,74.860566859573));
#6505 = CARTESIAN_POINT('',(-40.5779986,76.073));
#6506 = ( GEOMETRIC_REPRESENTATION_CONTEXT(2) 
PARAMETRIC_REPRESENTATION_CONTEXT() REPRESENTATION_CONTEXT('2D SPACE',''
  ) );
#6507 = ORIENTED_EDGE('',*,*,#6452,.F.);
#6508 = ORIENTED_EDGE('',*,*,#6509,.F.);
#6509 = EDGE_CURVE('',#6453,#6453,#6510,.T.);
#6510 = SURFACE_CURVE('',#6511,(#6516,#6523),.PCURVE_S1.);
#6511 = CIRCLE('',#6512,0.6999986);
#6512 = AXIS2_PLACEMENT_3D('',#6513,#6514,#6515);
#6513 = CARTESIAN_POINT('',(39.878,75.946,0.E+000));
#6514 = DIRECTION('',(0.E+000,0.E+000,1.));
#6515 = DIRECTION('',(1.,0.E+000,0.E+000));
#6516 = PCURVE('',#6463,#6517);
#6517 = DEFINITIONAL_REPRESENTATION('',(#6518),#6522);
#6518 = LINE('',#6519,#6520);
#6519 = CARTESIAN_POINT('',(0.E+000,0.E+000));
#6520 = VECTOR('',#6521,1.);
#6521 = DIRECTION('',(-1.,0.E+000));
#6522 = ( GEOMETRIC_REPRESENTATION_CONTEXT(2) 
PARAMETRIC_REPRESENTATION_CONTEXT() REPRESENTATION_CONTEXT('2D SPACE',''
  ) );
#6523 = PCURVE('',#137,#6524);
#6524 = DEFINITIONAL_REPRESENTATION('',(#6525),#6533);
#6525 = ( BOUNDED_CURVE() B_SPLINE_CURVE(2,(#6526,#6527,#6528,#6529,
#6530,#6531,#6532),.UNSPECIFIED.,.T.,.F.) B_SPLINE_CURVE_WITH_KNOTS((1,2
    ,2,2,2,1),(-2.094395102393,0.E+000,2.094395102393,4.188790204786,
6.28318530718,8.377580409573),.UNSPECIFIED.) CURVE() 
GEOMETRIC_REPRESENTATION_ITEM() RATIONAL_B_SPLINE_CURVE((1.,0.5,1.,0.5,
1.,0.5,1.)) REPRESENTATION_ITEM('') );
#6526 = CARTESIAN_POINT('',(-40.5779986,76.073));
#6527 = CARTESIAN_POINT('',(-40.5779986,77.285433140427));
#6528 = CARTESIAN_POINT('',(-39.5280007,76.679216570214));
#6529 = CARTESIAN_POINT('',(-38.4780028,76.073));
#6530 = CARTESIAN_POINT('',(-39.5280007,75.466783429786));
#6531 = CARTESIAN_POINT('',(-40.5779986,74.860566859573));
#6532 = CARTESIAN_POINT('',(-40.5779986,76.073));
#6533 = ( GEOMETRIC_REPRESENTATION_CONTEXT(2) 
PARAMETRIC_REPRESENTATION_CONTEXT() REPRESENTATION_CONTEXT('2D SPACE',''
  ) );
#6534 = ADVANCED_FACE('',(#6535),#6549,.F.);
#6535 = FACE_BOUND('',#6536,.T.);
#6536 = EDGE_LOOP('',(#6537,#6567,#6593,#6594));
#6537 = ORIENTED_EDGE('',*,*,#6538,.T.);
#6538 = EDGE_CURVE('',#6539,#6541,#6543,.T.);
#6539 = VERTEX_POINT('',#6540);
#6540 = CARTESIAN_POINT('',(44.3879986,75.946,0.E+000));
#6541 = VERTEX_POINT('',#6542);
#6542 = CARTESIAN_POINT('',(44.3879986,75.946,1.13284));
#6543 = SEAM_CURVE('',#6544,(#6548,#6560),.PCURVE_S1.);
#6544 = LINE('',#6545,#6546);
#6545 = CARTESIAN_POINT('',(44.3879986,75.946,0.E+000));
#6546 = VECTOR('',#6547,1.);
#6547 = DIRECTION('',(0.E+000,0.E+000,1.));
#6548 = PCURVE('',#6549,#6554);
#6549 = CYLINDRICAL_SURFACE('',#6550,0.6999986);
#6550 = AXIS2_PLACEMENT_3D('',#6551,#6552,#6553);
#6551 = CARTESIAN_POINT('',(43.688,75.946,0.E+000));
#6552 = DIRECTION('',(0.E+000,0.E+000,-1.));
#6553 = DIRECTION('',(1.,0.E+000,0.E+000));
#6554 = DEFINITIONAL_REPRESENTATION('',(#6555),#6559);
#6555 = LINE('',#6556,#6557);
#6556 = CARTESIAN_POINT('',(0.E+000,0.E+000));
#6557 = VECTOR('',#6558,1.);
#6558 = DIRECTION('',(0.E+000,-1.));
#6559 = ( GEOMETRIC_REPRESENTATION_CONTEXT(2) 
PARAMETRIC_REPRESENTATION_CONTEXT() REPRESENTATION_CONTEXT('2D SPACE',''
  ) );
#6560 = PCURVE('',#6549,#6561);
#6561 = DEFINITIONAL_REPRESENTATION('',(#6562),#6566);
#6562 = LINE('',#6563,#6564);
#6563 = CARTESIAN_POINT('',(-6.28318530718,0.E+000));
#6564 = VECTOR('',#6565,1.);
#6565 = DIRECTION('',(0.E+000,-1.));
#6566 = ( GEOMETRIC_REPRESENTATION_CONTEXT(2) 
PARAMETRIC_REPRESENTATION_CONTEXT() REPRESENTATION_CONTEXT('2D SPACE',''
  ) );
#6567 = ORIENTED_EDGE('',*,*,#6568,.T.);
#6568 = EDGE_CURVE('',#6541,#6541,#6569,.T.);
#6569 = SURFACE_CURVE('',#6570,(#6575,#6582),.PCURVE_S1.);
#6570 = CIRCLE('',#6571,0.6999986);
#6571 = AXIS2_PLACEMENT_3D('',#6572,#6573,#6574);
#6572 = CARTESIAN_POINT('',(43.688,75.946,1.13284));
#6573 = DIRECTION('',(0.E+000,0.E+000,1.));
#6574 = DIRECTION('',(1.,0.E+000,0.E+000));
#6575 = PCURVE('',#6549,#6576);
#6576 = DEFINITIONAL_REPRESENTATION('',(#6577),#6581);
#6577 = LINE('',#6578,#6579);
#6578 = CARTESIAN_POINT('',(0.E+000,-1.13284));
#6579 = VECTOR('',#6580,1.);
#6580 = DIRECTION('',(-1.,0.E+000));
#6581 = ( GEOMETRIC_REPRESENTATION_CONTEXT(2) 
PARAMETRIC_REPRESENTATION_CONTEXT() REPRESENTATION_CONTEXT('2D SPACE',''
  ) );
#6582 = PCURVE('',#83,#6583);
#6583 = DEFINITIONAL_REPRESENTATION('',(#6584),#6592);
#6584 = ( BOUNDED_CURVE() B_SPLINE_CURVE(2,(#6585,#6586,#6587,#6588,
#6589,#6590,#6591),.UNSPECIFIED.,.T.,.F.) B_SPLINE_CURVE_WITH_KNOTS((1,2
    ,2,2,2,1),(-2.094395102393,0.E+000,2.094395102393,4.188790204786,
6.28318530718,8.377580409573),.UNSPECIFIED.) CURVE() 
GEOMETRIC_REPRESENTATION_ITEM() RATIONAL_B_SPLINE_CURVE((1.,0.5,1.,0.5,
1.,0.5,1.)) REPRESENTATION_ITEM('') );
#6585 = CARTESIAN_POINT('',(-44.3879986,76.073));
#6586 = CARTESIAN_POINT('',(-44.3879986,77.285433140427));
#6587 = CARTESIAN_POINT('',(-43.3380007,76.679216570214));
#6588 = CARTESIAN_POINT('',(-42.2880028,76.073));
#6589 = CARTESIAN_POINT('',(-43.3380007,75.466783429786));
#6590 = CARTESIAN_POINT('',(-44.3879986,74.860566859573));
#6591 = CARTESIAN_POINT('',(-44.3879986,76.073));
#6592 = ( GEOMETRIC_REPRESENTATION_CONTEXT(2) 
PARAMETRIC_REPRESENTATION_CONTEXT() REPRESENTATION_CONTEXT('2D SPACE',''
  ) );
#6593 = ORIENTED_EDGE('',*,*,#6538,.F.);
#6594 = ORIENTED_EDGE('',*,*,#6595,.F.);
#6595 = EDGE_CURVE('',#6539,#6539,#6596,.T.);
#6596 = SURFACE_CURVE('',#6597,(#6602,#6609),.PCURVE_S1.);
#6597 = CIRCLE('',#6598,0.6999986);
#6598 = AXIS2_PLACEMENT_3D('',#6599,#6600,#6601);
#6599 = CARTESIAN_POINT('',(43.688,75.946,0.E+000));
#6600 = DIRECTION('',(0.E+000,0.E+000,1.));
#6601 = DIRECTION('',(1.,0.E+000,0.E+000));
#6602 = PCURVE('',#6549,#6603);
#6603 = DEFINITIONAL_REPRESENTATION('',(#6604),#6608);
#6604 = LINE('',#6605,#6606);
#6605 = CARTESIAN_POINT('',(0.E+000,0.E+000));
#6606 = VECTOR('',#6607,1.);
#6607 = DIRECTION('',(-1.,0.E+000));
#6608 = ( GEOMETRIC_REPRESENTATION_CONTEXT(2) 
PARAMETRIC_REPRESENTATION_CONTEXT() REPRESENTATION_CONTEXT('2D SPACE',''
  ) );
#6609 = PCURVE('',#137,#6610);
#6610 = DEFINITIONAL_REPRESENTATION('',(#6611),#6619);
#6611 = ( BOUNDED_CURVE() B_SPLINE_CURVE(2,(#6612,#6613,#6614,#6615,
#6616,#6617,#6618),.UNSPECIFIED.,.T.,.F.) B_SPLINE_CURVE_WITH_KNOTS((1,2
    ,2,2,2,1),(-2.094395102393,0.E+000,2.094395102393,4.188790204786,
6.28318530718,8.377580409573),.UNSPECIFIED.) CURVE() 
GEOMETRIC_REPRESENTATION_ITEM() RATIONAL_B_SPLINE_CURVE((1.,0.5,1.,0.5,
1.,0.5,1.)) REPRESENTATION_ITEM('') );
#6612 = CARTESIAN_POINT('',(-44.3879986,76.073));
#6613 = CARTESIAN_POINT('',(-44.3879986,77.285433140427));
#6614 = CARTESIAN_POINT('',(-43.3380007,76.679216570214));
#6615 = CARTESIAN_POINT('',(-42.2880028,76.073));
#6616 = CARTESIAN_POINT('',(-43.3380007,75.466783429786));
#6617 = CARTESIAN_POINT('',(-44.3879986,74.860566859573));
#6618 = CARTESIAN_POINT('',(-44.3879986,76.073));
#6619 = ( GEOMETRIC_REPRESENTATION_CONTEXT(2) 
PARAMETRIC_REPRESENTATION_CONTEXT() REPRESENTATION_CONTEXT('2D SPACE',''
  ) );
#6620 = ADVANCED_FACE('',(#6621),#6635,.F.);
#6621 = FACE_BOUND('',#6622,.T.);
#6622 = EDGE_LOOP('',(#6623,#6653,#6679,#6680));
#6623 = ORIENTED_EDGE('',*,*,#6624,.T.);
#6624 = EDGE_CURVE('',#6625,#6627,#6629,.T.);
#6625 = VERTEX_POINT('',#6626);
#6626 = CARTESIAN_POINT('',(60.071,33.147,0.E+000));
#6627 = VERTEX_POINT('',#6628);
#6628 = CARTESIAN_POINT('',(60.071,33.147,1.13284));
#6629 = SEAM_CURVE('',#6630,(#6634,#6646),.PCURVE_S1.);
#6630 = LINE('',#6631,#6632);
#6631 = CARTESIAN_POINT('',(60.071,33.147,0.E+000));
#6632 = VECTOR('',#6633,1.);
#6633 = DIRECTION('',(0.E+000,0.E+000,1.));
#6634 = PCURVE('',#6635,#6640);
#6635 = CYLINDRICAL_SURFACE('',#6636,0.381);
#6636 = AXIS2_PLACEMENT_3D('',#6637,#6638,#6639);
#6637 = CARTESIAN_POINT('',(59.69,33.147,0.E+000));
#6638 = DIRECTION('',(0.E+000,0.E+000,-1.));
#6639 = DIRECTION('',(1.,0.E+000,0.E+000));
#6640 = DEFINITIONAL_REPRESENTATION('',(#6641),#6645);
#6641 = LINE('',#6642,#6643);
#6642 = CARTESIAN_POINT('',(0.E+000,0.E+000));
#6643 = VECTOR('',#6644,1.);
#6644 = DIRECTION('',(0.E+000,-1.));
#6645 = ( GEOMETRIC_REPRESENTATION_CONTEXT(2) 
PARAMETRIC_REPRESENTATION_CONTEXT() REPRESENTATION_CONTEXT('2D SPACE',''
  ) );
#6646 = PCURVE('',#6635,#6647);
#6647 = DEFINITIONAL_REPRESENTATION('',(#6648),#6652);
#6648 = LINE('',#6649,#6650);
#6649 = CARTESIAN_POINT('',(-6.28318530718,0.E+000));
#6650 = VECTOR('',#6651,1.);
#6651 = DIRECTION('',(0.E+000,-1.));
#6652 = ( GEOMETRIC_REPRESENTATION_CONTEXT(2) 
PARAMETRIC_REPRESENTATION_CONTEXT() REPRESENTATION_CONTEXT('2D SPACE',''
  ) );
#6653 = ORIENTED_EDGE('',*,*,#6654,.T.);
#6654 = EDGE_CURVE('',#6627,#6627,#6655,.T.);
#6655 = SURFACE_CURVE('',#6656,(#6661,#6668),.PCURVE_S1.);
#6656 = CIRCLE('',#6657,0.381);
#6657 = AXIS2_PLACEMENT_3D('',#6658,#6659,#6660);
#6658 = CARTESIAN_POINT('',(59.69,33.147,1.13284));
#6659 = DIRECTION('',(0.E+000,0.E+000,1.));
#6660 = DIRECTION('',(1.,0.E+000,0.E+000));
#6661 = PCURVE('',#6635,#6662);
#6662 = DEFINITIONAL_REPRESENTATION('',(#6663),#6667);
#6663 = LINE('',#6664,#6665);
#6664 = CARTESIAN_POINT('',(0.E+000,-1.13284));
#6665 = VECTOR('',#6666,1.);
#6666 = DIRECTION('',(-1.,0.E+000));
#6667 = ( GEOMETRIC_REPRESENTATION_CONTEXT(2) 
PARAMETRIC_REPRESENTATION_CONTEXT() REPRESENTATION_CONTEXT('2D SPACE',''
  ) );
#6668 = PCURVE('',#83,#6669);
#6669 = DEFINITIONAL_REPRESENTATION('',(#6670),#6678);
#6670 = ( BOUNDED_CURVE() B_SPLINE_CURVE(2,(#6671,#6672,#6673,#6674,
#6675,#6676,#6677),.UNSPECIFIED.,.T.,.F.) B_SPLINE_CURVE_WITH_KNOTS((1,2
    ,2,2,2,1),(-2.094395102393,0.E+000,2.094395102393,4.188790204786,
6.28318530718,8.377580409573),.UNSPECIFIED.) CURVE() 
GEOMETRIC_REPRESENTATION_ITEM() RATIONAL_B_SPLINE_CURVE((1.,0.5,1.,0.5,
1.,0.5,1.)) REPRESENTATION_ITEM('') );
#6671 = CARTESIAN_POINT('',(-60.071,33.274));
#6672 = CARTESIAN_POINT('',(-60.071,33.933911357684));
#6673 = CARTESIAN_POINT('',(-59.4995,33.603955678842));
#6674 = CARTESIAN_POINT('',(-58.928,33.274));
#6675 = CARTESIAN_POINT('',(-59.4995,32.944044321158));
#6676 = CARTESIAN_POINT('',(-60.071,32.614088642316));
#6677 = CARTESIAN_POINT('',(-60.071,33.274));
#6678 = ( GEOMETRIC_REPRESENTATION_CONTEXT(2) 
PARAMETRIC_REPRESENTATION_CONTEXT() REPRESENTATION_CONTEXT('2D SPACE',''
  ) );
#6679 = ORIENTED_EDGE('',*,*,#6624,.F.);
#6680 = ORIENTED_EDGE('',*,*,#6681,.F.);
#6681 = EDGE_CURVE('',#6625,#6625,#6682,.T.);
#6682 = SURFACE_CURVE('',#6683,(#6688,#6695),.PCURVE_S1.);
#6683 = CIRCLE('',#6684,0.381);
#6684 = AXIS2_PLACEMENT_3D('',#6685,#6686,#6687);
#6685 = CARTESIAN_POINT('',(59.69,33.147,0.E+000));
#6686 = DIRECTION('',(0.E+000,0.E+000,1.));
#6687 = DIRECTION('',(1.,0.E+000,0.E+000));
#6688 = PCURVE('',#6635,#6689);
#6689 = DEFINITIONAL_REPRESENTATION('',(#6690),#6694);
#6690 = LINE('',#6691,#6692);
#6691 = CARTESIAN_POINT('',(0.E+000,0.E+000));
#6692 = VECTOR('',#6693,1.);
#6693 = DIRECTION('',(-1.,0.E+000));
#6694 = ( GEOMETRIC_REPRESENTATION_CONTEXT(2) 
PARAMETRIC_REPRESENTATION_CONTEXT() REPRESENTATION_CONTEXT('2D SPACE',''
  ) );
#6695 = PCURVE('',#137,#6696);
#6696 = DEFINITIONAL_REPRESENTATION('',(#6697),#6705);
#6697 = ( BOUNDED_CURVE() B_SPLINE_CURVE(2,(#6698,#6699,#6700,#6701,
#6702,#6703,#6704),.UNSPECIFIED.,.T.,.F.) B_SPLINE_CURVE_WITH_KNOTS((1,2
    ,2,2,2,1),(-2.094395102393,0.E+000,2.094395102393,4.188790204786,
6.28318530718,8.377580409573),.UNSPECIFIED.) CURVE() 
GEOMETRIC_REPRESENTATION_ITEM() RATIONAL_B_SPLINE_CURVE((1.,0.5,1.,0.5,
1.,0.5,1.)) REPRESENTATION_ITEM('') );
#6698 = CARTESIAN_POINT('',(-60.071,33.274));
#6699 = CARTESIAN_POINT('',(-60.071,33.933911357684));
#6700 = CARTESIAN_POINT('',(-59.4995,33.603955678842));
#6701 = CARTESIAN_POINT('',(-58.928,33.274));
#6702 = CARTESIAN_POINT('',(-59.4995,32.944044321158));
#6703 = CARTESIAN_POINT('',(-60.071,32.614088642316));
#6704 = CARTESIAN_POINT('',(-60.071,33.274));
#6705 = ( GEOMETRIC_REPRESENTATION_CONTEXT(2) 
PARAMETRIC_REPRESENTATION_CONTEXT() REPRESENTATION_CONTEXT('2D SPACE',''
  ) );
#6706 = ADVANCED_FACE('',(#6707),#6721,.F.);
#6707 = FACE_BOUND('',#6708,.T.);
#6708 = EDGE_LOOP('',(#6709,#6739,#6765,#6766));
#6709 = ORIENTED_EDGE('',*,*,#6710,.T.);
#6710 = EDGE_CURVE('',#6711,#6713,#6715,.T.);
#6711 = VERTEX_POINT('',#6712);
#6712 = CARTESIAN_POINT('',(57.531,40.767,0.E+000));
#6713 = VERTEX_POINT('',#6714);
#6714 = CARTESIAN_POINT('',(57.531,40.767,1.13284));
#6715 = SEAM_CURVE('',#6716,(#6720,#6732),.PCURVE_S1.);
#6716 = LINE('',#6717,#6718);
#6717 = CARTESIAN_POINT('',(57.531,40.767,0.E+000));
#6718 = VECTOR('',#6719,1.);
#6719 = DIRECTION('',(0.E+000,0.E+000,1.));
#6720 = PCURVE('',#6721,#6726);
#6721 = CYLINDRICAL_SURFACE('',#6722,0.381);
#6722 = AXIS2_PLACEMENT_3D('',#6723,#6724,#6725);
#6723 = CARTESIAN_POINT('',(57.15,40.767,0.E+000));
#6724 = DIRECTION('',(0.E+000,0.E+000,-1.));
#6725 = DIRECTION('',(1.,0.E+000,0.E+000));
#6726 = DEFINITIONAL_REPRESENTATION('',(#6727),#6731);
#6727 = LINE('',#6728,#6729);
#6728 = CARTESIAN_POINT('',(0.E+000,0.E+000));
#6729 = VECTOR('',#6730,1.);
#6730 = DIRECTION('',(0.E+000,-1.));
#6731 = ( GEOMETRIC_REPRESENTATION_CONTEXT(2) 
PARAMETRIC_REPRESENTATION_CONTEXT() REPRESENTATION_CONTEXT('2D SPACE',''
  ) );
#6732 = PCURVE('',#6721,#6733);
#6733 = DEFINITIONAL_REPRESENTATION('',(#6734),#6738);
#6734 = LINE('',#6735,#6736);
#6735 = CARTESIAN_POINT('',(-6.28318530718,0.E+000));
#6736 = VECTOR('',#6737,1.);
#6737 = DIRECTION('',(0.E+000,-1.));
#6738 = ( GEOMETRIC_REPRESENTATION_CONTEXT(2) 
PARAMETRIC_REPRESENTATION_CONTEXT() REPRESENTATION_CONTEXT('2D SPACE',''
  ) );
#6739 = ORIENTED_EDGE('',*,*,#6740,.T.);
#6740 = EDGE_CURVE('',#6713,#6713,#6741,.T.);
#6741 = SURFACE_CURVE('',#6742,(#6747,#6754),.PCURVE_S1.);
#6742 = CIRCLE('',#6743,0.381);
#6743 = AXIS2_PLACEMENT_3D('',#6744,#6745,#6746);
#6744 = CARTESIAN_POINT('',(57.15,40.767,1.13284));
#6745 = DIRECTION('',(0.E+000,0.E+000,1.));
#6746 = DIRECTION('',(1.,0.E+000,0.E+000));
#6747 = PCURVE('',#6721,#6748);
#6748 = DEFINITIONAL_REPRESENTATION('',(#6749),#6753);
#6749 = LINE('',#6750,#6751);
#6750 = CARTESIAN_POINT('',(0.E+000,-1.13284));
#6751 = VECTOR('',#6752,1.);
#6752 = DIRECTION('',(-1.,0.E+000));
#6753 = ( GEOMETRIC_REPRESENTATION_CONTEXT(2) 
PARAMETRIC_REPRESENTATION_CONTEXT() REPRESENTATION_CONTEXT('2D SPACE',''
  ) );
#6754 = PCURVE('',#83,#6755);
#6755 = DEFINITIONAL_REPRESENTATION('',(#6756),#6764);
#6756 = ( BOUNDED_CURVE() B_SPLINE_CURVE(2,(#6757,#6758,#6759,#6760,
#6761,#6762,#6763),.UNSPECIFIED.,.F.,.F.) B_SPLINE_CURVE_WITH_KNOTS((1,2
    ,2,2,2,1),(-2.094395102393,0.E+000,2.094395102393,4.188790204786,
6.28318530718,8.377580409573),.UNSPECIFIED.) CURVE() 
GEOMETRIC_REPRESENTATION_ITEM() RATIONAL_B_SPLINE_CURVE((1.,0.5,1.,0.5,
1.,0.5,1.)) REPRESENTATION_ITEM('') );
#6757 = CARTESIAN_POINT('',(-57.531,40.894));
#6758 = CARTESIAN_POINT('',(-57.531,41.553911357684));
#6759 = CARTESIAN_POINT('',(-56.9595,41.223955678842));
#6760 = CARTESIAN_POINT('',(-56.388,40.894));
#6761 = CARTESIAN_POINT('',(-56.9595,40.564044321158));
#6762 = CARTESIAN_POINT('',(-57.531,40.234088642316));
#6763 = CARTESIAN_POINT('',(-57.531,40.894));
#6764 = ( GEOMETRIC_REPRESENTATION_CONTEXT(2) 
PARAMETRIC_REPRESENTATION_CONTEXT() REPRESENTATION_CONTEXT('2D SPACE',''
  ) );
#6765 = ORIENTED_EDGE('',*,*,#6710,.F.);
#6766 = ORIENTED_EDGE('',*,*,#6767,.F.);
#6767 = EDGE_CURVE('',#6711,#6711,#6768,.T.);
#6768 = SURFACE_CURVE('',#6769,(#6774,#6781),.PCURVE_S1.);
#6769 = CIRCLE('',#6770,0.381);
#6770 = AXIS2_PLACEMENT_3D('',#6771,#6772,#6773);
#6771 = CARTESIAN_POINT('',(57.15,40.767,0.E+000));
#6772 = DIRECTION('',(0.E+000,0.E+000,1.));
#6773 = DIRECTION('',(1.,0.E+000,0.E+000));
#6774 = PCURVE('',#6721,#6775);
#6775 = DEFINITIONAL_REPRESENTATION('',(#6776),#6780);
#6776 = LINE('',#6777,#6778);
#6777 = CARTESIAN_POINT('',(0.E+000,0.E+000));
#6778 = VECTOR('',#6779,1.);
#6779 = DIRECTION('',(-1.,0.E+000));
#6780 = ( GEOMETRIC_REPRESENTATION_CONTEXT(2) 
PARAMETRIC_REPRESENTATION_CONTEXT() REPRESENTATION_CONTEXT('2D SPACE',''
  ) );
#6781 = PCURVE('',#137,#6782);
#6782 = DEFINITIONAL_REPRESENTATION('',(#6783),#6791);
#6783 = ( BOUNDED_CURVE() B_SPLINE_CURVE(2,(#6784,#6785,#6786,#6787,
#6788,#6789,#6790),.UNSPECIFIED.,.F.,.F.) B_SPLINE_CURVE_WITH_KNOTS((1,2
    ,2,2,2,1),(-2.094395102393,0.E+000,2.094395102393,4.188790204786,
6.28318530718,8.377580409573),.UNSPECIFIED.) CURVE() 
GEOMETRIC_REPRESENTATION_ITEM() RATIONAL_B_SPLINE_CURVE((1.,0.5,1.,0.5,
1.,0.5,1.)) REPRESENTATION_ITEM('') );
#6784 = CARTESIAN_POINT('',(-57.531,40.894));
#6785 = CARTESIAN_POINT('',(-57.531,41.553911357684));
#6786 = CARTESIAN_POINT('',(-56.9595,41.223955678842));
#6787 = CARTESIAN_POINT('',(-56.388,40.894));
#6788 = CARTESIAN_POINT('',(-56.9595,40.564044321158));
#6789 = CARTESIAN_POINT('',(-57.531,40.234088642316));
#6790 = CARTESIAN_POINT('',(-57.531,40.894));
#6791 = ( GEOMETRIC_REPRESENTATION_CONTEXT(2) 
PARAMETRIC_REPRESENTATION_CONTEXT() REPRESENTATION_CONTEXT('2D SPACE',''
  ) );
#6792 = ADVANCED_FACE('',(#6793),#6807,.F.);
#6793 = FACE_BOUND('',#6794,.T.);
#6794 = EDGE_LOOP('',(#6795,#6825,#6851,#6852));
#6795 = ORIENTED_EDGE('',*,*,#6796,.T.);
#6796 = EDGE_CURVE('',#6797,#6799,#6801,.T.);
#6797 = VERTEX_POINT('',#6798);
#6798 = CARTESIAN_POINT('',(62.611,33.147,0.E+000));
#6799 = VERTEX_POINT('',#6800);
#6800 = CARTESIAN_POINT('',(62.611,33.147,1.13284));
#6801 = SEAM_CURVE('',#6802,(#6806,#6818),.PCURVE_S1.);
#6802 = LINE('',#6803,#6804);
#6803 = CARTESIAN_POINT('',(62.611,33.147,0.E+000));
#6804 = VECTOR('',#6805,1.);
#6805 = DIRECTION('',(0.E+000,0.E+000,1.));
#6806 = PCURVE('',#6807,#6812);
#6807 = CYLINDRICAL_SURFACE('',#6808,0.381);
#6808 = AXIS2_PLACEMENT_3D('',#6809,#6810,#6811);
#6809 = CARTESIAN_POINT('',(62.23,33.147,0.E+000));
#6810 = DIRECTION('',(0.E+000,0.E+000,-1.));
#6811 = DIRECTION('',(1.,0.E+000,0.E+000));
#6812 = DEFINITIONAL_REPRESENTATION('',(#6813),#6817);
#6813 = LINE('',#6814,#6815);
#6814 = CARTESIAN_POINT('',(0.E+000,0.E+000));
#6815 = VECTOR('',#6816,1.);
#6816 = DIRECTION('',(0.E+000,-1.));
#6817 = ( GEOMETRIC_REPRESENTATION_CONTEXT(2) 
PARAMETRIC_REPRESENTATION_CONTEXT() REPRESENTATION_CONTEXT('2D SPACE',''
  ) );
#6818 = PCURVE('',#6807,#6819);
#6819 = DEFINITIONAL_REPRESENTATION('',(#6820),#6824);
#6820 = LINE('',#6821,#6822);
#6821 = CARTESIAN_POINT('',(-6.28318530718,0.E+000));
#6822 = VECTOR('',#6823,1.);
#6823 = DIRECTION('',(0.E+000,-1.));
#6824 = ( GEOMETRIC_REPRESENTATION_CONTEXT(2) 
PARAMETRIC_REPRESENTATION_CONTEXT() REPRESENTATION_CONTEXT('2D SPACE',''
  ) );
#6825 = ORIENTED_EDGE('',*,*,#6826,.T.);
#6826 = EDGE_CURVE('',#6799,#6799,#6827,.T.);
#6827 = SURFACE_CURVE('',#6828,(#6833,#6840),.PCURVE_S1.);
#6828 = CIRCLE('',#6829,0.381);
#6829 = AXIS2_PLACEMENT_3D('',#6830,#6831,#6832);
#6830 = CARTESIAN_POINT('',(62.23,33.147,1.13284));
#6831 = DIRECTION('',(0.E+000,0.E+000,1.));
#6832 = DIRECTION('',(1.,0.E+000,0.E+000));
#6833 = PCURVE('',#6807,#6834);
#6834 = DEFINITIONAL_REPRESENTATION('',(#6835),#6839);
#6835 = LINE('',#6836,#6837);
#6836 = CARTESIAN_POINT('',(0.E+000,-1.13284));
#6837 = VECTOR('',#6838,1.);
#6838 = DIRECTION('',(-1.,0.E+000));
#6839 = ( GEOMETRIC_REPRESENTATION_CONTEXT(2) 
PARAMETRIC_REPRESENTATION_CONTEXT() REPRESENTATION_CONTEXT('2D SPACE',''
  ) );
#6840 = PCURVE('',#83,#6841);
#6841 = DEFINITIONAL_REPRESENTATION('',(#6842),#6850);
#6842 = ( BOUNDED_CURVE() B_SPLINE_CURVE(2,(#6843,#6844,#6845,#6846,
#6847,#6848,#6849),.UNSPECIFIED.,.F.,.F.) B_SPLINE_CURVE_WITH_KNOTS((1,2
    ,2,2,2,1),(-2.094395102393,0.E+000,2.094395102393,4.188790204786,
6.28318530718,8.377580409573),.UNSPECIFIED.) CURVE() 
GEOMETRIC_REPRESENTATION_ITEM() RATIONAL_B_SPLINE_CURVE((1.,0.5,1.,0.5,
1.,0.5,1.)) REPRESENTATION_ITEM('') );
#6843 = CARTESIAN_POINT('',(-62.611,33.274));
#6844 = CARTESIAN_POINT('',(-62.611,33.933911357684));
#6845 = CARTESIAN_POINT('',(-62.0395,33.603955678842));
#6846 = CARTESIAN_POINT('',(-61.468,33.274));
#6847 = CARTESIAN_POINT('',(-62.0395,32.944044321158));
#6848 = CARTESIAN_POINT('',(-62.611,32.614088642316));
#6849 = CARTESIAN_POINT('',(-62.611,33.274));
#6850 = ( GEOMETRIC_REPRESENTATION_CONTEXT(2) 
PARAMETRIC_REPRESENTATION_CONTEXT() REPRESENTATION_CONTEXT('2D SPACE',''
  ) );
#6851 = ORIENTED_EDGE('',*,*,#6796,.F.);
#6852 = ORIENTED_EDGE('',*,*,#6853,.F.);
#6853 = EDGE_CURVE('',#6797,#6797,#6854,.T.);
#6854 = SURFACE_CURVE('',#6855,(#6860,#6867),.PCURVE_S1.);
#6855 = CIRCLE('',#6856,0.381);
#6856 = AXIS2_PLACEMENT_3D('',#6857,#6858,#6859);
#6857 = CARTESIAN_POINT('',(62.23,33.147,0.E+000));
#6858 = DIRECTION('',(0.E+000,0.E+000,1.));
#6859 = DIRECTION('',(1.,0.E+000,0.E+000));
#6860 = PCURVE('',#6807,#6861);
#6861 = DEFINITIONAL_REPRESENTATION('',(#6862),#6866);
#6862 = LINE('',#6863,#6864);
#6863 = CARTESIAN_POINT('',(0.E+000,0.E+000));
#6864 = VECTOR('',#6865,1.);
#6865 = DIRECTION('',(-1.,0.E+000));
#6866 = ( GEOMETRIC_REPRESENTATION_CONTEXT(2) 
PARAMETRIC_REPRESENTATION_CONTEXT() REPRESENTATION_CONTEXT('2D SPACE',''
  ) );
#6867 = PCURVE('',#137,#6868);
#6868 = DEFINITIONAL_REPRESENTATION('',(#6869),#6877);
#6869 = ( BOUNDED_CURVE() B_SPLINE_CURVE(2,(#6870,#6871,#6872,#6873,
#6874,#6875,#6876),.UNSPECIFIED.,.F.,.F.) B_SPLINE_CURVE_WITH_KNOTS((1,2
    ,2,2,2,1),(-2.094395102393,0.E+000,2.094395102393,4.188790204786,
6.28318530718,8.377580409573),.UNSPECIFIED.) CURVE() 
GEOMETRIC_REPRESENTATION_ITEM() RATIONAL_B_SPLINE_CURVE((1.,0.5,1.,0.5,
1.,0.5,1.)) REPRESENTATION_ITEM('') );
#6870 = CARTESIAN_POINT('',(-62.611,33.274));
#6871 = CARTESIAN_POINT('',(-62.611,33.933911357684));
#6872 = CARTESIAN_POINT('',(-62.0395,33.603955678842));
#6873 = CARTESIAN_POINT('',(-61.468,33.274));
#6874 = CARTESIAN_POINT('',(-62.0395,32.944044321158));
#6875 = CARTESIAN_POINT('',(-62.611,32.614088642316));
#6876 = CARTESIAN_POINT('',(-62.611,33.274));
#6877 = ( GEOMETRIC_REPRESENTATION_CONTEXT(2) 
PARAMETRIC_REPRESENTATION_CONTEXT() REPRESENTATION_CONTEXT('2D SPACE',''
  ) );
#6878 = ADVANCED_FACE('',(#6879),#6893,.F.);
#6879 = FACE_BOUND('',#6880,.T.);
#6880 = EDGE_LOOP('',(#6881,#6911,#6937,#6938));
#6881 = ORIENTED_EDGE('',*,*,#6882,.T.);
#6882 = EDGE_CURVE('',#6883,#6885,#6887,.T.);
#6883 = VERTEX_POINT('',#6884);
#6884 = CARTESIAN_POINT('',(62.611,40.767,0.E+000));
#6885 = VERTEX_POINT('',#6886);
#6886 = CARTESIAN_POINT('',(62.611,40.767,1.13284));
#6887 = SEAM_CURVE('',#6888,(#6892,#6904),.PCURVE_S1.);
#6888 = LINE('',#6889,#6890);
#6889 = CARTESIAN_POINT('',(62.611,40.767,0.E+000));
#6890 = VECTOR('',#6891,1.);
#6891 = DIRECTION('',(0.E+000,0.E+000,1.));
#6892 = PCURVE('',#6893,#6898);
#6893 = CYLINDRICAL_SURFACE('',#6894,0.381);
#6894 = AXIS2_PLACEMENT_3D('',#6895,#6896,#6897);
#6895 = CARTESIAN_POINT('',(62.23,40.767,0.E+000));
#6896 = DIRECTION('',(0.E+000,0.E+000,-1.));
#6897 = DIRECTION('',(1.,0.E+000,0.E+000));
#6898 = DEFINITIONAL_REPRESENTATION('',(#6899),#6903);
#6899 = LINE('',#6900,#6901);
#6900 = CARTESIAN_POINT('',(0.E+000,0.E+000));
#6901 = VECTOR('',#6902,1.);
#6902 = DIRECTION('',(0.E+000,-1.));
#6903 = ( GEOMETRIC_REPRESENTATION_CONTEXT(2) 
PARAMETRIC_REPRESENTATION_CONTEXT() REPRESENTATION_CONTEXT('2D SPACE',''
  ) );
#6904 = PCURVE('',#6893,#6905);
#6905 = DEFINITIONAL_REPRESENTATION('',(#6906),#6910);
#6906 = LINE('',#6907,#6908);
#6907 = CARTESIAN_POINT('',(-6.28318530718,0.E+000));
#6908 = VECTOR('',#6909,1.);
#6909 = DIRECTION('',(0.E+000,-1.));
#6910 = ( GEOMETRIC_REPRESENTATION_CONTEXT(2) 
PARAMETRIC_REPRESENTATION_CONTEXT() REPRESENTATION_CONTEXT('2D SPACE',''
  ) );
#6911 = ORIENTED_EDGE('',*,*,#6912,.T.);
#6912 = EDGE_CURVE('',#6885,#6885,#6913,.T.);
#6913 = SURFACE_CURVE('',#6914,(#6919,#6926),.PCURVE_S1.);
#6914 = CIRCLE('',#6915,0.381);
#6915 = AXIS2_PLACEMENT_3D('',#6916,#6917,#6918);
#6916 = CARTESIAN_POINT('',(62.23,40.767,1.13284));
#6917 = DIRECTION('',(0.E+000,0.E+000,1.));
#6918 = DIRECTION('',(1.,0.E+000,0.E+000));
#6919 = PCURVE('',#6893,#6920);
#6920 = DEFINITIONAL_REPRESENTATION('',(#6921),#6925);
#6921 = LINE('',#6922,#6923);
#6922 = CARTESIAN_POINT('',(0.E+000,-1.13284));
#6923 = VECTOR('',#6924,1.);
#6924 = DIRECTION('',(-1.,0.E+000));
#6925 = ( GEOMETRIC_REPRESENTATION_CONTEXT(2) 
PARAMETRIC_REPRESENTATION_CONTEXT() REPRESENTATION_CONTEXT('2D SPACE',''
  ) );
#6926 = PCURVE('',#83,#6927);
#6927 = DEFINITIONAL_REPRESENTATION('',(#6928),#6936);
#6928 = ( BOUNDED_CURVE() B_SPLINE_CURVE(2,(#6929,#6930,#6931,#6932,
#6933,#6934,#6935),.UNSPECIFIED.,.F.,.F.) B_SPLINE_CURVE_WITH_KNOTS((1,2
    ,2,2,2,1),(-2.094395102393,0.E+000,2.094395102393,4.188790204786,
6.28318530718,8.377580409573),.UNSPECIFIED.) CURVE() 
GEOMETRIC_REPRESENTATION_ITEM() RATIONAL_B_SPLINE_CURVE((1.,0.5,1.,0.5,
1.,0.5,1.)) REPRESENTATION_ITEM('') );
#6929 = CARTESIAN_POINT('',(-62.611,40.894));
#6930 = CARTESIAN_POINT('',(-62.611,41.553911357684));
#6931 = CARTESIAN_POINT('',(-62.0395,41.223955678842));
#6932 = CARTESIAN_POINT('',(-61.468,40.894));
#6933 = CARTESIAN_POINT('',(-62.0395,40.564044321158));
#6934 = CARTESIAN_POINT('',(-62.611,40.234088642316));
#6935 = CARTESIAN_POINT('',(-62.611,40.894));
#6936 = ( GEOMETRIC_REPRESENTATION_CONTEXT(2) 
PARAMETRIC_REPRESENTATION_CONTEXT() REPRESENTATION_CONTEXT('2D SPACE',''
  ) );
#6937 = ORIENTED_EDGE('',*,*,#6882,.F.);
#6938 = ORIENTED_EDGE('',*,*,#6939,.F.);
#6939 = EDGE_CURVE('',#6883,#6883,#6940,.T.);
#6940 = SURFACE_CURVE('',#6941,(#6946,#6953),.PCURVE_S1.);
#6941 = CIRCLE('',#6942,0.381);
#6942 = AXIS2_PLACEMENT_3D('',#6943,#6944,#6945);
#6943 = CARTESIAN_POINT('',(62.23,40.767,0.E+000));
#6944 = DIRECTION('',(0.E+000,0.E+000,1.));
#6945 = DIRECTION('',(1.,0.E+000,0.E+000));
#6946 = PCURVE('',#6893,#6947);
#6947 = DEFINITIONAL_REPRESENTATION('',(#6948),#6952);
#6948 = LINE('',#6949,#6950);
#6949 = CARTESIAN_POINT('',(0.E+000,0.E+000));
#6950 = VECTOR('',#6951,1.);
#6951 = DIRECTION('',(-1.,0.E+000));
#6952 = ( GEOMETRIC_REPRESENTATION_CONTEXT(2) 
PARAMETRIC_REPRESENTATION_CONTEXT() REPRESENTATION_CONTEXT('2D SPACE',''
  ) );
#6953 = PCURVE('',#137,#6954);
#6954 = DEFINITIONAL_REPRESENTATION('',(#6955),#6963);
#6955 = ( BOUNDED_CURVE() B_SPLINE_CURVE(2,(#6956,#6957,#6958,#6959,
#6960,#6961,#6962),.UNSPECIFIED.,.F.,.F.) B_SPLINE_CURVE_WITH_KNOTS((1,2
    ,2,2,2,1),(-2.094395102393,0.E+000,2.094395102393,4.188790204786,
6.28318530718,8.377580409573),.UNSPECIFIED.) CURVE() 
GEOMETRIC_REPRESENTATION_ITEM() RATIONAL_B_SPLINE_CURVE((1.,0.5,1.,0.5,
1.,0.5,1.)) REPRESENTATION_ITEM('') );
#6956 = CARTESIAN_POINT('',(-62.611,40.894));
#6957 = CARTESIAN_POINT('',(-62.611,41.553911357684));
#6958 = CARTESIAN_POINT('',(-62.0395,41.223955678842));
#6959 = CARTESIAN_POINT('',(-61.468,40.894));
#6960 = CARTESIAN_POINT('',(-62.0395,40.564044321158));
#6961 = CARTESIAN_POINT('',(-62.611,40.234088642316));
#6962 = CARTESIAN_POINT('',(-62.611,40.894));
#6963 = ( GEOMETRIC_REPRESENTATION_CONTEXT(2) 
PARAMETRIC_REPRESENTATION_CONTEXT() REPRESENTATION_CONTEXT('2D SPACE',''
  ) );
#6964 = ADVANCED_FACE('',(#6965),#6979,.F.);
#6965 = FACE_BOUND('',#6966,.T.);
#6966 = EDGE_LOOP('',(#6967,#6997,#7023,#7024));
#6967 = ORIENTED_EDGE('',*,*,#6968,.T.);
#6968 = EDGE_CURVE('',#6969,#6971,#6973,.T.);
#6969 = VERTEX_POINT('',#6970);
#6970 = CARTESIAN_POINT('',(70.231,33.147,0.E+000));
#6971 = VERTEX_POINT('',#6972);
#6972 = CARTESIAN_POINT('',(70.231,33.147,1.13284));
#6973 = SEAM_CURVE('',#6974,(#6978,#6990),.PCURVE_S1.);
#6974 = LINE('',#6975,#6976);
#6975 = CARTESIAN_POINT('',(70.231,33.147,0.E+000));
#6976 = VECTOR('',#6977,1.);
#6977 = DIRECTION('',(0.E+000,0.E+000,1.));
#6978 = PCURVE('',#6979,#6984);
#6979 = CYLINDRICAL_SURFACE('',#6980,0.381);
#6980 = AXIS2_PLACEMENT_3D('',#6981,#6982,#6983);
#6981 = CARTESIAN_POINT('',(69.85,33.147,0.E+000));
#6982 = DIRECTION('',(0.E+000,0.E+000,-1.));
#6983 = DIRECTION('',(1.,0.E+000,0.E+000));
#6984 = DEFINITIONAL_REPRESENTATION('',(#6985),#6989);
#6985 = LINE('',#6986,#6987);
#6986 = CARTESIAN_POINT('',(0.E+000,0.E+000));
#6987 = VECTOR('',#6988,1.);
#6988 = DIRECTION('',(0.E+000,-1.));
#6989 = ( GEOMETRIC_REPRESENTATION_CONTEXT(2) 
PARAMETRIC_REPRESENTATION_CONTEXT() REPRESENTATION_CONTEXT('2D SPACE',''
  ) );
#6990 = PCURVE('',#6979,#6991);
#6991 = DEFINITIONAL_REPRESENTATION('',(#6992),#6996);
#6992 = LINE('',#6993,#6994);
#6993 = CARTESIAN_POINT('',(-6.28318530718,0.E+000));
#6994 = VECTOR('',#6995,1.);
#6995 = DIRECTION('',(0.E+000,-1.));
#6996 = ( GEOMETRIC_REPRESENTATION_CONTEXT(2) 
PARAMETRIC_REPRESENTATION_CONTEXT() REPRESENTATION_CONTEXT('2D SPACE',''
  ) );
#6997 = ORIENTED_EDGE('',*,*,#6998,.T.);
#6998 = EDGE_CURVE('',#6971,#6971,#6999,.T.);
#6999 = SURFACE_CURVE('',#7000,(#7005,#7012),.PCURVE_S1.);
#7000 = CIRCLE('',#7001,0.381);
#7001 = AXIS2_PLACEMENT_3D('',#7002,#7003,#7004);
#7002 = CARTESIAN_POINT('',(69.85,33.147,1.13284));
#7003 = DIRECTION('',(0.E+000,0.E+000,1.));
#7004 = DIRECTION('',(1.,0.E+000,0.E+000));
#7005 = PCURVE('',#6979,#7006);
#7006 = DEFINITIONAL_REPRESENTATION('',(#7007),#7011);
#7007 = LINE('',#7008,#7009);
#7008 = CARTESIAN_POINT('',(0.E+000,-1.13284));
#7009 = VECTOR('',#7010,1.);
#7010 = DIRECTION('',(-1.,0.E+000));
#7011 = ( GEOMETRIC_REPRESENTATION_CONTEXT(2) 
PARAMETRIC_REPRESENTATION_CONTEXT() REPRESENTATION_CONTEXT('2D SPACE',''
  ) );
#7012 = PCURVE('',#83,#7013);
#7013 = DEFINITIONAL_REPRESENTATION('',(#7014),#7022);
#7014 = ( BOUNDED_CURVE() B_SPLINE_CURVE(2,(#7015,#7016,#7017,#7018,
#7019,#7020,#7021),.UNSPECIFIED.,.T.,.F.) B_SPLINE_CURVE_WITH_KNOTS((1,2
    ,2,2,2,1),(-2.094395102393,0.E+000,2.094395102393,4.188790204786,
6.28318530718,8.377580409573),.UNSPECIFIED.) CURVE() 
GEOMETRIC_REPRESENTATION_ITEM() RATIONAL_B_SPLINE_CURVE((1.,0.5,1.,0.5,
1.,0.5,1.)) REPRESENTATION_ITEM('') );
#7015 = CARTESIAN_POINT('',(-70.231,33.274));
#7016 = CARTESIAN_POINT('',(-70.231,33.933911357684));
#7017 = CARTESIAN_POINT('',(-69.6595,33.603955678842));
#7018 = CARTESIAN_POINT('',(-69.088,33.274));
#7019 = CARTESIAN_POINT('',(-69.6595,32.944044321158));
#7020 = CARTESIAN_POINT('',(-70.231,32.614088642316));
#7021 = CARTESIAN_POINT('',(-70.231,33.274));
#7022 = ( GEOMETRIC_REPRESENTATION_CONTEXT(2) 
PARAMETRIC_REPRESENTATION_CONTEXT() REPRESENTATION_CONTEXT('2D SPACE',''
  ) );
#7023 = ORIENTED_EDGE('',*,*,#6968,.F.);
#7024 = ORIENTED_EDGE('',*,*,#7025,.F.);
#7025 = EDGE_CURVE('',#6969,#6969,#7026,.T.);
#7026 = SURFACE_CURVE('',#7027,(#7032,#7039),.PCURVE_S1.);
#7027 = CIRCLE('',#7028,0.381);
#7028 = AXIS2_PLACEMENT_3D('',#7029,#7030,#7031);
#7029 = CARTESIAN_POINT('',(69.85,33.147,0.E+000));
#7030 = DIRECTION('',(0.E+000,0.E+000,1.));
#7031 = DIRECTION('',(1.,0.E+000,0.E+000));
#7032 = PCURVE('',#6979,#7033);
#7033 = DEFINITIONAL_REPRESENTATION('',(#7034),#7038);
#7034 = LINE('',#7035,#7036);
#7035 = CARTESIAN_POINT('',(0.E+000,0.E+000));
#7036 = VECTOR('',#7037,1.);
#7037 = DIRECTION('',(-1.,0.E+000));
#7038 = ( GEOMETRIC_REPRESENTATION_CONTEXT(2) 
PARAMETRIC_REPRESENTATION_CONTEXT() REPRESENTATION_CONTEXT('2D SPACE',''
  ) );
#7039 = PCURVE('',#137,#7040);
#7040 = DEFINITIONAL_REPRESENTATION('',(#7041),#7049);
#7041 = ( BOUNDED_CURVE() B_SPLINE_CURVE(2,(#7042,#7043,#7044,#7045,
#7046,#7047,#7048),.UNSPECIFIED.,.T.,.F.) B_SPLINE_CURVE_WITH_KNOTS((1,2
    ,2,2,2,1),(-2.094395102393,0.E+000,2.094395102393,4.188790204786,
6.28318530718,8.377580409573),.UNSPECIFIED.) CURVE() 
GEOMETRIC_REPRESENTATION_ITEM() RATIONAL_B_SPLINE_CURVE((1.,0.5,1.,0.5,
1.,0.5,1.)) REPRESENTATION_ITEM('') );
#7042 = CARTESIAN_POINT('',(-70.231,33.274));
#7043 = CARTESIAN_POINT('',(-70.231,33.933911357684));
#7044 = CARTESIAN_POINT('',(-69.6595,33.603955678842));
#7045 = CARTESIAN_POINT('',(-69.088,33.274));
#7046 = CARTESIAN_POINT('',(-69.6595,32.944044321158));
#7047 = CARTESIAN_POINT('',(-70.231,32.614088642316));
#7048 = CARTESIAN_POINT('',(-70.231,33.274));
#7049 = ( GEOMETRIC_REPRESENTATION_CONTEXT(2) 
PARAMETRIC_REPRESENTATION_CONTEXT() REPRESENTATION_CONTEXT('2D SPACE',''
  ) );
#7050 = ADVANCED_FACE('',(#7051),#7065,.F.);
#7051 = FACE_BOUND('',#7052,.T.);
#7052 = EDGE_LOOP('',(#7053,#7083,#7109,#7110));
#7053 = ORIENTED_EDGE('',*,*,#7054,.T.);
#7054 = EDGE_CURVE('',#7055,#7057,#7059,.T.);
#7055 = VERTEX_POINT('',#7056);
#7056 = CARTESIAN_POINT('',(67.691,40.767,0.E+000));
#7057 = VERTEX_POINT('',#7058);
#7058 = CARTESIAN_POINT('',(67.691,40.767,1.13284));
#7059 = SEAM_CURVE('',#7060,(#7064,#7076),.PCURVE_S1.);
#7060 = LINE('',#7061,#7062);
#7061 = CARTESIAN_POINT('',(67.691,40.767,0.E+000));
#7062 = VECTOR('',#7063,1.);
#7063 = DIRECTION('',(0.E+000,0.E+000,1.));
#7064 = PCURVE('',#7065,#7070);
#7065 = CYLINDRICAL_SURFACE('',#7066,0.381);
#7066 = AXIS2_PLACEMENT_3D('',#7067,#7068,#7069);
#7067 = CARTESIAN_POINT('',(67.31,40.767,0.E+000));
#7068 = DIRECTION('',(0.E+000,0.E+000,-1.));
#7069 = DIRECTION('',(1.,0.E+000,0.E+000));
#7070 = DEFINITIONAL_REPRESENTATION('',(#7071),#7075);
#7071 = LINE('',#7072,#7073);
#7072 = CARTESIAN_POINT('',(0.E+000,0.E+000));
#7073 = VECTOR('',#7074,1.);
#7074 = DIRECTION('',(0.E+000,-1.));
#7075 = ( GEOMETRIC_REPRESENTATION_CONTEXT(2) 
PARAMETRIC_REPRESENTATION_CONTEXT() REPRESENTATION_CONTEXT('2D SPACE',''
  ) );
#7076 = PCURVE('',#7065,#7077);
#7077 = DEFINITIONAL_REPRESENTATION('',(#7078),#7082);
#7078 = LINE('',#7079,#7080);
#7079 = CARTESIAN_POINT('',(-6.28318530718,0.E+000));
#7080 = VECTOR('',#7081,1.);
#7081 = DIRECTION('',(0.E+000,-1.));
#7082 = ( GEOMETRIC_REPRESENTATION_CONTEXT(2) 
PARAMETRIC_REPRESENTATION_CONTEXT() REPRESENTATION_CONTEXT('2D SPACE',''
  ) );
#7083 = ORIENTED_EDGE('',*,*,#7084,.T.);
#7084 = EDGE_CURVE('',#7057,#7057,#7085,.T.);
#7085 = SURFACE_CURVE('',#7086,(#7091,#7098),.PCURVE_S1.);
#7086 = CIRCLE('',#7087,0.381);
#7087 = AXIS2_PLACEMENT_3D('',#7088,#7089,#7090);
#7088 = CARTESIAN_POINT('',(67.31,40.767,1.13284));
#7089 = DIRECTION('',(0.E+000,0.E+000,1.));
#7090 = DIRECTION('',(1.,0.E+000,0.E+000));
#7091 = PCURVE('',#7065,#7092);
#7092 = DEFINITIONAL_REPRESENTATION('',(#7093),#7097);
#7093 = LINE('',#7094,#7095);
#7094 = CARTESIAN_POINT('',(0.E+000,-1.13284));
#7095 = VECTOR('',#7096,1.);
#7096 = DIRECTION('',(-1.,0.E+000));
#7097 = ( GEOMETRIC_REPRESENTATION_CONTEXT(2) 
PARAMETRIC_REPRESENTATION_CONTEXT() REPRESENTATION_CONTEXT('2D SPACE',''
  ) );
#7098 = PCURVE('',#83,#7099);
#7099 = DEFINITIONAL_REPRESENTATION('',(#7100),#7108);
#7100 = ( BOUNDED_CURVE() B_SPLINE_CURVE(2,(#7101,#7102,#7103,#7104,
#7105,#7106,#7107),.UNSPECIFIED.,.T.,.F.) B_SPLINE_CURVE_WITH_KNOTS((1,2
    ,2,2,2,1),(-2.094395102393,0.E+000,2.094395102393,4.188790204786,
6.28318530718,8.377580409573),.UNSPECIFIED.) CURVE() 
GEOMETRIC_REPRESENTATION_ITEM() RATIONAL_B_SPLINE_CURVE((1.,0.5,1.,0.5,
1.,0.5,1.)) REPRESENTATION_ITEM('') );
#7101 = CARTESIAN_POINT('',(-67.691,40.894));
#7102 = CARTESIAN_POINT('',(-67.691,41.553911357684));
#7103 = CARTESIAN_POINT('',(-67.1195,41.223955678842));
#7104 = CARTESIAN_POINT('',(-66.548,40.894));
#7105 = CARTESIAN_POINT('',(-67.1195,40.564044321158));
#7106 = CARTESIAN_POINT('',(-67.691,40.234088642316));
#7107 = CARTESIAN_POINT('',(-67.691,40.894));
#7108 = ( GEOMETRIC_REPRESENTATION_CONTEXT(2) 
PARAMETRIC_REPRESENTATION_CONTEXT() REPRESENTATION_CONTEXT('2D SPACE',''
  ) );
#7109 = ORIENTED_EDGE('',*,*,#7054,.F.);
#7110 = ORIENTED_EDGE('',*,*,#7111,.F.);
#7111 = EDGE_CURVE('',#7055,#7055,#7112,.T.);
#7112 = SURFACE_CURVE('',#7113,(#7118,#7125),.PCURVE_S1.);
#7113 = CIRCLE('',#7114,0.381);
#7114 = AXIS2_PLACEMENT_3D('',#7115,#7116,#7117);
#7115 = CARTESIAN_POINT('',(67.31,40.767,0.E+000));
#7116 = DIRECTION('',(0.E+000,0.E+000,1.));
#7117 = DIRECTION('',(1.,0.E+000,0.E+000));
#7118 = PCURVE('',#7065,#7119);
#7119 = DEFINITIONAL_REPRESENTATION('',(#7120),#7124);
#7120 = LINE('',#7121,#7122);
#7121 = CARTESIAN_POINT('',(0.E+000,0.E+000));
#7122 = VECTOR('',#7123,1.);
#7123 = DIRECTION('',(-1.,0.E+000));
#7124 = ( GEOMETRIC_REPRESENTATION_CONTEXT(2) 
PARAMETRIC_REPRESENTATION_CONTEXT() REPRESENTATION_CONTEXT('2D SPACE',''
  ) );
#7125 = PCURVE('',#137,#7126);
#7126 = DEFINITIONAL_REPRESENTATION('',(#7127),#7135);
#7127 = ( BOUNDED_CURVE() B_SPLINE_CURVE(2,(#7128,#7129,#7130,#7131,
#7132,#7133,#7134),.UNSPECIFIED.,.T.,.F.) B_SPLINE_CURVE_WITH_KNOTS((1,2
    ,2,2,2,1),(-2.094395102393,0.E+000,2.094395102393,4.188790204786,
6.28318530718,8.377580409573),.UNSPECIFIED.) CURVE() 
GEOMETRIC_REPRESENTATION_ITEM() RATIONAL_B_SPLINE_CURVE((1.,0.5,1.,0.5,
1.,0.5,1.)) REPRESENTATION_ITEM('') );
#7128 = CARTESIAN_POINT('',(-67.691,40.894));
#7129 = CARTESIAN_POINT('',(-67.691,41.553911357684));
#7130 = CARTESIAN_POINT('',(-67.1195,41.223955678842));
#7131 = CARTESIAN_POINT('',(-66.548,40.894));
#7132 = CARTESIAN_POINT('',(-67.1195,40.564044321158));
#7133 = CARTESIAN_POINT('',(-67.691,40.234088642316));
#7134 = CARTESIAN_POINT('',(-67.691,40.894));
#7135 = ( GEOMETRIC_REPRESENTATION_CONTEXT(2) 
PARAMETRIC_REPRESENTATION_CONTEXT() REPRESENTATION_CONTEXT('2D SPACE',''
  ) );
#7136 = ADVANCED_FACE('',(#7137),#7151,.F.);
#7137 = FACE_BOUND('',#7138,.T.);
#7138 = EDGE_LOOP('',(#7139,#7169,#7195,#7196));
#7139 = ORIENTED_EDGE('',*,*,#7140,.T.);
#7140 = EDGE_CURVE('',#7141,#7143,#7145,.T.);
#7141 = VERTEX_POINT('',#7142);
#7142 = CARTESIAN_POINT('',(60.071,40.767,0.E+000));
#7143 = VERTEX_POINT('',#7144);
#7144 = CARTESIAN_POINT('',(60.071,40.767,1.13284));
#7145 = SEAM_CURVE('',#7146,(#7150,#7162),.PCURVE_S1.);
#7146 = LINE('',#7147,#7148);
#7147 = CARTESIAN_POINT('',(60.071,40.767,0.E+000));
#7148 = VECTOR('',#7149,1.);
#7149 = DIRECTION('',(0.E+000,0.E+000,1.));
#7150 = PCURVE('',#7151,#7156);
#7151 = CYLINDRICAL_SURFACE('',#7152,0.381);
#7152 = AXIS2_PLACEMENT_3D('',#7153,#7154,#7155);
#7153 = CARTESIAN_POINT('',(59.69,40.767,0.E+000));
#7154 = DIRECTION('',(0.E+000,0.E+000,-1.));
#7155 = DIRECTION('',(1.,0.E+000,0.E+000));
#7156 = DEFINITIONAL_REPRESENTATION('',(#7157),#7161);
#7157 = LINE('',#7158,#7159);
#7158 = CARTESIAN_POINT('',(0.E+000,0.E+000));
#7159 = VECTOR('',#7160,1.);
#7160 = DIRECTION('',(0.E+000,-1.));
#7161 = ( GEOMETRIC_REPRESENTATION_CONTEXT(2) 
PARAMETRIC_REPRESENTATION_CONTEXT() REPRESENTATION_CONTEXT('2D SPACE',''
  ) );
#7162 = PCURVE('',#7151,#7163);
#7163 = DEFINITIONAL_REPRESENTATION('',(#7164),#7168);
#7164 = LINE('',#7165,#7166);
#7165 = CARTESIAN_POINT('',(-6.28318530718,0.E+000));
#7166 = VECTOR('',#7167,1.);
#7167 = DIRECTION('',(0.E+000,-1.));
#7168 = ( GEOMETRIC_REPRESENTATION_CONTEXT(2) 
PARAMETRIC_REPRESENTATION_CONTEXT() REPRESENTATION_CONTEXT('2D SPACE',''
  ) );
#7169 = ORIENTED_EDGE('',*,*,#7170,.T.);
#7170 = EDGE_CURVE('',#7143,#7143,#7171,.T.);
#7171 = SURFACE_CURVE('',#7172,(#7177,#7184),.PCURVE_S1.);
#7172 = CIRCLE('',#7173,0.381);
#7173 = AXIS2_PLACEMENT_3D('',#7174,#7175,#7176);
#7174 = CARTESIAN_POINT('',(59.69,40.767,1.13284));
#7175 = DIRECTION('',(0.E+000,0.E+000,1.));
#7176 = DIRECTION('',(1.,0.E+000,0.E+000));
#7177 = PCURVE('',#7151,#7178);
#7178 = DEFINITIONAL_REPRESENTATION('',(#7179),#7183);
#7179 = LINE('',#7180,#7181);
#7180 = CARTESIAN_POINT('',(0.E+000,-1.13284));
#7181 = VECTOR('',#7182,1.);
#7182 = DIRECTION('',(-1.,0.E+000));
#7183 = ( GEOMETRIC_REPRESENTATION_CONTEXT(2) 
PARAMETRIC_REPRESENTATION_CONTEXT() REPRESENTATION_CONTEXT('2D SPACE',''
  ) );
#7184 = PCURVE('',#83,#7185);
#7185 = DEFINITIONAL_REPRESENTATION('',(#7186),#7194);
#7186 = ( BOUNDED_CURVE() B_SPLINE_CURVE(2,(#7187,#7188,#7189,#7190,
#7191,#7192,#7193),.UNSPECIFIED.,.T.,.F.) B_SPLINE_CURVE_WITH_KNOTS((1,2
    ,2,2,2,1),(-2.094395102393,0.E+000,2.094395102393,4.188790204786,
6.28318530718,8.377580409573),.UNSPECIFIED.) CURVE() 
GEOMETRIC_REPRESENTATION_ITEM() RATIONAL_B_SPLINE_CURVE((1.,0.5,1.,0.5,
1.,0.5,1.)) REPRESENTATION_ITEM('') );
#7187 = CARTESIAN_POINT('',(-60.071,40.894));
#7188 = CARTESIAN_POINT('',(-60.071,41.553911357684));
#7189 = CARTESIAN_POINT('',(-59.4995,41.223955678842));
#7190 = CARTESIAN_POINT('',(-58.928,40.894));
#7191 = CARTESIAN_POINT('',(-59.4995,40.564044321158));
#7192 = CARTESIAN_POINT('',(-60.071,40.234088642316));
#7193 = CARTESIAN_POINT('',(-60.071,40.894));
#7194 = ( GEOMETRIC_REPRESENTATION_CONTEXT(2) 
PARAMETRIC_REPRESENTATION_CONTEXT() REPRESENTATION_CONTEXT('2D SPACE',''
  ) );
#7195 = ORIENTED_EDGE('',*,*,#7140,.F.);
#7196 = ORIENTED_EDGE('',*,*,#7197,.F.);
#7197 = EDGE_CURVE('',#7141,#7141,#7198,.T.);
#7198 = SURFACE_CURVE('',#7199,(#7204,#7211),.PCURVE_S1.);
#7199 = CIRCLE('',#7200,0.381);
#7200 = AXIS2_PLACEMENT_3D('',#7201,#7202,#7203);
#7201 = CARTESIAN_POINT('',(59.69,40.767,0.E+000));
#7202 = DIRECTION('',(0.E+000,0.E+000,1.));
#7203 = DIRECTION('',(1.,0.E+000,0.E+000));
#7204 = PCURVE('',#7151,#7205);
#7205 = DEFINITIONAL_REPRESENTATION('',(#7206),#7210);
#7206 = LINE('',#7207,#7208);
#7207 = CARTESIAN_POINT('',(0.E+000,0.E+000));
#7208 = VECTOR('',#7209,1.);
#7209 = DIRECTION('',(-1.,0.E+000));
#7210 = ( GEOMETRIC_REPRESENTATION_CONTEXT(2) 
PARAMETRIC_REPRESENTATION_CONTEXT() REPRESENTATION_CONTEXT('2D SPACE',''
  ) );
#7211 = PCURVE('',#137,#7212);
#7212 = DEFINITIONAL_REPRESENTATION('',(#7213),#7221);
#7213 = ( BOUNDED_CURVE() B_SPLINE_CURVE(2,(#7214,#7215,#7216,#7217,
#7218,#7219,#7220),.UNSPECIFIED.,.T.,.F.) B_SPLINE_CURVE_WITH_KNOTS((1,2
    ,2,2,2,1),(-2.094395102393,0.E+000,2.094395102393,4.188790204786,
6.28318530718,8.377580409573),.UNSPECIFIED.) CURVE() 
GEOMETRIC_REPRESENTATION_ITEM() RATIONAL_B_SPLINE_CURVE((1.,0.5,1.,0.5,
1.,0.5,1.)) REPRESENTATION_ITEM('') );
#7214 = CARTESIAN_POINT('',(-60.071,40.894));
#7215 = CARTESIAN_POINT('',(-60.071,41.553911357684));
#7216 = CARTESIAN_POINT('',(-59.4995,41.223955678842));
#7217 = CARTESIAN_POINT('',(-58.928,40.894));
#7218 = CARTESIAN_POINT('',(-59.4995,40.564044321158));
#7219 = CARTESIAN_POINT('',(-60.071,40.234088642316));
#7220 = CARTESIAN_POINT('',(-60.071,40.894));
#7221 = ( GEOMETRIC_REPRESENTATION_CONTEXT(2) 
PARAMETRIC_REPRESENTATION_CONTEXT() REPRESENTATION_CONTEXT('2D SPACE',''
  ) );
#7222 = ADVANCED_FACE('',(#7223),#7237,.F.);
#7223 = FACE_BOUND('',#7224,.T.);
#7224 = EDGE_LOOP('',(#7225,#7255,#7281,#7282));
#7225 = ORIENTED_EDGE('',*,*,#7226,.T.);
#7226 = EDGE_CURVE('',#7227,#7229,#7231,.T.);
#7227 = VERTEX_POINT('',#7228);
#7228 = CARTESIAN_POINT('',(65.151,40.767,0.E+000));
#7229 = VERTEX_POINT('',#7230);
#7230 = CARTESIAN_POINT('',(65.151,40.767,1.13284));
#7231 = SEAM_CURVE('',#7232,(#7236,#7248),.PCURVE_S1.);
#7232 = LINE('',#7233,#7234);
#7233 = CARTESIAN_POINT('',(65.151,40.767,0.E+000));
#7234 = VECTOR('',#7235,1.);
#7235 = DIRECTION('',(0.E+000,0.E+000,1.));
#7236 = PCURVE('',#7237,#7242);
#7237 = CYLINDRICAL_SURFACE('',#7238,0.381);
#7238 = AXIS2_PLACEMENT_3D('',#7239,#7240,#7241);
#7239 = CARTESIAN_POINT('',(64.77,40.767,0.E+000));
#7240 = DIRECTION('',(0.E+000,0.E+000,-1.));
#7241 = DIRECTION('',(1.,0.E+000,0.E+000));
#7242 = DEFINITIONAL_REPRESENTATION('',(#7243),#7247);
#7243 = LINE('',#7244,#7245);
#7244 = CARTESIAN_POINT('',(0.E+000,0.E+000));
#7245 = VECTOR('',#7246,1.);
#7246 = DIRECTION('',(0.E+000,-1.));
#7247 = ( GEOMETRIC_REPRESENTATION_CONTEXT(2) 
PARAMETRIC_REPRESENTATION_CONTEXT() REPRESENTATION_CONTEXT('2D SPACE',''
  ) );
#7248 = PCURVE('',#7237,#7249);
#7249 = DEFINITIONAL_REPRESENTATION('',(#7250),#7254);
#7250 = LINE('',#7251,#7252);
#7251 = CARTESIAN_POINT('',(-6.28318530718,0.E+000));
#7252 = VECTOR('',#7253,1.);
#7253 = DIRECTION('',(0.E+000,-1.));
#7254 = ( GEOMETRIC_REPRESENTATION_CONTEXT(2) 
PARAMETRIC_REPRESENTATION_CONTEXT() REPRESENTATION_CONTEXT('2D SPACE',''
  ) );
#7255 = ORIENTED_EDGE('',*,*,#7256,.T.);
#7256 = EDGE_CURVE('',#7229,#7229,#7257,.T.);
#7257 = SURFACE_CURVE('',#7258,(#7263,#7270),.PCURVE_S1.);
#7258 = CIRCLE('',#7259,0.381);
#7259 = AXIS2_PLACEMENT_3D('',#7260,#7261,#7262);
#7260 = CARTESIAN_POINT('',(64.77,40.767,1.13284));
#7261 = DIRECTION('',(0.E+000,0.E+000,1.));
#7262 = DIRECTION('',(1.,0.E+000,0.E+000));
#7263 = PCURVE('',#7237,#7264);
#7264 = DEFINITIONAL_REPRESENTATION('',(#7265),#7269);
#7265 = LINE('',#7266,#7267);
#7266 = CARTESIAN_POINT('',(0.E+000,-1.13284));
#7267 = VECTOR('',#7268,1.);
#7268 = DIRECTION('',(-1.,0.E+000));
#7269 = ( GEOMETRIC_REPRESENTATION_CONTEXT(2) 
PARAMETRIC_REPRESENTATION_CONTEXT() REPRESENTATION_CONTEXT('2D SPACE',''
  ) );
#7270 = PCURVE('',#83,#7271);
#7271 = DEFINITIONAL_REPRESENTATION('',(#7272),#7280);
#7272 = ( BOUNDED_CURVE() B_SPLINE_CURVE(2,(#7273,#7274,#7275,#7276,
#7277,#7278,#7279),.UNSPECIFIED.,.T.,.F.) B_SPLINE_CURVE_WITH_KNOTS((1,2
    ,2,2,2,1),(-2.094395102393,0.E+000,2.094395102393,4.188790204786,
6.28318530718,8.377580409573),.UNSPECIFIED.) CURVE() 
GEOMETRIC_REPRESENTATION_ITEM() RATIONAL_B_SPLINE_CURVE((1.,0.5,1.,0.5,
1.,0.5,1.)) REPRESENTATION_ITEM('') );
#7273 = CARTESIAN_POINT('',(-65.151,40.894));
#7274 = CARTESIAN_POINT('',(-65.151,41.553911357684));
#7275 = CARTESIAN_POINT('',(-64.5795,41.223955678842));
#7276 = CARTESIAN_POINT('',(-64.008,40.894));
#7277 = CARTESIAN_POINT('',(-64.5795,40.564044321158));
#7278 = CARTESIAN_POINT('',(-65.151,40.234088642316));
#7279 = CARTESIAN_POINT('',(-65.151,40.894));
#7280 = ( GEOMETRIC_REPRESENTATION_CONTEXT(2) 
PARAMETRIC_REPRESENTATION_CONTEXT() REPRESENTATION_CONTEXT('2D SPACE',''
  ) );
#7281 = ORIENTED_EDGE('',*,*,#7226,.F.);
#7282 = ORIENTED_EDGE('',*,*,#7283,.F.);
#7283 = EDGE_CURVE('',#7227,#7227,#7284,.T.);
#7284 = SURFACE_CURVE('',#7285,(#7290,#7297),.PCURVE_S1.);
#7285 = CIRCLE('',#7286,0.381);
#7286 = AXIS2_PLACEMENT_3D('',#7287,#7288,#7289);
#7287 = CARTESIAN_POINT('',(64.77,40.767,0.E+000));
#7288 = DIRECTION('',(0.E+000,0.E+000,1.));
#7289 = DIRECTION('',(1.,0.E+000,0.E+000));
#7290 = PCURVE('',#7237,#7291);
#7291 = DEFINITIONAL_REPRESENTATION('',(#7292),#7296);
#7292 = LINE('',#7293,#7294);
#7293 = CARTESIAN_POINT('',(0.E+000,0.E+000));
#7294 = VECTOR('',#7295,1.);
#7295 = DIRECTION('',(-1.,0.E+000));
#7296 = ( GEOMETRIC_REPRESENTATION_CONTEXT(2) 
PARAMETRIC_REPRESENTATION_CONTEXT() REPRESENTATION_CONTEXT('2D SPACE',''
  ) );
#7297 = PCURVE('',#137,#7298);
#7298 = DEFINITIONAL_REPRESENTATION('',(#7299),#7307);
#7299 = ( BOUNDED_CURVE() B_SPLINE_CURVE(2,(#7300,#7301,#7302,#7303,
#7304,#7305,#7306),.UNSPECIFIED.,.T.,.F.) B_SPLINE_CURVE_WITH_KNOTS((1,2
    ,2,2,2,1),(-2.094395102393,0.E+000,2.094395102393,4.188790204786,
6.28318530718,8.377580409573),.UNSPECIFIED.) CURVE() 
GEOMETRIC_REPRESENTATION_ITEM() RATIONAL_B_SPLINE_CURVE((1.,0.5,1.,0.5,
1.,0.5,1.)) REPRESENTATION_ITEM('') );
#7300 = CARTESIAN_POINT('',(-65.151,40.894));
#7301 = CARTESIAN_POINT('',(-65.151,41.553911357684));
#7302 = CARTESIAN_POINT('',(-64.5795,41.223955678842));
#7303 = CARTESIAN_POINT('',(-64.008,40.894));
#7304 = CARTESIAN_POINT('',(-64.5795,40.564044321158));
#7305 = CARTESIAN_POINT('',(-65.151,40.234088642316));
#7306 = CARTESIAN_POINT('',(-65.151,40.894));
#7307 = ( GEOMETRIC_REPRESENTATION_CONTEXT(2) 
PARAMETRIC_REPRESENTATION_CONTEXT() REPRESENTATION_CONTEXT('2D SPACE',''
  ) );
#7308 = ADVANCED_FACE('',(#7309),#7323,.F.);
#7309 = FACE_BOUND('',#7310,.T.);
#7310 = EDGE_LOOP('',(#7311,#7341,#7367,#7368));
#7311 = ORIENTED_EDGE('',*,*,#7312,.T.);
#7312 = EDGE_CURVE('',#7313,#7315,#7317,.T.);
#7313 = VERTEX_POINT('',#7314);
#7314 = CARTESIAN_POINT('',(70.231,40.767,0.E+000));
#7315 = VERTEX_POINT('',#7316);
#7316 = CARTESIAN_POINT('',(70.231,40.767,1.13284));
#7317 = SEAM_CURVE('',#7318,(#7322,#7334),.PCURVE_S1.);
#7318 = LINE('',#7319,#7320);
#7319 = CARTESIAN_POINT('',(70.231,40.767,0.E+000));
#7320 = VECTOR('',#7321,1.);
#7321 = DIRECTION('',(0.E+000,0.E+000,1.));
#7322 = PCURVE('',#7323,#7328);
#7323 = CYLINDRICAL_SURFACE('',#7324,0.381);
#7324 = AXIS2_PLACEMENT_3D('',#7325,#7326,#7327);
#7325 = CARTESIAN_POINT('',(69.85,40.767,0.E+000));
#7326 = DIRECTION('',(0.E+000,0.E+000,-1.));
#7327 = DIRECTION('',(1.,0.E+000,0.E+000));
#7328 = DEFINITIONAL_REPRESENTATION('',(#7329),#7333);
#7329 = LINE('',#7330,#7331);
#7330 = CARTESIAN_POINT('',(0.E+000,0.E+000));
#7331 = VECTOR('',#7332,1.);
#7332 = DIRECTION('',(0.E+000,-1.));
#7333 = ( GEOMETRIC_REPRESENTATION_CONTEXT(2) 
PARAMETRIC_REPRESENTATION_CONTEXT() REPRESENTATION_CONTEXT('2D SPACE',''
  ) );
#7334 = PCURVE('',#7323,#7335);
#7335 = DEFINITIONAL_REPRESENTATION('',(#7336),#7340);
#7336 = LINE('',#7337,#7338);
#7337 = CARTESIAN_POINT('',(-6.28318530718,0.E+000));
#7338 = VECTOR('',#7339,1.);
#7339 = DIRECTION('',(0.E+000,-1.));
#7340 = ( GEOMETRIC_REPRESENTATION_CONTEXT(2) 
PARAMETRIC_REPRESENTATION_CONTEXT() REPRESENTATION_CONTEXT('2D SPACE',''
  ) );
#7341 = ORIENTED_EDGE('',*,*,#7342,.T.);
#7342 = EDGE_CURVE('',#7315,#7315,#7343,.T.);
#7343 = SURFACE_CURVE('',#7344,(#7349,#7356),.PCURVE_S1.);
#7344 = CIRCLE('',#7345,0.381);
#7345 = AXIS2_PLACEMENT_3D('',#7346,#7347,#7348);
#7346 = CARTESIAN_POINT('',(69.85,40.767,1.13284));
#7347 = DIRECTION('',(0.E+000,0.E+000,1.));
#7348 = DIRECTION('',(1.,0.E+000,0.E+000));
#7349 = PCURVE('',#7323,#7350);
#7350 = DEFINITIONAL_REPRESENTATION('',(#7351),#7355);
#7351 = LINE('',#7352,#7353);
#7352 = CARTESIAN_POINT('',(0.E+000,-1.13284));
#7353 = VECTOR('',#7354,1.);
#7354 = DIRECTION('',(-1.,0.E+000));
#7355 = ( GEOMETRIC_REPRESENTATION_CONTEXT(2) 
PARAMETRIC_REPRESENTATION_CONTEXT() REPRESENTATION_CONTEXT('2D SPACE',''
  ) );
#7356 = PCURVE('',#83,#7357);
#7357 = DEFINITIONAL_REPRESENTATION('',(#7358),#7366);
#7358 = ( BOUNDED_CURVE() B_SPLINE_CURVE(2,(#7359,#7360,#7361,#7362,
#7363,#7364,#7365),.UNSPECIFIED.,.T.,.F.) B_SPLINE_CURVE_WITH_KNOTS((1,2
    ,2,2,2,1),(-2.094395102393,0.E+000,2.094395102393,4.188790204786,
6.28318530718,8.377580409573),.UNSPECIFIED.) CURVE() 
GEOMETRIC_REPRESENTATION_ITEM() RATIONAL_B_SPLINE_CURVE((1.,0.5,1.,0.5,
1.,0.5,1.)) REPRESENTATION_ITEM('') );
#7359 = CARTESIAN_POINT('',(-70.231,40.894));
#7360 = CARTESIAN_POINT('',(-70.231,41.553911357684));
#7361 = CARTESIAN_POINT('',(-69.6595,41.223955678842));
#7362 = CARTESIAN_POINT('',(-69.088,40.894));
#7363 = CARTESIAN_POINT('',(-69.6595,40.564044321158));
#7364 = CARTESIAN_POINT('',(-70.231,40.234088642316));
#7365 = CARTESIAN_POINT('',(-70.231,40.894));
#7366 = ( GEOMETRIC_REPRESENTATION_CONTEXT(2) 
PARAMETRIC_REPRESENTATION_CONTEXT() REPRESENTATION_CONTEXT('2D SPACE',''
  ) );
#7367 = ORIENTED_EDGE('',*,*,#7312,.F.);
#7368 = ORIENTED_EDGE('',*,*,#7369,.F.);
#7369 = EDGE_CURVE('',#7313,#7313,#7370,.T.);
#7370 = SURFACE_CURVE('',#7371,(#7376,#7383),.PCURVE_S1.);
#7371 = CIRCLE('',#7372,0.381);
#7372 = AXIS2_PLACEMENT_3D('',#7373,#7374,#7375);
#7373 = CARTESIAN_POINT('',(69.85,40.767,0.E+000));
#7374 = DIRECTION('',(0.E+000,0.E+000,1.));
#7375 = DIRECTION('',(1.,0.E+000,0.E+000));
#7376 = PCURVE('',#7323,#7377);
#7377 = DEFINITIONAL_REPRESENTATION('',(#7378),#7382);
#7378 = LINE('',#7379,#7380);
#7379 = CARTESIAN_POINT('',(0.E+000,0.E+000));
#7380 = VECTOR('',#7381,1.);
#7381 = DIRECTION('',(-1.,0.E+000));
#7382 = ( GEOMETRIC_REPRESENTATION_CONTEXT(2) 
PARAMETRIC_REPRESENTATION_CONTEXT() REPRESENTATION_CONTEXT('2D SPACE',''
  ) );
#7383 = PCURVE('',#137,#7384);
#7384 = DEFINITIONAL_REPRESENTATION('',(#7385),#7393);
#7385 = ( BOUNDED_CURVE() B_SPLINE_CURVE(2,(#7386,#7387,#7388,#7389,
#7390,#7391,#7392),.UNSPECIFIED.,.T.,.F.) B_SPLINE_CURVE_WITH_KNOTS((1,2
    ,2,2,2,1),(-2.094395102393,0.E+000,2.094395102393,4.188790204786,
6.28318530718,8.377580409573),.UNSPECIFIED.) CURVE() 
GEOMETRIC_REPRESENTATION_ITEM() RATIONAL_B_SPLINE_CURVE((1.,0.5,1.,0.5,
1.,0.5,1.)) REPRESENTATION_ITEM('') );
#7386 = CARTESIAN_POINT('',(-70.231,40.894));
#7387 = CARTESIAN_POINT('',(-70.231,41.553911357684));
#7388 = CARTESIAN_POINT('',(-69.6595,41.223955678842));
#7389 = CARTESIAN_POINT('',(-69.088,40.894));
#7390 = CARTESIAN_POINT('',(-69.6595,40.564044321158));
#7391 = CARTESIAN_POINT('',(-70.231,40.234088642316));
#7392 = CARTESIAN_POINT('',(-70.231,40.894));
#7393 = ( GEOMETRIC_REPRESENTATION_CONTEXT(2) 
PARAMETRIC_REPRESENTATION_CONTEXT() REPRESENTATION_CONTEXT('2D SPACE',''
  ) );
#7394 = ADVANCED_FACE('',(#7395),#7409,.F.);
#7395 = FACE_BOUND('',#7396,.T.);
#7396 = EDGE_LOOP('',(#7397,#7427,#7453,#7454));
#7397 = ORIENTED_EDGE('',*,*,#7398,.T.);
#7398 = EDGE_CURVE('',#7399,#7401,#7403,.T.);
#7399 = VERTEX_POINT('',#7400);
#7400 = CARTESIAN_POINT('',(73.787,46.99,0.E+000));
#7401 = VERTEX_POINT('',#7402);
#7402 = CARTESIAN_POINT('',(73.787,46.99,1.13284));
#7403 = SEAM_CURVE('',#7404,(#7408,#7420),.PCURVE_S1.);
#7404 = LINE('',#7405,#7406);
#7405 = CARTESIAN_POINT('',(73.787,46.99,0.E+000));
#7406 = VECTOR('',#7407,1.);
#7407 = DIRECTION('',(0.E+000,0.E+000,1.));
#7408 = PCURVE('',#7409,#7414);
#7409 = CYLINDRICAL_SURFACE('',#7410,0.381);
#7410 = AXIS2_PLACEMENT_3D('',#7411,#7412,#7413);
#7411 = CARTESIAN_POINT('',(73.406,46.99,0.E+000));
#7412 = DIRECTION('',(0.E+000,0.E+000,-1.));
#7413 = DIRECTION('',(1.,0.E+000,0.E+000));
#7414 = DEFINITIONAL_REPRESENTATION('',(#7415),#7419);
#7415 = LINE('',#7416,#7417);
#7416 = CARTESIAN_POINT('',(0.E+000,0.E+000));
#7417 = VECTOR('',#7418,1.);
#7418 = DIRECTION('',(0.E+000,-1.));
#7419 = ( GEOMETRIC_REPRESENTATION_CONTEXT(2) 
PARAMETRIC_REPRESENTATION_CONTEXT() REPRESENTATION_CONTEXT('2D SPACE',''
  ) );
#7420 = PCURVE('',#7409,#7421);
#7421 = DEFINITIONAL_REPRESENTATION('',(#7422),#7426);
#7422 = LINE('',#7423,#7424);
#7423 = CARTESIAN_POINT('',(-6.28318530718,0.E+000));
#7424 = VECTOR('',#7425,1.);
#7425 = DIRECTION('',(0.E+000,-1.));
#7426 = ( GEOMETRIC_REPRESENTATION_CONTEXT(2) 
PARAMETRIC_REPRESENTATION_CONTEXT() REPRESENTATION_CONTEXT('2D SPACE',''
  ) );
#7427 = ORIENTED_EDGE('',*,*,#7428,.T.);
#7428 = EDGE_CURVE('',#7401,#7401,#7429,.T.);
#7429 = SURFACE_CURVE('',#7430,(#7435,#7442),.PCURVE_S1.);
#7430 = CIRCLE('',#7431,0.381);
#7431 = AXIS2_PLACEMENT_3D('',#7432,#7433,#7434);
#7432 = CARTESIAN_POINT('',(73.406,46.99,1.13284));
#7433 = DIRECTION('',(0.E+000,0.E+000,1.));
#7434 = DIRECTION('',(1.,0.E+000,0.E+000));
#7435 = PCURVE('',#7409,#7436);
#7436 = DEFINITIONAL_REPRESENTATION('',(#7437),#7441);
#7437 = LINE('',#7438,#7439);
#7438 = CARTESIAN_POINT('',(0.E+000,-1.13284));
#7439 = VECTOR('',#7440,1.);
#7440 = DIRECTION('',(-1.,0.E+000));
#7441 = ( GEOMETRIC_REPRESENTATION_CONTEXT(2) 
PARAMETRIC_REPRESENTATION_CONTEXT() REPRESENTATION_CONTEXT('2D SPACE',''
  ) );
#7442 = PCURVE('',#83,#7443);
#7443 = DEFINITIONAL_REPRESENTATION('',(#7444),#7452);
#7444 = ( BOUNDED_CURVE() B_SPLINE_CURVE(2,(#7445,#7446,#7447,#7448,
#7449,#7450,#7451),.UNSPECIFIED.,.T.,.F.) B_SPLINE_CURVE_WITH_KNOTS((1,2
    ,2,2,2,1),(-2.094395102393,0.E+000,2.094395102393,4.188790204786,
6.28318530718,8.377580409573),.UNSPECIFIED.) CURVE() 
GEOMETRIC_REPRESENTATION_ITEM() RATIONAL_B_SPLINE_CURVE((1.,0.5,1.,0.5,
1.,0.5,1.)) REPRESENTATION_ITEM('') );
#7445 = CARTESIAN_POINT('',(-73.787,47.117));
#7446 = CARTESIAN_POINT('',(-73.787,47.776911357684));
#7447 = CARTESIAN_POINT('',(-73.2155,47.446955678842));
#7448 = CARTESIAN_POINT('',(-72.644,47.117));
#7449 = CARTESIAN_POINT('',(-73.2155,46.787044321158));
#7450 = CARTESIAN_POINT('',(-73.787,46.457088642316));
#7451 = CARTESIAN_POINT('',(-73.787,47.117));
#7452 = ( GEOMETRIC_REPRESENTATION_CONTEXT(2) 
PARAMETRIC_REPRESENTATION_CONTEXT() REPRESENTATION_CONTEXT('2D SPACE',''
  ) );
#7453 = ORIENTED_EDGE('',*,*,#7398,.F.);
#7454 = ORIENTED_EDGE('',*,*,#7455,.F.);
#7455 = EDGE_CURVE('',#7399,#7399,#7456,.T.);
#7456 = SURFACE_CURVE('',#7457,(#7462,#7469),.PCURVE_S1.);
#7457 = CIRCLE('',#7458,0.381);
#7458 = AXIS2_PLACEMENT_3D('',#7459,#7460,#7461);
#7459 = CARTESIAN_POINT('',(73.406,46.99,0.E+000));
#7460 = DIRECTION('',(0.E+000,0.E+000,1.));
#7461 = DIRECTION('',(1.,0.E+000,0.E+000));
#7462 = PCURVE('',#7409,#7463);
#7463 = DEFINITIONAL_REPRESENTATION('',(#7464),#7468);
#7464 = LINE('',#7465,#7466);
#7465 = CARTESIAN_POINT('',(0.E+000,0.E+000));
#7466 = VECTOR('',#7467,1.);
#7467 = DIRECTION('',(-1.,0.E+000));
#7468 = ( GEOMETRIC_REPRESENTATION_CONTEXT(2) 
PARAMETRIC_REPRESENTATION_CONTEXT() REPRESENTATION_CONTEXT('2D SPACE',''
  ) );
#7469 = PCURVE('',#137,#7470);
#7470 = DEFINITIONAL_REPRESENTATION('',(#7471),#7479);
#7471 = ( BOUNDED_CURVE() B_SPLINE_CURVE(2,(#7472,#7473,#7474,#7475,
#7476,#7477,#7478),.UNSPECIFIED.,.T.,.F.) B_SPLINE_CURVE_WITH_KNOTS((1,2
    ,2,2,2,1),(-2.094395102393,0.E+000,2.094395102393,4.188790204786,
6.28318530718,8.377580409573),.UNSPECIFIED.) CURVE() 
GEOMETRIC_REPRESENTATION_ITEM() RATIONAL_B_SPLINE_CURVE((1.,0.5,1.,0.5,
1.,0.5,1.)) REPRESENTATION_ITEM('') );
#7472 = CARTESIAN_POINT('',(-73.787,47.117));
#7473 = CARTESIAN_POINT('',(-73.787,47.776911357684));
#7474 = CARTESIAN_POINT('',(-73.2155,47.446955678842));
#7475 = CARTESIAN_POINT('',(-72.644,47.117));
#7476 = CARTESIAN_POINT('',(-73.2155,46.787044321158));
#7477 = CARTESIAN_POINT('',(-73.787,46.457088642316));
#7478 = CARTESIAN_POINT('',(-73.787,47.117));
#7479 = ( GEOMETRIC_REPRESENTATION_CONTEXT(2) 
PARAMETRIC_REPRESENTATION_CONTEXT() REPRESENTATION_CONTEXT('2D SPACE',''
  ) );
#7480 = ADVANCED_FACE('',(#7481),#7495,.F.);
#7481 = FACE_BOUND('',#7482,.T.);
#7482 = EDGE_LOOP('',(#7483,#7513,#7539,#7540));
#7483 = ORIENTED_EDGE('',*,*,#7484,.T.);
#7484 = EDGE_CURVE('',#7485,#7487,#7489,.T.);
#7485 = VERTEX_POINT('',#7486);
#7486 = CARTESIAN_POINT('',(73.787,44.45,0.E+000));
#7487 = VERTEX_POINT('',#7488);
#7488 = CARTESIAN_POINT('',(73.787,44.45,1.13284));
#7489 = SEAM_CURVE('',#7490,(#7494,#7506),.PCURVE_S1.);
#7490 = LINE('',#7491,#7492);
#7491 = CARTESIAN_POINT('',(73.787,44.45,0.E+000));
#7492 = VECTOR('',#7493,1.);
#7493 = DIRECTION('',(0.E+000,0.E+000,1.));
#7494 = PCURVE('',#7495,#7500);
#7495 = CYLINDRICAL_SURFACE('',#7496,0.381);
#7496 = AXIS2_PLACEMENT_3D('',#7497,#7498,#7499);
#7497 = CARTESIAN_POINT('',(73.406,44.45,0.E+000));
#7498 = DIRECTION('',(0.E+000,0.E+000,-1.));
#7499 = DIRECTION('',(1.,0.E+000,0.E+000));
#7500 = DEFINITIONAL_REPRESENTATION('',(#7501),#7505);
#7501 = LINE('',#7502,#7503);
#7502 = CARTESIAN_POINT('',(0.E+000,0.E+000));
#7503 = VECTOR('',#7504,1.);
#7504 = DIRECTION('',(0.E+000,-1.));
#7505 = ( GEOMETRIC_REPRESENTATION_CONTEXT(2) 
PARAMETRIC_REPRESENTATION_CONTEXT() REPRESENTATION_CONTEXT('2D SPACE',''
  ) );
#7506 = PCURVE('',#7495,#7507);
#7507 = DEFINITIONAL_REPRESENTATION('',(#7508),#7512);
#7508 = LINE('',#7509,#7510);
#7509 = CARTESIAN_POINT('',(-6.28318530718,0.E+000));
#7510 = VECTOR('',#7511,1.);
#7511 = DIRECTION('',(0.E+000,-1.));
#7512 = ( GEOMETRIC_REPRESENTATION_CONTEXT(2) 
PARAMETRIC_REPRESENTATION_CONTEXT() REPRESENTATION_CONTEXT('2D SPACE',''
  ) );
#7513 = ORIENTED_EDGE('',*,*,#7514,.T.);
#7514 = EDGE_CURVE('',#7487,#7487,#7515,.T.);
#7515 = SURFACE_CURVE('',#7516,(#7521,#7528),.PCURVE_S1.);
#7516 = CIRCLE('',#7517,0.381);
#7517 = AXIS2_PLACEMENT_3D('',#7518,#7519,#7520);
#7518 = CARTESIAN_POINT('',(73.406,44.45,1.13284));
#7519 = DIRECTION('',(0.E+000,0.E+000,1.));
#7520 = DIRECTION('',(1.,0.E+000,0.E+000));
#7521 = PCURVE('',#7495,#7522);
#7522 = DEFINITIONAL_REPRESENTATION('',(#7523),#7527);
#7523 = LINE('',#7524,#7525);
#7524 = CARTESIAN_POINT('',(0.E+000,-1.13284));
#7525 = VECTOR('',#7526,1.);
#7526 = DIRECTION('',(-1.,0.E+000));
#7527 = ( GEOMETRIC_REPRESENTATION_CONTEXT(2) 
PARAMETRIC_REPRESENTATION_CONTEXT() REPRESENTATION_CONTEXT('2D SPACE',''
  ) );
#7528 = PCURVE('',#83,#7529);
#7529 = DEFINITIONAL_REPRESENTATION('',(#7530),#7538);
#7530 = ( BOUNDED_CURVE() B_SPLINE_CURVE(2,(#7531,#7532,#7533,#7534,
#7535,#7536,#7537),.UNSPECIFIED.,.T.,.F.) B_SPLINE_CURVE_WITH_KNOTS((1,2
    ,2,2,2,1),(-2.094395102393,0.E+000,2.094395102393,4.188790204786,
6.28318530718,8.377580409573),.UNSPECIFIED.) CURVE() 
GEOMETRIC_REPRESENTATION_ITEM() RATIONAL_B_SPLINE_CURVE((1.,0.5,1.,0.5,
1.,0.5,1.)) REPRESENTATION_ITEM('') );
#7531 = CARTESIAN_POINT('',(-73.787,44.577));
#7532 = CARTESIAN_POINT('',(-73.787,45.236911357684));
#7533 = CARTESIAN_POINT('',(-73.2155,44.906955678842));
#7534 = CARTESIAN_POINT('',(-72.644,44.577));
#7535 = CARTESIAN_POINT('',(-73.2155,44.247044321158));
#7536 = CARTESIAN_POINT('',(-73.787,43.917088642316));
#7537 = CARTESIAN_POINT('',(-73.787,44.577));
#7538 = ( GEOMETRIC_REPRESENTATION_CONTEXT(2) 
PARAMETRIC_REPRESENTATION_CONTEXT() REPRESENTATION_CONTEXT('2D SPACE',''
  ) );
#7539 = ORIENTED_EDGE('',*,*,#7484,.F.);
#7540 = ORIENTED_EDGE('',*,*,#7541,.F.);
#7541 = EDGE_CURVE('',#7485,#7485,#7542,.T.);
#7542 = SURFACE_CURVE('',#7543,(#7548,#7555),.PCURVE_S1.);
#7543 = CIRCLE('',#7544,0.381);
#7544 = AXIS2_PLACEMENT_3D('',#7545,#7546,#7547);
#7545 = CARTESIAN_POINT('',(73.406,44.45,0.E+000));
#7546 = DIRECTION('',(0.E+000,0.E+000,1.));
#7547 = DIRECTION('',(1.,0.E+000,0.E+000));
#7548 = PCURVE('',#7495,#7549);
#7549 = DEFINITIONAL_REPRESENTATION('',(#7550),#7554);
#7550 = LINE('',#7551,#7552);
#7551 = CARTESIAN_POINT('',(0.E+000,0.E+000));
#7552 = VECTOR('',#7553,1.);
#7553 = DIRECTION('',(-1.,0.E+000));
#7554 = ( GEOMETRIC_REPRESENTATION_CONTEXT(2) 
PARAMETRIC_REPRESENTATION_CONTEXT() REPRESENTATION_CONTEXT('2D SPACE',''
  ) );
#7555 = PCURVE('',#137,#7556);
#7556 = DEFINITIONAL_REPRESENTATION('',(#7557),#7565);
#7557 = ( BOUNDED_CURVE() B_SPLINE_CURVE(2,(#7558,#7559,#7560,#7561,
#7562,#7563,#7564),.UNSPECIFIED.,.T.,.F.) B_SPLINE_CURVE_WITH_KNOTS((1,2
    ,2,2,2,1),(-2.094395102393,0.E+000,2.094395102393,4.188790204786,
6.28318530718,8.377580409573),.UNSPECIFIED.) CURVE() 
GEOMETRIC_REPRESENTATION_ITEM() RATIONAL_B_SPLINE_CURVE((1.,0.5,1.,0.5,
1.,0.5,1.)) REPRESENTATION_ITEM('') );
#7558 = CARTESIAN_POINT('',(-73.787,44.577));
#7559 = CARTESIAN_POINT('',(-73.787,45.236911357684));
#7560 = CARTESIAN_POINT('',(-73.2155,44.906955678842));
#7561 = CARTESIAN_POINT('',(-72.644,44.577));
#7562 = CARTESIAN_POINT('',(-73.2155,44.247044321158));
#7563 = CARTESIAN_POINT('',(-73.787,43.917088642316));
#7564 = CARTESIAN_POINT('',(-73.787,44.577));
#7565 = ( GEOMETRIC_REPRESENTATION_CONTEXT(2) 
PARAMETRIC_REPRESENTATION_CONTEXT() REPRESENTATION_CONTEXT('2D SPACE',''
  ) );
#7566 = ADVANCED_FACE('',(#7567,#7573,#7576,#7579,#7582,#7585,#7588,
    #7591,#7594,#7597,#7600,#7603,#7606,#7609,#7612,#7615,#7618,#7621,
    #7624,#7627,#7630,#7633,#7636,#7639,#7642,#7645,#7648,#7651,#7654,
    #7657,#7660,#7663,#7666,#7669,#7672,#7675,#7678,#7681,#7684,#7687,
    #7690,#7693,#7696,#7699,#7702,#7705,#7708,#7711,#7714,#7717,#7720,
    #7723,#7726,#7729,#7732,#7735,#7738,#7741,#7744,#7747,#7750,#7753,
    #7756,#7759,#7762,#7765,#7768,#7771,#7774,#7777,#7780,#7783,#7786,
    #7789,#7792,#7795,#7798,#7801,#7804,#7807,#7810,#7813,#7816,#7819,
    #7822),#137,.T.);
#7567 = FACE_BOUND('',#7568,.F.);
#7568 = EDGE_LOOP('',(#7569,#7570,#7571,#7572));
#7569 = ORIENTED_EDGE('',*,*,#123,.T.);
#7570 = ORIENTED_EDGE('',*,*,#204,.T.);
#7571 = ORIENTED_EDGE('',*,*,#275,.T.);
#7572 = ORIENTED_EDGE('',*,*,#322,.T.);
#7573 = FACE_BOUND('',#7574,.T.);
#7574 = EDGE_LOOP('',(#7575));
#7575 = ORIENTED_EDGE('',*,*,#403,.T.);
#7576 = FACE_BOUND('',#7577,.T.);
#7577 = EDGE_LOOP('',(#7578));
#7578 = ORIENTED_EDGE('',*,*,#489,.T.);
#7579 = FACE_BOUND('',#7580,.T.);
#7580 = EDGE_LOOP('',(#7581));
#7581 = ORIENTED_EDGE('',*,*,#575,.T.);
#7582 = FACE_BOUND('',#7583,.T.);
#7583 = EDGE_LOOP('',(#7584));
#7584 = ORIENTED_EDGE('',*,*,#661,.T.);
#7585 = FACE_BOUND('',#7586,.T.);
#7586 = EDGE_LOOP('',(#7587));
#7587 = ORIENTED_EDGE('',*,*,#747,.T.);
#7588 = FACE_BOUND('',#7589,.T.);
#7589 = EDGE_LOOP('',(#7590));
#7590 = ORIENTED_EDGE('',*,*,#833,.T.);
#7591 = FACE_BOUND('',#7592,.T.);
#7592 = EDGE_LOOP('',(#7593));
#7593 = ORIENTED_EDGE('',*,*,#919,.T.);
#7594 = FACE_BOUND('',#7595,.T.);
#7595 = EDGE_LOOP('',(#7596));
#7596 = ORIENTED_EDGE('',*,*,#1005,.T.);
#7597 = FACE_BOUND('',#7598,.T.);
#7598 = EDGE_LOOP('',(#7599));
#7599 = ORIENTED_EDGE('',*,*,#1091,.T.);
#7600 = FACE_BOUND('',#7601,.T.);
#7601 = EDGE_LOOP('',(#7602));
#7602 = ORIENTED_EDGE('',*,*,#1177,.T.);
#7603 = FACE_BOUND('',#7604,.T.);
#7604 = EDGE_LOOP('',(#7605));
#7605 = ORIENTED_EDGE('',*,*,#1263,.T.);
#7606 = FACE_BOUND('',#7607,.T.);
#7607 = EDGE_LOOP('',(#7608));
#7608 = ORIENTED_EDGE('',*,*,#1349,.T.);
#7609 = FACE_BOUND('',#7610,.T.);
#7610 = EDGE_LOOP('',(#7611));
#7611 = ORIENTED_EDGE('',*,*,#1435,.T.);
#7612 = FACE_BOUND('',#7613,.T.);
#7613 = EDGE_LOOP('',(#7614));
#7614 = ORIENTED_EDGE('',*,*,#1521,.T.);
#7615 = FACE_BOUND('',#7616,.T.);
#7616 = EDGE_LOOP('',(#7617));
#7617 = ORIENTED_EDGE('',*,*,#1607,.T.);
#7618 = FACE_BOUND('',#7619,.T.);
#7619 = EDGE_LOOP('',(#7620));
#7620 = ORIENTED_EDGE('',*,*,#1693,.T.);
#7621 = FACE_BOUND('',#7622,.T.);
#7622 = EDGE_LOOP('',(#7623));
#7623 = ORIENTED_EDGE('',*,*,#1779,.T.);
#7624 = FACE_BOUND('',#7625,.T.);
#7625 = EDGE_LOOP('',(#7626));
#7626 = ORIENTED_EDGE('',*,*,#1865,.T.);
#7627 = FACE_BOUND('',#7628,.T.);
#7628 = EDGE_LOOP('',(#7629));
#7629 = ORIENTED_EDGE('',*,*,#1951,.T.);
#7630 = FACE_BOUND('',#7631,.T.);
#7631 = EDGE_LOOP('',(#7632));
#7632 = ORIENTED_EDGE('',*,*,#2037,.T.);
#7633 = FACE_BOUND('',#7634,.T.);
#7634 = EDGE_LOOP('',(#7635));
#7635 = ORIENTED_EDGE('',*,*,#2123,.T.);
#7636 = FACE_BOUND('',#7637,.T.);
#7637 = EDGE_LOOP('',(#7638));
#7638 = ORIENTED_EDGE('',*,*,#2209,.T.);
#7639 = FACE_BOUND('',#7640,.T.);
#7640 = EDGE_LOOP('',(#7641));
#7641 = ORIENTED_EDGE('',*,*,#2295,.T.);
#7642 = FACE_BOUND('',#7643,.T.);
#7643 = EDGE_LOOP('',(#7644));
#7644 = ORIENTED_EDGE('',*,*,#2381,.T.);
#7645 = FACE_BOUND('',#7646,.T.);
#7646 = EDGE_LOOP('',(#7647));
#7647 = ORIENTED_EDGE('',*,*,#2467,.T.);
#7648 = FACE_BOUND('',#7649,.T.);
#7649 = EDGE_LOOP('',(#7650));
#7650 = ORIENTED_EDGE('',*,*,#2553,.T.);
#7651 = FACE_BOUND('',#7652,.T.);
#7652 = EDGE_LOOP('',(#7653));
#7653 = ORIENTED_EDGE('',*,*,#2639,.T.);
#7654 = FACE_BOUND('',#7655,.T.);
#7655 = EDGE_LOOP('',(#7656));
#7656 = ORIENTED_EDGE('',*,*,#2725,.T.);
#7657 = FACE_BOUND('',#7658,.T.);
#7658 = EDGE_LOOP('',(#7659));
#7659 = ORIENTED_EDGE('',*,*,#2811,.T.);
#7660 = FACE_BOUND('',#7661,.T.);
#7661 = EDGE_LOOP('',(#7662));
#7662 = ORIENTED_EDGE('',*,*,#2897,.T.);
#7663 = FACE_BOUND('',#7664,.T.);
#7664 = EDGE_LOOP('',(#7665));
#7665 = ORIENTED_EDGE('',*,*,#2983,.T.);
#7666 = FACE_BOUND('',#7667,.T.);
#7667 = EDGE_LOOP('',(#7668));
#7668 = ORIENTED_EDGE('',*,*,#3069,.T.);
#7669 = FACE_BOUND('',#7670,.T.);
#7670 = EDGE_LOOP('',(#7671));
#7671 = ORIENTED_EDGE('',*,*,#3155,.T.);
#7672 = FACE_BOUND('',#7673,.T.);
#7673 = EDGE_LOOP('',(#7674));
#7674 = ORIENTED_EDGE('',*,*,#3241,.T.);
#7675 = FACE_BOUND('',#7676,.T.);
#7676 = EDGE_LOOP('',(#7677));
#7677 = ORIENTED_EDGE('',*,*,#3327,.T.);
#7678 = FACE_BOUND('',#7679,.T.);
#7679 = EDGE_LOOP('',(#7680));
#7680 = ORIENTED_EDGE('',*,*,#3413,.T.);
#7681 = FACE_BOUND('',#7682,.T.);
#7682 = EDGE_LOOP('',(#7683));
#7683 = ORIENTED_EDGE('',*,*,#3499,.T.);
#7684 = FACE_BOUND('',#7685,.T.);
#7685 = EDGE_LOOP('',(#7686));
#7686 = ORIENTED_EDGE('',*,*,#3585,.T.);
#7687 = FACE_BOUND('',#7688,.T.);
#7688 = EDGE_LOOP('',(#7689));
#7689 = ORIENTED_EDGE('',*,*,#3671,.T.);
#7690 = FACE_BOUND('',#7691,.T.);
#7691 = EDGE_LOOP('',(#7692));
#7692 = ORIENTED_EDGE('',*,*,#3757,.T.);
#7693 = FACE_BOUND('',#7694,.T.);
#7694 = EDGE_LOOP('',(#7695));
#7695 = ORIENTED_EDGE('',*,*,#3843,.T.);
#7696 = FACE_BOUND('',#7697,.T.);
#7697 = EDGE_LOOP('',(#7698));
#7698 = ORIENTED_EDGE('',*,*,#3929,.T.);
#7699 = FACE_BOUND('',#7700,.T.);
#7700 = EDGE_LOOP('',(#7701));
#7701 = ORIENTED_EDGE('',*,*,#4015,.T.);
#7702 = FACE_BOUND('',#7703,.T.);
#7703 = EDGE_LOOP('',(#7704));
#7704 = ORIENTED_EDGE('',*,*,#4101,.T.);
#7705 = FACE_BOUND('',#7706,.T.);
#7706 = EDGE_LOOP('',(#7707));
#7707 = ORIENTED_EDGE('',*,*,#4187,.T.);
#7708 = FACE_BOUND('',#7709,.T.);
#7709 = EDGE_LOOP('',(#7710));
#7710 = ORIENTED_EDGE('',*,*,#4273,.T.);
#7711 = FACE_BOUND('',#7712,.T.);
#7712 = EDGE_LOOP('',(#7713));
#7713 = ORIENTED_EDGE('',*,*,#4359,.T.);
#7714 = FACE_BOUND('',#7715,.T.);
#7715 = EDGE_LOOP('',(#7716));
#7716 = ORIENTED_EDGE('',*,*,#4445,.T.);
#7717 = FACE_BOUND('',#7718,.T.);
#7718 = EDGE_LOOP('',(#7719));
#7719 = ORIENTED_EDGE('',*,*,#4531,.T.);
#7720 = FACE_BOUND('',#7721,.T.);
#7721 = EDGE_LOOP('',(#7722));
#7722 = ORIENTED_EDGE('',*,*,#4617,.T.);
#7723 = FACE_BOUND('',#7724,.T.);
#7724 = EDGE_LOOP('',(#7725));
#7725 = ORIENTED_EDGE('',*,*,#4703,.T.);
#7726 = FACE_BOUND('',#7727,.T.);
#7727 = EDGE_LOOP('',(#7728));
#7728 = ORIENTED_EDGE('',*,*,#4789,.T.);
#7729 = FACE_BOUND('',#7730,.T.);
#7730 = EDGE_LOOP('',(#7731));
#7731 = ORIENTED_EDGE('',*,*,#4875,.T.);
#7732 = FACE_BOUND('',#7733,.T.);
#7733 = EDGE_LOOP('',(#7734));
#7734 = ORIENTED_EDGE('',*,*,#4961,.T.);
#7735 = FACE_BOUND('',#7736,.T.);
#7736 = EDGE_LOOP('',(#7737));
#7737 = ORIENTED_EDGE('',*,*,#5047,.T.);
#7738 = FACE_BOUND('',#7739,.T.);
#7739 = EDGE_LOOP('',(#7740));
#7740 = ORIENTED_EDGE('',*,*,#5133,.T.);
#7741 = FACE_BOUND('',#7742,.T.);
#7742 = EDGE_LOOP('',(#7743));
#7743 = ORIENTED_EDGE('',*,*,#5219,.T.);
#7744 = FACE_BOUND('',#7745,.T.);
#7745 = EDGE_LOOP('',(#7746));
#7746 = ORIENTED_EDGE('',*,*,#5305,.T.);
#7747 = FACE_BOUND('',#7748,.T.);
#7748 = EDGE_LOOP('',(#7749));
#7749 = ORIENTED_EDGE('',*,*,#5391,.T.);
#7750 = FACE_BOUND('',#7751,.T.);
#7751 = EDGE_LOOP('',(#7752));
#7752 = ORIENTED_EDGE('',*,*,#5477,.T.);
#7753 = FACE_BOUND('',#7754,.T.);
#7754 = EDGE_LOOP('',(#7755));
#7755 = ORIENTED_EDGE('',*,*,#5563,.T.);
#7756 = FACE_BOUND('',#7757,.T.);
#7757 = EDGE_LOOP('',(#7758));
#7758 = ORIENTED_EDGE('',*,*,#5649,.T.);
#7759 = FACE_BOUND('',#7760,.T.);
#7760 = EDGE_LOOP('',(#7761));
#7761 = ORIENTED_EDGE('',*,*,#5735,.T.);
#7762 = FACE_BOUND('',#7763,.T.);
#7763 = EDGE_LOOP('',(#7764));
#7764 = ORIENTED_EDGE('',*,*,#5821,.T.);
#7765 = FACE_BOUND('',#7766,.T.);
#7766 = EDGE_LOOP('',(#7767));
#7767 = ORIENTED_EDGE('',*,*,#5907,.T.);
#7768 = FACE_BOUND('',#7769,.T.);
#7769 = EDGE_LOOP('',(#7770));
#7770 = ORIENTED_EDGE('',*,*,#5993,.T.);
#7771 = FACE_BOUND('',#7772,.T.);
#7772 = EDGE_LOOP('',(#7773));
#7773 = ORIENTED_EDGE('',*,*,#6079,.T.);
#7774 = FACE_BOUND('',#7775,.T.);
#7775 = EDGE_LOOP('',(#7776));
#7776 = ORIENTED_EDGE('',*,*,#6165,.T.);
#7777 = FACE_BOUND('',#7778,.T.);
#7778 = EDGE_LOOP('',(#7779));
#7779 = ORIENTED_EDGE('',*,*,#6251,.T.);
#7780 = FACE_BOUND('',#7781,.T.);
#7781 = EDGE_LOOP('',(#7782));
#7782 = ORIENTED_EDGE('',*,*,#6337,.T.);
#7783 = FACE_BOUND('',#7784,.T.);
#7784 = EDGE_LOOP('',(#7785));
#7785 = ORIENTED_EDGE('',*,*,#6423,.T.);
#7786 = FACE_BOUND('',#7787,.T.);
#7787 = EDGE_LOOP('',(#7788));
#7788 = ORIENTED_EDGE('',*,*,#6509,.T.);
#7789 = FACE_BOUND('',#7790,.T.);
#7790 = EDGE_LOOP('',(#7791));
#7791 = ORIENTED_EDGE('',*,*,#6595,.T.);
#7792 = FACE_BOUND('',#7793,.T.);
#7793 = EDGE_LOOP('',(#7794));
#7794 = ORIENTED_EDGE('',*,*,#6681,.T.);
#7795 = FACE_BOUND('',#7796,.T.);
#7796 = EDGE_LOOP('',(#7797));
#7797 = ORIENTED_EDGE('',*,*,#6767,.T.);
#7798 = FACE_BOUND('',#7799,.T.);
#7799 = EDGE_LOOP('',(#7800));
#7800 = ORIENTED_EDGE('',*,*,#6853,.T.);
#7801 = FACE_BOUND('',#7802,.T.);
#7802 = EDGE_LOOP('',(#7803));
#7803 = ORIENTED_EDGE('',*,*,#6939,.T.);
#7804 = FACE_BOUND('',#7805,.T.);
#7805 = EDGE_LOOP('',(#7806));
#7806 = ORIENTED_EDGE('',*,*,#7025,.T.);
#7807 = FACE_BOUND('',#7808,.T.);
#7808 = EDGE_LOOP('',(#7809));
#7809 = ORIENTED_EDGE('',*,*,#7111,.T.);
#7810 = FACE_BOUND('',#7811,.T.);
#7811 = EDGE_LOOP('',(#7812));
#7812 = ORIENTED_EDGE('',*,*,#7197,.T.);
#7813 = FACE_BOUND('',#7814,.T.);
#7814 = EDGE_LOOP('',(#7815));
#7815 = ORIENTED_EDGE('',*,*,#7283,.T.);
#7816 = FACE_BOUND('',#7817,.T.);
#7817 = EDGE_LOOP('',(#7818));
#7818 = ORIENTED_EDGE('',*,*,#7369,.T.);
#7819 = FACE_BOUND('',#7820,.T.);
#7820 = EDGE_LOOP('',(#7821));
#7821 = ORIENTED_EDGE('',*,*,#7455,.T.);
#7822 = FACE_BOUND('',#7823,.T.);
#7823 = EDGE_LOOP('',(#7824));
#7824 = ORIENTED_EDGE('',*,*,#7541,.T.);
#7825 = ADVANCED_FACE('',(#7826,#7832,#7835,#7838,#7841,#7844,#7847,
    #7850,#7853,#7856,#7859,#7862,#7865,#7868,#7871,#7874,#7877,#7880,
    #7883,#7886,#7889,#7892,#7895,#7898,#7901,#7904,#7907,#7910,#7913,
    #7916,#7919,#7922,#7925,#7928,#7931,#7934,#7937,#7940,#7943,#7946,
    #7949,#7952,#7955,#7958,#7961,#7964,#7967,#7970,#7973,#7976,#7979,
    #7982,#7985,#7988,#7991,#7994,#7997,#8000,#8003,#8006,#8009,#8012,
    #8015,#8018,#8021,#8024,#8027,#8030,#8033,#8036,#8039,#8042,#8045,
    #8048,#8051,#8054,#8057,#8060,#8063,#8066,#8069,#8072,#8075,#8078,
    #8081),#83,.F.);
#7826 = FACE_BOUND('',#7827,.T.);
#7827 = EDGE_LOOP('',(#7828,#7829,#7830,#7831));
#7828 = ORIENTED_EDGE('',*,*,#67,.T.);
#7829 = ORIENTED_EDGE('',*,*,#153,.T.);
#7830 = ORIENTED_EDGE('',*,*,#229,.T.);
#7831 = ORIENTED_EDGE('',*,*,#300,.T.);
#7832 = FACE_BOUND('',#7833,.F.);
#7833 = EDGE_LOOP('',(#7834));
#7834 = ORIENTED_EDGE('',*,*,#376,.T.);
#7835 = FACE_BOUND('',#7836,.F.);
#7836 = EDGE_LOOP('',(#7837));
#7837 = ORIENTED_EDGE('',*,*,#462,.T.);
#7838 = FACE_BOUND('',#7839,.F.);
#7839 = EDGE_LOOP('',(#7840));
#7840 = ORIENTED_EDGE('',*,*,#548,.T.);
#7841 = FACE_BOUND('',#7842,.F.);
#7842 = EDGE_LOOP('',(#7843));
#7843 = ORIENTED_EDGE('',*,*,#634,.T.);
#7844 = FACE_BOUND('',#7845,.F.);
#7845 = EDGE_LOOP('',(#7846));
#7846 = ORIENTED_EDGE('',*,*,#720,.T.);
#7847 = FACE_BOUND('',#7848,.F.);
#7848 = EDGE_LOOP('',(#7849));
#7849 = ORIENTED_EDGE('',*,*,#806,.T.);
#7850 = FACE_BOUND('',#7851,.F.);
#7851 = EDGE_LOOP('',(#7852));
#7852 = ORIENTED_EDGE('',*,*,#892,.T.);
#7853 = FACE_BOUND('',#7854,.F.);
#7854 = EDGE_LOOP('',(#7855));
#7855 = ORIENTED_EDGE('',*,*,#978,.T.);
#7856 = FACE_BOUND('',#7857,.F.);
#7857 = EDGE_LOOP('',(#7858));
#7858 = ORIENTED_EDGE('',*,*,#1064,.T.);
#7859 = FACE_BOUND('',#7860,.F.);
#7860 = EDGE_LOOP('',(#7861));
#7861 = ORIENTED_EDGE('',*,*,#1150,.T.);
#7862 = FACE_BOUND('',#7863,.F.);
#7863 = EDGE_LOOP('',(#7864));
#7864 = ORIENTED_EDGE('',*,*,#1236,.T.);
#7865 = FACE_BOUND('',#7866,.F.);
#7866 = EDGE_LOOP('',(#7867));
#7867 = ORIENTED_EDGE('',*,*,#1322,.T.);
#7868 = FACE_BOUND('',#7869,.F.);
#7869 = EDGE_LOOP('',(#7870));
#7870 = ORIENTED_EDGE('',*,*,#1408,.T.);
#7871 = FACE_BOUND('',#7872,.F.);
#7872 = EDGE_LOOP('',(#7873));
#7873 = ORIENTED_EDGE('',*,*,#1494,.T.);
#7874 = FACE_BOUND('',#7875,.F.);
#7875 = EDGE_LOOP('',(#7876));
#7876 = ORIENTED_EDGE('',*,*,#1580,.T.);
#7877 = FACE_BOUND('',#7878,.F.);
#7878 = EDGE_LOOP('',(#7879));
#7879 = ORIENTED_EDGE('',*,*,#1666,.T.);
#7880 = FACE_BOUND('',#7881,.F.);
#7881 = EDGE_LOOP('',(#7882));
#7882 = ORIENTED_EDGE('',*,*,#1752,.T.);
#7883 = FACE_BOUND('',#7884,.F.);
#7884 = EDGE_LOOP('',(#7885));
#7885 = ORIENTED_EDGE('',*,*,#1838,.T.);
#7886 = FACE_BOUND('',#7887,.F.);
#7887 = EDGE_LOOP('',(#7888));
#7888 = ORIENTED_EDGE('',*,*,#1924,.T.);
#7889 = FACE_BOUND('',#7890,.F.);
#7890 = EDGE_LOOP('',(#7891));
#7891 = ORIENTED_EDGE('',*,*,#2010,.T.);
#7892 = FACE_BOUND('',#7893,.F.);
#7893 = EDGE_LOOP('',(#7894));
#7894 = ORIENTED_EDGE('',*,*,#2096,.T.);
#7895 = FACE_BOUND('',#7896,.F.);
#7896 = EDGE_LOOP('',(#7897));
#7897 = ORIENTED_EDGE('',*,*,#2182,.T.);
#7898 = FACE_BOUND('',#7899,.F.);
#7899 = EDGE_LOOP('',(#7900));
#7900 = ORIENTED_EDGE('',*,*,#2268,.T.);
#7901 = FACE_BOUND('',#7902,.F.);
#7902 = EDGE_LOOP('',(#7903));
#7903 = ORIENTED_EDGE('',*,*,#2354,.T.);
#7904 = FACE_BOUND('',#7905,.F.);
#7905 = EDGE_LOOP('',(#7906));
#7906 = ORIENTED_EDGE('',*,*,#2440,.T.);
#7907 = FACE_BOUND('',#7908,.F.);
#7908 = EDGE_LOOP('',(#7909));
#7909 = ORIENTED_EDGE('',*,*,#2526,.T.);
#7910 = FACE_BOUND('',#7911,.F.);
#7911 = EDGE_LOOP('',(#7912));
#7912 = ORIENTED_EDGE('',*,*,#2612,.T.);
#7913 = FACE_BOUND('',#7914,.F.);
#7914 = EDGE_LOOP('',(#7915));
#7915 = ORIENTED_EDGE('',*,*,#2698,.T.);
#7916 = FACE_BOUND('',#7917,.F.);
#7917 = EDGE_LOOP('',(#7918));
#7918 = ORIENTED_EDGE('',*,*,#2784,.T.);
#7919 = FACE_BOUND('',#7920,.F.);
#7920 = EDGE_LOOP('',(#7921));
#7921 = ORIENTED_EDGE('',*,*,#2870,.T.);
#7922 = FACE_BOUND('',#7923,.F.);
#7923 = EDGE_LOOP('',(#7924));
#7924 = ORIENTED_EDGE('',*,*,#2956,.T.);
#7925 = FACE_BOUND('',#7926,.F.);
#7926 = EDGE_LOOP('',(#7927));
#7927 = ORIENTED_EDGE('',*,*,#3042,.T.);
#7928 = FACE_BOUND('',#7929,.F.);
#7929 = EDGE_LOOP('',(#7930));
#7930 = ORIENTED_EDGE('',*,*,#3128,.T.);
#7931 = FACE_BOUND('',#7932,.F.);
#7932 = EDGE_LOOP('',(#7933));
#7933 = ORIENTED_EDGE('',*,*,#3214,.T.);
#7934 = FACE_BOUND('',#7935,.F.);
#7935 = EDGE_LOOP('',(#7936));
#7936 = ORIENTED_EDGE('',*,*,#3300,.T.);
#7937 = FACE_BOUND('',#7938,.F.);
#7938 = EDGE_LOOP('',(#7939));
#7939 = ORIENTED_EDGE('',*,*,#3386,.T.);
#7940 = FACE_BOUND('',#7941,.F.);
#7941 = EDGE_LOOP('',(#7942));
#7942 = ORIENTED_EDGE('',*,*,#3472,.T.);
#7943 = FACE_BOUND('',#7944,.F.);
#7944 = EDGE_LOOP('',(#7945));
#7945 = ORIENTED_EDGE('',*,*,#3558,.T.);
#7946 = FACE_BOUND('',#7947,.F.);
#7947 = EDGE_LOOP('',(#7948));
#7948 = ORIENTED_EDGE('',*,*,#3644,.T.);
#7949 = FACE_BOUND('',#7950,.F.);
#7950 = EDGE_LOOP('',(#7951));
#7951 = ORIENTED_EDGE('',*,*,#3730,.T.);
#7952 = FACE_BOUND('',#7953,.F.);
#7953 = EDGE_LOOP('',(#7954));
#7954 = ORIENTED_EDGE('',*,*,#3816,.T.);
#7955 = FACE_BOUND('',#7956,.F.);
#7956 = EDGE_LOOP('',(#7957));
#7957 = ORIENTED_EDGE('',*,*,#3902,.T.);
#7958 = FACE_BOUND('',#7959,.F.);
#7959 = EDGE_LOOP('',(#7960));
#7960 = ORIENTED_EDGE('',*,*,#3988,.T.);
#7961 = FACE_BOUND('',#7962,.F.);
#7962 = EDGE_LOOP('',(#7963));
#7963 = ORIENTED_EDGE('',*,*,#4074,.T.);
#7964 = FACE_BOUND('',#7965,.F.);
#7965 = EDGE_LOOP('',(#7966));
#7966 = ORIENTED_EDGE('',*,*,#4160,.T.);
#7967 = FACE_BOUND('',#7968,.F.);
#7968 = EDGE_LOOP('',(#7969));
#7969 = ORIENTED_EDGE('',*,*,#4246,.T.);
#7970 = FACE_BOUND('',#7971,.F.);
#7971 = EDGE_LOOP('',(#7972));
#7972 = ORIENTED_EDGE('',*,*,#4332,.T.);
#7973 = FACE_BOUND('',#7974,.F.);
#7974 = EDGE_LOOP('',(#7975));
#7975 = ORIENTED_EDGE('',*,*,#4418,.T.);
#7976 = FACE_BOUND('',#7977,.F.);
#7977 = EDGE_LOOP('',(#7978));
#7978 = ORIENTED_EDGE('',*,*,#4504,.T.);
#7979 = FACE_BOUND('',#7980,.F.);
#7980 = EDGE_LOOP('',(#7981));
#7981 = ORIENTED_EDGE('',*,*,#4590,.T.);
#7982 = FACE_BOUND('',#7983,.F.);
#7983 = EDGE_LOOP('',(#7984));
#7984 = ORIENTED_EDGE('',*,*,#4676,.T.);
#7985 = FACE_BOUND('',#7986,.F.);
#7986 = EDGE_LOOP('',(#7987));
#7987 = ORIENTED_EDGE('',*,*,#4762,.T.);
#7988 = FACE_BOUND('',#7989,.F.);
#7989 = EDGE_LOOP('',(#7990));
#7990 = ORIENTED_EDGE('',*,*,#4848,.T.);
#7991 = FACE_BOUND('',#7992,.F.);
#7992 = EDGE_LOOP('',(#7993));
#7993 = ORIENTED_EDGE('',*,*,#4934,.T.);
#7994 = FACE_BOUND('',#7995,.F.);
#7995 = EDGE_LOOP('',(#7996));
#7996 = ORIENTED_EDGE('',*,*,#5020,.T.);
#7997 = FACE_BOUND('',#7998,.F.);
#7998 = EDGE_LOOP('',(#7999));
#7999 = ORIENTED_EDGE('',*,*,#5106,.T.);
#8000 = FACE_BOUND('',#8001,.F.);
#8001 = EDGE_LOOP('',(#8002));
#8002 = ORIENTED_EDGE('',*,*,#5192,.T.);
#8003 = FACE_BOUND('',#8004,.F.);
#8004 = EDGE_LOOP('',(#8005));
#8005 = ORIENTED_EDGE('',*,*,#5278,.T.);
#8006 = FACE_BOUND('',#8007,.F.);
#8007 = EDGE_LOOP('',(#8008));
#8008 = ORIENTED_EDGE('',*,*,#5364,.T.);
#8009 = FACE_BOUND('',#8010,.F.);
#8010 = EDGE_LOOP('',(#8011));
#8011 = ORIENTED_EDGE('',*,*,#5450,.T.);
#8012 = FACE_BOUND('',#8013,.F.);
#8013 = EDGE_LOOP('',(#8014));
#8014 = ORIENTED_EDGE('',*,*,#5536,.T.);
#8015 = FACE_BOUND('',#8016,.F.);
#8016 = EDGE_LOOP('',(#8017));
#8017 = ORIENTED_EDGE('',*,*,#5622,.T.);
#8018 = FACE_BOUND('',#8019,.F.);
#8019 = EDGE_LOOP('',(#8020));
#8020 = ORIENTED_EDGE('',*,*,#5708,.T.);
#8021 = FACE_BOUND('',#8022,.F.);
#8022 = EDGE_LOOP('',(#8023));
#8023 = ORIENTED_EDGE('',*,*,#5794,.T.);
#8024 = FACE_BOUND('',#8025,.F.);
#8025 = EDGE_LOOP('',(#8026));
#8026 = ORIENTED_EDGE('',*,*,#5880,.T.);
#8027 = FACE_BOUND('',#8028,.F.);
#8028 = EDGE_LOOP('',(#8029));
#8029 = ORIENTED_EDGE('',*,*,#5966,.T.);
#8030 = FACE_BOUND('',#8031,.F.);
#8031 = EDGE_LOOP('',(#8032));
#8032 = ORIENTED_EDGE('',*,*,#6052,.T.);
#8033 = FACE_BOUND('',#8034,.F.);
#8034 = EDGE_LOOP('',(#8035));
#8035 = ORIENTED_EDGE('',*,*,#6138,.T.);
#8036 = FACE_BOUND('',#8037,.F.);
#8037 = EDGE_LOOP('',(#8038));
#8038 = ORIENTED_EDGE('',*,*,#6224,.T.);
#8039 = FACE_BOUND('',#8040,.F.);
#8040 = EDGE_LOOP('',(#8041));
#8041 = ORIENTED_EDGE('',*,*,#6310,.T.);
#8042 = FACE_BOUND('',#8043,.F.);
#8043 = EDGE_LOOP('',(#8044));
#8044 = ORIENTED_EDGE('',*,*,#6396,.T.);
#8045 = FACE_BOUND('',#8046,.F.);
#8046 = EDGE_LOOP('',(#8047));
#8047 = ORIENTED_EDGE('',*,*,#6482,.T.);
#8048 = FACE_BOUND('',#8049,.F.);
#8049 = EDGE_LOOP('',(#8050));
#8050 = ORIENTED_EDGE('',*,*,#6568,.T.);
#8051 = FACE_BOUND('',#8052,.F.);
#8052 = EDGE_LOOP('',(#8053));
#8053 = ORIENTED_EDGE('',*,*,#6654,.T.);
#8054 = FACE_BOUND('',#8055,.F.);
#8055 = EDGE_LOOP('',(#8056));
#8056 = ORIENTED_EDGE('',*,*,#6740,.T.);
#8057 = FACE_BOUND('',#8058,.F.);
#8058 = EDGE_LOOP('',(#8059));
#8059 = ORIENTED_EDGE('',*,*,#6826,.T.);
#8060 = FACE_BOUND('',#8061,.F.);
#8061 = EDGE_LOOP('',(#8062));
#8062 = ORIENTED_EDGE('',*,*,#6912,.T.);
#8063 = FACE_BOUND('',#8064,.F.);
#8064 = EDGE_LOOP('',(#8065));
#8065 = ORIENTED_EDGE('',*,*,#6998,.T.);
#8066 = FACE_BOUND('',#8067,.F.);
#8067 = EDGE_LOOP('',(#8068));
#8068 = ORIENTED_EDGE('',*,*,#7084,.T.);
#8069 = FACE_BOUND('',#8070,.F.);
#8070 = EDGE_LOOP('',(#8071));
#8071 = ORIENTED_EDGE('',*,*,#7170,.T.);
#8072 = FACE_BOUND('',#8073,.F.);
#8073 = EDGE_LOOP('',(#8074));
#8074 = ORIENTED_EDGE('',*,*,#7256,.T.);
#8075 = FACE_BOUND('',#8076,.F.);
#8076 = EDGE_LOOP('',(#8077));
#8077 = ORIENTED_EDGE('',*,*,#7342,.T.);
#8078 = FACE_BOUND('',#8079,.F.);
#8079 = EDGE_LOOP('',(#8080));
#8080 = ORIENTED_EDGE('',*,*,#7428,.T.);
#8081 = FACE_BOUND('',#8082,.F.);
#8082 = EDGE_LOOP('',(#8083));
#8083 = ORIENTED_EDGE('',*,*,#7514,.T.);
#8084 = ( GEOMETRIC_REPRESENTATION_CONTEXT(3) 
GLOBAL_UNCERTAINTY_ASSIGNED_CONTEXT((#8088)) 
GLOBAL_UNIT_ASSIGNED_CONTEXT((#8085,#8086,#8087)) REPRESENTATION_CONTEXT
('Context #1','3D Context with UNIT and UNCERTAINTY') );
#8085 = ( LENGTH_UNIT() NAMED_UNIT(*) SI_UNIT(.MILLI.,.METRE.) );
#8086 = ( NAMED_UNIT(*) PLANE_ANGLE_UNIT() SI_UNIT($,.RADIAN.) );
#8087 = ( NAMED_UNIT(*) SI_UNIT($,.STERADIAN.) SOLID_ANGLE_UNIT() );
#8088 = UNCERTAINTY_MEASURE_WITH_UNIT(LENGTH_MEASURE(1.E-007),#8085,
  'distance_accuracy_value','confusion accuracy');
#8089 = SHAPE_DEFINITION_REPRESENTATION(#8090,#25);
#8090 = PRODUCT_DEFINITION_SHAPE('','',#8091);
#8091 = PRODUCT_DEFINITION('design','',#8092,#8095);
#8092 = PRODUCT_DEFINITION_FORMATION('','',#8093);
#8093 = PRODUCT('Board','Board','',(#8094));
#8094 = MECHANICAL_CONTEXT('',#2,'mechanical');
#8095 = PRODUCT_DEFINITION_CONTEXT('part definition',#2,'design');
#8096 = CONTEXT_DEPENDENT_SHAPE_REPRESENTATION(#8097,#8099);
#8097 = ( REPRESENTATION_RELATIONSHIP('','',#25,#10) 
REPRESENTATION_RELATIONSHIP_WITH_TRANSFORMATION(#8098) 
SHAPE_REPRESENTATION_RELATIONSHIP() );
#8098 = ITEM_DEFINED_TRANSFORMATION('','',#11,#15);
#8099 = PRODUCT_DEFINITION_SHAPE('Placement','Placement of an item',
  #8100);
#8100 = NEXT_ASSEMBLY_USAGE_OCCURRENCE('1','=>[0:1:1:2]','',#5,#8091,$);
#8101 = PRODUCT_TYPE('part',$,(#8093));
#8102 = MECHANICAL_DESIGN_GEOMETRIC_PRESENTATION_REPRESENTATION('',(
    #8103),#8084);
#8103 = STYLED_ITEM('color',(#8104),#26);
#8104 = PRESENTATION_STYLE_ASSIGNMENT((#8105,#8111));
#8105 = SURFACE_STYLE_USAGE(.BOTH.,#8106);
#8106 = SURFACE_SIDE_STYLE('',(#8107));
#8107 = SURFACE_STYLE_FILL_AREA(#8108);
#8108 = FILL_AREA_STYLE('',(#8109));
#8109 = FILL_AREA_STYLE_COLOUR('',#8110);
#8110 = COLOUR_RGB('',0.E+000,0.501960813999,0.E+000);
#8111 = CURVE_STYLE('',#8112,POSITIVE_LENGTH_MEASURE(0.1),#8110);
#8112 = DRAUGHTING_PRE_DEFINED_CURVE_FONT('continuous');
ENDSEC;
END-ISO-10303-21;
